clean_text,label
really bad movie story simple predictable poor acting complementthis vampire hunter story worst seen far derek bliss jon bon jovi travel mexico search blood sucker use interesting weapon nothing compared blade part van helsig vampire hunter net ok work alone he assigned pursuit powerful vampire queen searching black crucifix perform ritual enable invulnerable sunlight almost sequel vampire directed john carpenter starred james wood derek start quest search queen new friend sancho diego luna really bad acting also teenager without experience father rodrigo cristian de la fuente catholic priest zoey natasha wagner particular vampire ray collins darius mccrary another expert vampire hunter obviously adventure isnt aloneyou start feeling movie would looking lead actor jon bon jovi huge difference acting quality compared james wood watch film dont recommend part get involved one simplest story totally predictable terrible acting performance really bad special effect incoherent eventsi deeply recommend see film rent another movie see another channel go friend etc,neutral
possibly stupidest tasteless violent slapstick comedy ever made guest house also funny one dont listen critic sense humour climax run steam vomit still funny party movie seven candle eye ten,biased
im writing note chess player well movie viewer watched kasparovdeep blue game internet know something issue raised chess player come along want know whether movie worth seeingbuying im talking largely however ill try ignore arent chessthis movie match garry kasparov custombuilt computer deep blue however first image see movie kasparov computer turk automaton built europe turn thth century played winning chess comer put word automaton quote everyone know fake man inside itif dont like seeing turk wont able stand movie turk much screen time kasparov maybe modern footage bw footage old movie reappearance turk every second underscore kasparov charge deep blue human assistance degree fake computer ibm cheated man inside working behind scene help win kasparov believe filmmaker seem believe really much movie chess game programming chess computer propaganda piece big corporation supposedly misusing helpless grandmaster really lot like negative campaign ad chock full ominous music evocative camera work spooky sound effect innuendo never found behind locked door everpresent turknow people chess community pretty much convinced ibm cheat garrys paranoia work start order human help deep blue beat kasparov would seem would need human better deep blue better kasparov since person whole idea bit suspect start furthermore time movie made computer program could run pc could beat strong grandmaster today much take granted computer thing might expect less likely take monumental human tragedy computer beat guy chess fact bottom line kasparov beat two bad mistake including resigning game drawn position chess game actually see little comment master commentator tell briefly went really dont get see hardly strategy tactic naturally chess player take major shortcoming think nonplayers cheated imagine baseball movie example dont hardly get see game commentator telling game four white sox defeated astros score nobody would make movie like example told kasparov made bad blunder opening decisive game arent shown position screen told blunder done instead anything see second kasparov holding head hand atmospheric sound effect camera worksince saw dvd let warn chess player dvd well jacket promise extra include game analysis grandmaster analysis people like u might find interesting automated computer voice synthesizer analysis version chessmaster tell piece attacked pawn get isolated carokann defense main line blahhhh someone might come along say well clearly movie meant dramatize match nonplayer unfair impatient actually doesnt good job reaching nonplayer either skate point true novice would really want explained example say kasparov could gotten perpetual check second game doesnt explain show would looked like board would interesting flash back kasparovkarpov match doesnt explain two organized etc didnt need information im familiar dont already chess experience place going confused defect filmultimately cant recommend movie like turk purport documentary stage illusion,biased
agree another user say one best kung fu movie ever watched kid absolutely loved scaffolding scene brilliant really empathise guy treated outcast nice humour fantastic kung fu movie rock like kung fu would love,neutral
like earliest film movie shortlasting one minute brevity really possible compare modern film time actually remarkable film much print hand paintedmaking annabelle appear red color amazing dance ive actually seen two different versionsone red another change color throughout think red one depicted dvd great train robbery primary work best dance hypnotic much like piece amazing performance art unlike one minute less film day one one could see repeatedlyits visually compelling oddif want see online second version google video type serpentine dance,biased
one movie happen across youre channel surfing saturday afternoon get drawn end watching whole thing thought well acted really made feel character though bit slow moving focusing relationship bonnie clyde family member never got boring dont really see much robbery legendary instead shootout take place theyre ambushed police thought tracey needham played bonnie really good job character going nice country girl coldblooded killer challenging thing portray enjoyed subtlety brought roleoverall average effort especially considering made tv movie,biased
went see hamlet job figured hour would great ive fan branagh dead henry v completely overwhelmed direction acting cinematography film captured like review hour pass swiftly branagh doesnt play hamlet hamlet born watch film im constantly trying find fault ive looked goof havent noticed able move camera hall mirror mystery movie shot mil shame columbia hasnt released widescreen version vhs dvd player id take titanic day columbia youre listening put film way watched dont know happened oscar swept best picture best actor best direction best cinematography film watching felt sorry branagh oscar tribute shakespeare screen giving tribute branagh bringing u one greatest film time,neutral
problem child one goofiest movie ever made worst though people disagree best either devilish yearold boy wreck comic havoc childless couple john ritter amy yasbeck foolishly adopts film silly unbelievable dont buy one second child could act unrurly kid film asinine preposterous although laugh several time throughout really dont know cant recommend film know im kind one positive thing problem child better sequel awful four,biased
checking released friday september th amc theater chain starting new york city time square th rd ave west th street film one heart heart mark lane jon karasrichard marcus jeff hare dana harrloematt jensen ed abrams nick pike peter falk laura san giacomo david paymer judge reinhold cast crew knew day one film something special need comfort elderly intended closeness family apparent ever would recommend film age race story ring truth anyone without family,neutral
could say american totally hated u cut bad although could detect underlying goodwill ittalking u theatrical releasealong newly released bluray disc version faster tighter hk cut background music changed dark grim hk music hiphop music lot gruesome scene cut though dubbing notable job given tried capture original actor voice tone problem hak hapblack mask movie designed meant dark grim superdisturbing totally gruesome unfortunately u release skimmed cream wanted return completely changed movie undertonehk release rated even comical amateurishnow let talk original hk release movie like hidden gem prototype whole matrix tide era fighting scene totally awesome even camera work bit oldschool among hk movie however style movie created unique blend kungfu pop culture leather black costume decoration movie feature batmanlike superhero black mask runofthemill gang multinational supersoldiers lead punk heavy metal rock star bos yes sound like imagination retarded child work impressive whole movie gonna give nightmare featuring foreigner fighting bloodbath battle leather coat year made sequel pg rating without jet li liu qing yun know bad li liu core character movie strong personality interesting friendship happen mention francois yip roundhouse kick totally cool even cooler villain bos didnt use stuntman fighting mention also smoking hot anyway lot thing like moviehowever movie also suffered lot problem first mediocre script made best potential mean production team deserved better screenwriter lot climax entire minute often felt like farfetched dont totally make sens audiencesus version even worse character development cut anyway cant ask much comicinspired action movie also movie entirely improper child wont recommend less year old saturated disturbing content including blood gore sadomaso costume extreme brutal violence along style movie called wet dream heavymetal rock music fan action fan u cut milder want see see hk release status inspiring hidden undervalued adult,neutral
would like submit following goofduring bridge scene soldier seen wading river asking taken away seeking escape soldier approach captain willard boat attempt board carrying suitcase soldier issued ever carry suitcase combat zone duffel bag pack footlocker suitcase use suitcase scene absurd keeping additionally look closely see suitcase floating top water probably good indication emptyotherwise would sink,biased
three young movie theater employee given task reopening long closed oldtime theater many year shocking series grisly murder took place seems many murder occurred since remains unknown three young upstart employee hoping finally make big approach grand reopening night thing keep getting stranger unsettling item suddenly starting move around without seen aid terrifying old man seemingly haunting premisesoh truly horrible fact wasnt mary woronovs secretary character fiercely independent outspoken empowered young woman steal practically every scene appears incredibly hot chick played unbelievably sleazy yet totally sexy selina would total loss good thing say film movie theater murder done truly inventive albeit overly gory preference necessarily others fashion rest wallow constant sleaze extreme rare may actually find humor run predictable slasher kill annoying character one routine,biased
excited finally watch pulse receiving amazon say utterly disappointed perhaps think hyped expectation set fan simply couldnt met loving asian horror thought knew would find place heartthe story slow painfully diverse fan horror love brutal bloody craziness devil reject love equally steady growing macabre tale two sister pulse offered little either spectrum sadlyalong sluggishness plot also muddled hadnt clue character would help problem seemed director spouted plot sentence two rest improf actor unlike tale two sister also rather hardtofollow plot line pulse clear little end left feeling frustrated confused uninterested character endeavor closing statement plot inconsistency first seemed story ghost world overflowing medium escaping internet thats damn original idea like plot drone plotholes unexplained happening rearing head seems director switched apocalyptic tale evident ending hasnt clear enough throughout executei realize dreariness shot setting intentional make viewer feel bleak isolated dullness movie intensified grainy shadowy surroundings admit certain feel surrealism movie may attention waning outthe action character little bit ridiculous well perhaps enthralled story wouldve able suspend disbelief well unmotivated character like mentioned previously logic behind certain character absent contributed incoherence plot perhaps result plot incoherence character questionable thing honest dont really carethe acting decent certainly nothing outstanding nothing terrible either outlier mention either side brilliant plain awfulnow ill stop sounding sour mention handful creepy moment one towards end especially like throughout wouldve enjoyed movie almost wholly thought whenever website shown pretty unsettling well ghostly encounter two main character face thing went ghastly runins lackluster baffling wtf truly appreciatenow something pertaining dvd magnolia release pulse come subtitle yes subtitle arent said correct time character speech may sound nitpicking bothered little may bother others think north american release film though either deal watch dubbing never watch dubbing tried like film really wanted film live hype sadly fell flat youre looking creepy asian cinema recommend audition shutter tale two sister strange circus marebito palette,neutral
watch movie start every summer never cease amuse joke packed near every line dialogue giving bang average simpson episode joke fall flat elicit slight chuckle others leave rolling stick brain audience deafthe video know video make pretension anything else easy sit back let bombardment humor begin good mix slapstick pop culture tongueincheek comedy ensures there something everybody sixth grade first saw video admit still find hilarious ive started collegethis good movie watch summer much way might watch wonderful life christmas ten commandment easterpassover funny hell,biased
main problem first vampire movie none character sympathetic carpenter learned mistake time used likable vampire hunter charismatic vampire female vampire una certainly coolest vampire since blade deacon frost unfortunately good concept like cool slow motion restaurant scene didnt carpenter use movie nowhere near good could expected see strong vampire action least one longer lasting nicely choreographed fight sequence example inside city left somewhat disappointed los muertos proceeds faster pace predecessor still drag little part though nowhere near bad vampire much like vampire however movie climax near end intensemost may sound like los muertos bad movie definitely isnt generally enjoyable rank among better entry genre neither unoriginal dracula remake like almost every vampire movie unintelligent action spectacle like blade ii simply could used bit excitementid really like see third installment made carpenter probably going happenspoiler warning ending way predictable una gotten away would made movie quite unusual,biased
made tv film every cliché come disaster movie problem isnt well donemy brain still insulted scene brian dennehy supposedly looking computer monitor looking weather pattern data showing monitor stock footage scene weather turmoil ala weather channel commercial would watching local news footage washed sidestreet give insight global weather pattern got mealso interspersed first two hour worst cgi effect known man watch semi truck airplane look like rendered commodore foreshadowing movie done subtlety sledgehammer dialog forced cant think likable character want survive second halfthe character hate stupid wife who husband cheating maybe lifted finger anytime show instead helpless woman stand square foot kitchen day husband wouldnt sleeping pr rep rival energy company helpless fact want put misery hope everyone movie dy second half,biased
okay title house frankenstein reference line original frankenstein movie follow movie entitled house dracula make real sense know beginning turn franchisewithout explanation dracula back he calling baron latos infiltrates home doctor edelmann claim seeking cure vampirism edelmann hunchback nurse assist hunchback assistant movie dracula really interested beautiful assistant point larry wolf man talbot return explanation given happens seeking doctor cure lycanthropy happens fall cave plant grown help also happens contain frankenstein monster dear god end sure universal monster sequel silly ridiculousfirst good stuff great setting vampire bat effect slightly better usual effect pretty neat john carradine isnt bad dracula get used still nothing like brilliant lugosi opinion onslow stevens play much better vampire movie although exactly opposite problem carradine creepiness none class none performance great due atrocious script anything else female part particularly badly written stupid remains reasonably entertaining part best thing short lengthnow bad stuff creepy poorly written doesnt work hoping three monster would begin kind supernatural struggle power doesnt happen focus almost entirely dracula isnt particularly well portrayed hand movie dracula infects another man done via blood transfusion rather bite universal always uncomfortable possible homosexual subtext larry talbot decent always wolf man play comparatively small part part frankenstein monster reduced anticlimatic closing moment god sake glenn strange fantastic creature give screen time unfortunate series end note counting classic comedy abbott costello meet frankenstein end fizzled sunlight died much like dracula,biased
young remember old part hype michael jackson fad earlytomid fever pitch like hype titanic except didnt let every song every video every word uttered michael important nothing similar seen since heyday beatlesi remember seeing video first time roller skating rink everyone stopped skating question whether michael jackson fan everyone crowded around projection screen watched videothis probably one longest music video ever made definitely best perpetually get annual mtv top video always flavorofthemonth somehow whatever time slip past make way new go figure thriller became phenomenon itselfif ever get chance must watch video excerpt shown mtv vh necessary search making thriller video rental store hey parent probably made watch beatles woodstock footage important well important,biased
made one year ilsa shewolf s blacksnake could easily called susan shewolf plantation probably inspired producer behind nazi sexploitation epic go ahead infamous film story identical gorgeous horny head strong stupid blonde woman degrades kill many people control hate want dead sound familiar director rus meyer david friedman producer behind ilsa flick good friend started career together obviously there connection looking blacksnake cant help think rus meyer wanted move something else typical busty woman epic xxx movie rage mid rus meyer film though filled nudity kinkiness violence never even close real porn film started look positively quaint next deep throat hardcore porno blockbuster meyer knew couldnt compete film blacksnake sorta end result quandary career obviously wanted branch different uncharted territory blacksnake bombed bo meyer quickly returned making vixen type film even still werent pornographic definitely overthetop previous filmsits wonder blacksnake bo failure terrible trashorama jawdroppingly bad quasicampy take slavery imagine end result jarring one minute typical meyer territory exuberant playful silly next minute super serious meditation slavery violence huh doesnt work slaveryracism aspect woefully mishandled veers movie true exploitation category blacksnake sleazy ilsa wolf s kind film imagine fan latter disappointed would explain almost lack interest movie either exploitation fan rus meyer fan meyer blame failure blacksnake quote didnt enough breast well im sorry rus film bad breast breast he right though low breast quota except anouska maid film cast male meyer replaces usual bevy buxom babe throng hunk massive pecs form anonymous black actor playing slave big david darth vader prowse anouskas right hand man around portrayed ruthless clever gay man enjoys power men one wonder meyer really trying create hereblacksnake star david warbeck lusted anouska right hand man poor david look totally befuddled whole experience seem fun making movie clearly see time idea whats going there anouska hempel shes beautiful womanfor makeup hair look like typical brit pinup babe turn century dominatrix wardrobe hilarious one time actually unzips leather boot didnt know zipper day character play really degrading pun intended shes nothing cipher object lust scorn every men woman island example one night david anouska getting annoying slave driver walk room knock david unconscious try rape groping savagely next day slave driver still working anouska two act nothing happened totally ludicrous circumstance character real person anouska would whipped slave driver senseless kicked butt island even killed fact woman keep plantation tried rape stretching flimsy story character credulity maxridiculous detail like thoroughly startling blaxploitation angle make blacksnake strangely unpleasant watchable movie watchable train wreck variety couldnt help watch film utter baseless aspect excellent cinematography sorta make easier watch exploitation film guess succeeded supposed blacksnake mainly rus meyer completists,neutral
buying dvd bargain bin due impressive amount feature listed cover popped dvd player everything looked good nice animated menu whole lot extra featuresbut played movie let worst thing ever seen seen bad movie time comment praise movie imdb actually people made film dont believe unless like waste cash,biased
like watching neighbor summer camp home movie indian summer sleep inducing bore eight alumnus camper barely introduced unbelievably boring flashback begin character know nothing fine actor alan arkin bill paxton totally wasted film one camper observation everything seems much smaller remember repeated least ten time enough make squirm anticipated prank neither funny original unless think short sheeting real howler movie great disappointment considering ample talent involved indian summer make homesick sick merk,biased
disappointed movie dont know much true story eager see play film educate little slice history powerful true story great actor seemed like surefire combination well somewhere screenplay failed scattered movie childhood love life disability speaking ability passion disabled im sure way incorporate thing good story movie wasnt left cold watching character unlikable disability personality small gripe heavyhanded soundtrack seventy get already he phenomenal public speaker werent treated snippet even mostly montage,neutral
one silliest movie ever misfortune watch expected seeing first two keep getting suckered type movie idea maybe right time nope even closewhere begin special effect give idea pass sfx movie one point soldier shooting raptor run hallway even less second screen time viewer easily see man tail apparently taped running around bad bad bad badhow acting thats call one character suppose supposed south however living south six year never heard way talking perhaps sort weird disability inability talk normally find fascinating character nothing requires accent therefore reason actor try onehow plot pretty basic raptor escape people gun must hunt im starting wonder dinosaur movie always seem run nearest system tunnel wouldnt stay outside hunt prey oh well least good sense appear little movie supposedly revolves around themother thing let say building know man eating raptor running around would decide take time argument better army marine decide arm wrestling contest settle idiotic idea track raptor split group two didnt ever watch horror movie least episode scooby doo short one dumber movie miss unless want groan way movie,neutral
believe wasted money rent movie thought porn flick started never got better acting music drowning actor horrible save money read movie way bc knew music would drowned speaking line never got part slaughterhouse need continue show cow pig butchered real btk killer understand famous actorsactresses movie script would turned away within first page reading would better watching paint dry,biased
read book seen anthony andrewsjaneseymour version say good allaccording book percy supposed seeminglyfoppish aristocrat he percy witty cleverwhen he pimpernel look bored aspercy mean pimpernel marguerite supposed bethe beautiful woman europe tired frumpylooking matron look middleaged probably due tobad makeup richard e grant done much better thing andelizabeth mcgoverns acting uninspired flat wit anddash book andrewsseymour film replacedby brawn flashy editing dont make cut might add person hasnt seen previous versionor read book would probably look ok,biased
walked movie theater expectation film witness everything illuminated walked joy barely come feel american film directorial debut actor leiv schreiber film follows man journey past accompanied eccentric group including brakedancing barely englishspeaking punk eukraine grandfather belief blind crazy dog first half film funny smart extremely european flavor usage small wonderful character second half film descends somber story discovery holocaust little movie brings many emotion many color wonderful conclusion story illumination also relationship connection acting incredibly powerful story mysterious interesting artistic appeal cinematography die brilliant absolutely touching scene everything illuminated managed capture heart,neutral
comedy work best relates stuff thats true even effort required make joke everyone like even grumpy viewer crack smile look daily show see whole funny true thing dont however see effort often time dont theyre funny trying make pointi notice mostly interview segment daily show started news parody definition poke fun medium play news pretending inept dumb news reporter anchorman tackled ton subject science movie sometimes politics jon stewart came alongand went hell thr first year jon stewart reign arguably golden though funny came along start notice huge chance show show humor gone stale colbert left steve carell left many show best anchor left mostly jon stewart show gone parody semiserious news show essentially evening news gag havent seen show trouble finding watch cable ill give brief description show aboutat least bush cheney republicansunless happen embrace opinion shared democrat well stupid evil corrupt hypocrite anyone stand conservative belief also evil corrupt hypocrite people doubt manmade global warming theory evil stupid vote democrat saved minute time go watch something else first though producer hijacked show personal political agenda actually see interview becomes crystal clear show aboutwhat mentioned ill get moment frist humor daily show according jon stewart expects find random filmed quote said either bush cheney random republican humorous well jon set joke setting writer specific context expects random quote somehow delivers punchline unless «get» context entirely useless bankable humor also daily show expects laugh show montage one politician talking another separate video saying another thing putting context writer expect understand thus making funnywhy well jon said imagine daily show using formula countless time year every week youll start understand used laughfest minute silent staresyes even lewis black segment first decent amount effort put joke much less apparent interview odd sense bias ive ever seen jon stewart call bill oreilly bully make suck every single actor democratjohn kerry obama today appears show look upon respected republican accomplished conservative newsman weekly standard bill kristol put sort people tribunal theyre charged crime often time person show stand bush portrayed delusional person touch reality assumes speaks majority america thats de facto treatment anybody conservative unless happen share similar point view democrat then endless love fest still doesnt matter eye jon already wrong walked show still wrong afterwords thats kind treatment get anything remotely rightwing wonder could possibly anything humor one wonder whatll happen democrat win white house,biased
rented dvd video store alternative reading report pretty much terrortainmentwhile film may present info report drama youre taking word producer there reference commission report anywhere film onethe acting around pretty bad pretty much stereotype hot shot bitchy foul mouthed government agent thinking know everyone else may truth really bad hollywood stereotype smell itimdbs user community rating comment tend right wrong started glance rating renting whenever cani wish one,biased
knew dowdy queen victoria plump monarch virtual recluse year death husband prince albert actually led life fraught drama intrigue younger day young victoria chronicle young queen romance husbandtobe also pretty good job detailing political machination surrounding ascent thronethe act setup draw right away following death victoria father duke kent less year victoria birth duchess kent eventually hooked former army officer john conroy offered service comptroller widow infant queentobe conroy insisted victoria raised atrocious kensington system rule designed prevent future queen contact child growing whats victoria forced sleep mother bedroom everyday became queenthe film explains parliament passed regency act established victoria mother would become regent hence guardian event victoria acceded throne still minor time duchess conroy tried intimidate hapless princess insisted sign paper making conroy private secretary treasurer strongwilled victoria would none refused go along conroys mother nefarious plan duchess disliked king william regarded philanderer brought disrespect monarchy king felt duchess disrespected wife result duchess attempted limit victoria contact king overthetop scene seemed actually occurred history king berated duchess birthday banquet stating goal survive victoria reached th birthday mother would become regentking william kept word died short time victoria became eligible accede throne victoria took revenge mother support conroy blamed making childhood miserable banished secluded apartment buckingham palace number year victoria little contact motherthe young victoria conveys excitement pomp circumstance surrounding victoria coronation queen good part film deal victoria relationship lord melbourne whig party prime minister unfortunately depicted film much younger actually beginning melbourne gain young queen trust become good friend early year reign see melbourne progressive later loses respect somewhat he revealed typical politician hiding contempt mass he supposed championing reality melbourne father figure victoria film hint sexual tension prime minister prince albert though romantic rivalsthe plot thickens melbourne forced queen must commission sir robert peel conservative tory party new prime minister film chronicle event bedchamber crisis peel resigned victoria refused replace bedchamber lady wife tory politician film leaf another scandal involved lady hastings one duchess ladiesinwaiting accused affair john conroy becoming pregnant hatred conroy victoria contributed nasty rumor spread hastings alleged pregnancy turned hastings appeared pregnantwhat actually abdominal tumor victoria inexperience show bedchamber crisis film scenarist ignore unsavory aspect character evidenced hastings affairthe rest young victoria deal course romance queen prince albert victoria kept albert waiting film make clear since wanted acclimate duty new sovereign spent good deal time corresponding one another albert returned england gave victoria support trying time bedchamber crisisi find good number parallel prince albert prince philip current queen husband philip mainly danish went school germany inlaws german background albert philip made business reform etiquette court there great scene albert discovers servant still setting table king george iii even though dead year albert struggle philipas husband monarch find something albert philip became involved various civic project proved didnt live continually shadow everpopular wivesfortunately there excellent scene toward end film albert infuriates victoria perceives interference affair albert doesnt want second bedchamber crisis go wife head arranges compromise involving victoria bedchamber lady victoria barely talking albert assassin bullet almost cut film albert shot arm never happenedthe performance film uniformly excellent especially principal emily blunt rupert friend young victoria end rather abruptly closing credit lean much toward hagiography mention victoria depression albert death victoria still engaging drama fascinating history lesson,neutral
holiday boat married couple angry waiter shipwreck reason film beginningi like boob question main character ally whoever happens fish moment mostly sex playing role constant victim anger rise whole new level take two guy husband another man put pure bombshell woman middle ad deserted island subtract moral issue ad whole bunch moral issue men mix big bowl argument fish zippo lighter come piece junk movie like acting would say good blooper many far could see main female character make sick due lack moral value man fish get attention even though one husband see problem unfaithful manuel man must survive justify sex another man fish husband foot away wont even benefit female character absolutely problem justify anything doesent get approval action shes victimi recommend everyone see movie kind movie make everything else see year pleasant movie experience,biased
film quickly get major chase scene ever increasing destruction first really bad thing guy hijacking steven seagal would beaten pulp seagals driving probably would ended whole premise movieit seems like decided make kind change movie plot plan enjoy action expect coherent plot turn sense logic may reduce chance getting headachei give hope steven seagal trying move back towards type character portrayed popular movie,neutral
arthouse film mainstream entertainment lot beautiful people ta action found entertaining supposed intellectually stimulating fun film watch jesse chace funny gravy definitely worth rentalso summary id recommend checking little friday night entertainment boy even girl like see girl get onthe villain good vinnie corey large hatian guy hero nasty villain,biased
another son sam definitely oscar winner technically horrible acting good either something make want watch sort like car wreck ridiculous closeup killer eye funny anything looking scarethis aint flick obscure nearly impossible find im sure there reason titled hostage dont matter call still poor choice entertainment might good mst party something believe would use title another son sam dont exploitation written ill eat hat remember shot belmont nc lot local personality used talent,biased
murder mystery musical number long atmosphere character rather short suspense plausibility based stage play broadway showman earl carroll others combine whodunit plot backstage ambiance homicide investigation take place opening night theatre musical revue stagedthe cast impressive varied toughgoofy victor mclaglen police officer lead investigation never fails leer idiotically whatever showgirl happens sight jack oakie prewar jack lemmon  jack lemmon postwar jack oakie harassed director must coordinate staged performance well chaos behind scene everhomely jessie ralph wardrobe mistress deep dark secret dorothy stickney stunning closeup monologue near end tremulous maid madly love male lead carl brisson danish star male lead warbling classic cocktail two twice kitty carlisle operatically delivering come go johnstoncoslow song glorious gertrude michael parted u soon meanspirited showgirl whose love brisson spurned usually ridiculous toby wing least center laughgetting running jokewhen plot complication get hand always interesting performer fun tuneful musical number distract viewer film celebrated sequence marahuana number led michael aside controversial history really one lesser musical offering song staged could actually fit standard proscenium theatre space opposed cinematic fantasy setup busby berkeley style,neutral
north south patrick swayze james read lesley anne wendy kilbourne terri garber kirstie alley genie francis phillip casnoff jean simmons john stockwell lewis smith david carradine inga swenson jonathan frakes wendy fulton erica gimpel tony frank jim metzler olivia cole andy stahl william ostrander george stanford brown robert mitchum morgain fairchild johnny cash hal holbrook gene kelly david ogden stiers john anderson lee bergere olivia de havilland elizabeth taylor forest whitaker robert jones director richard heffron teleplaypaul f edward patricia green douglas heyes kathleen shelleybased john jakes successful paperback novel north south love war heaven hell mini series television success owed success root similar civil war eraslavery soap opera televised decade earlier patrick swayze beginning career time many film like dirty dancing would make famous star orry main plantationborn young man south carolina set west point meet george hazard james read supposed hated enemy yankee north bond closely soon main south hazard north become friend despite turbulent era leading civil war theme family friendship right thing even nation falling apart heart otherwise soap opera full action romance clariss ashton jean simmons teri garber portray sister become enemy one marries yankee billy hazard john stockwell garbers bitchy seductive manipulative ambitious evil ashton fun watch screen though series didnt cover everything jakes novel see condensed version changed thing make sort historical romance history lesson attached character find major civil war scene harper ferry abolitionist feminist virgilia hazard kirstie alley loses love life exslave grady fort sumter vicksburg antietam gettysburg appomatox privy white house see abraham lincoln hal halbrook battle war conscience meet prominent player including lee grant sherman jackson davis several veteran hollywood actor golden era robert mitchum elizabeth taylor olivia de havilland cameo interesting see historical fact historical fiction purely dramatized entertainment got cliffhanger ending beautiful cinematography costume location like watching epic movie run longer gone wind war scene script may bad time acting may best despite good casting swayze ham terri garber performance like kirstie alley james read george hazardand leslie anne downes beautiful strong madeline really good performance shot set southern locationsthe music enchanting feel good film root good guy watch villain scheme ultimately get comeuppance fan civil war movie jakes novel watch available dvd vhs,neutral
older video dvd dr ive played adore doctor different reason due man bbc hierarchy dr canceled even though still one mainstay bbc lineup departure sylvester mccoy doctor stayed alive fan bbc graciously allowed fan write book cartoon momentum dr steady even took chance paul mcgann movie flawed gave bbc idea wanted man gone newbie bbc felt time bring doctor back complete success america scifi channel took chance become complete success well although writer start explain dr mythology new viewer incredible done season staring christopher eccleston russell davis lead writer phil collinson producer doctor come back u episode learn doctor doctor universe always choice love sacrifice provided make want saddens mr eccleston chosen leave show first doctor doctor jon pertwees doctor mr eccleston neednt worry position dr universe solid rest th doctor didnt know mr eccleston prior performance dr wish way could know push dr fan community find work enjoy already seen great actor,biased
seen film tv repeated strange consider rubbish repeated usually horror movie source amusement one really scared medo read next bit havent seen film yetthe scariest bit townsfolk pursue preacher wife lie almost dead theyd poisoning asks hell people anyway one one give true identity girl pretending deaf order corrupt seduce say lilith witch loved adam eve,biased
movie banned england tom savini george romero dario argento lucio fulci others done far worse continued sincethis movie basic element decent early horror film good looking girl cant act save life way terrible lightning storm torrential downpour scythe crazy brother wandering around family estate actually pretty damn good twist end banned seriously english parliament banned movie italian probably laughed collective ass backwards prudish brit really werethere maybe two minute total screen time devoted violence gore greatly underdone nudity sex although allusion sex made obviously absolutely nothing worthy bannedi would like see could done filmmaker decent budget work stand film entertaining lack picture sound quality take away end resultbanned joke,biased
cant help notice negative review movie gotten honest saw preview movie premise looked intrigued yes rented reading others comment correct acting leaf lot desired also correct one best performance movie dr gravesalso interesting scott clark play grant kid wheelchair identify character played perhaps wheelchairthis movie certainly worth looking,biased
stuff going moment mj ive started listening music watching odd documentary watched wiz watched moonwalker maybe want get certain insight guy thought really cool eighty maybe make mind whether guilty innocent moonwalker part biography part feature film remember going see cinema originally released subtle message mjs feeling towards press also obvious message drug bad mkayvisually impressive course michael jackson unless remotely like mj anyway going hate find boring may call mj egotist consenting making movie mj fan would say made fan true really nice himthe actual feature film bit finally start minute excluding smooth criminal sequence joe pesci convincing psychopathic powerful drug lord want mj dead bad beyond mj overheard plan nah joe pescis character ranted wanted people know supplying drug etc dunno maybe hate mjs musiclots cool thing like mj turning car robot whole speed demon sequence also director must patience saint came filming kiddy bad sequence usually director hate working one kid let alone whole bunch performing complex dance scenebottom line movie people like mj one level another think people stay away try give wholesome message ironically mjs bestest buddy movie girl michael jackson truly one talented people ever grace planet guilty well attention ive gave subjecthmmm well dont know people different behind closed door know fact either extremely nice stupid guy one sickest liar hope latter,neutral
fortunate enough see checking peter falk phoenix film festival extremely sweet character driven film leaf audience enthralled applebaums plight life funny character family contributes priceless comic relief spur laughter inspires joyful tear well peter falk born play role play ish young father three brings adult child together could possibly one important time life day journey applebaum family take though delightful backdrop new york carefully selected character leaf audience wanting nourishes one sense family checking must see film cherish family also dont thanks director took chance bring gift audience robin sly scottsdale arizona,neutral
awful waste lousy gag bad music poor drawing animationregarding impressive number animator intervallists picture hum hundred different studio throughout world come expect something coherent animated movie way wonder one guy credit one drawing line rough work inadequate im film background corrects storyline rather dumb far precise cleverness bd obviously aimed international audience distribute movie world doesnt mean take everyone world simpleminded guy cultural object far interesting challenging even foreign movie french case even worsesome new stuff well olaf character sometimes like stone explanation great modern reference exasperating music sm even verbal joke stupid bird named short message service anyone know imagination hey tps production celine dion patheticasterix underemployed obelix talk much goudurix could great like book clearly cool guy love affair uninteresting made female character fact viking wizard excepted funny much action enough laugh best part movie end credit music still contains bd style well definitely asterix made move,neutral
movie ample comment wanted say something german version seen recently tv heavily cut minute usual bloody scene cut german tv understand reason movie something else cut goreshots cut entire sequence sparing glimpse like attack one second shot explosion camp protagonist running awaywhen assault island begin isnt even possible anymore follow storyline cut create something amount string erratic disconnected scene dont make sense anymorei could stand watch end spending minute nonsensei think would given original german version worth get dvd check runtime first forget,neutral
costly film produced sir alexander korda hg well distressed poor ratingsfor good reason remains far ahead time aside seemingly poor direction probably editing beginning work move along stunning conclusionwhether sir ralph richardson bos role even better wife sir cedrics adversary spacefaring raymond masseys john cabal center roleall deliver mindboggling performancesthe scene mr korda incomparable set small girlchild running absolutely nevertobematched scene commenting life keep getting lovelier lovelier swiftly brings tear parentgrandparent film youngunless experienced rather seen horror opposessure phonyparachuting look hokeywhile using magneticcannon termed massdriver may viewed ridiculous v rocketsgive sir korda breakmr well made choice million film went way beyond overbudgetso concentrated could managethe true power greatest cinema rest john cabal final statement human destinyhis friend passworthy doubt wisdom spacefaring saying little animal john cabal proper response isparaphrased yes little animal must live die standing large astronomical telescope sweep hand night sky yet may universe nothingthen final chorus break inwhich shall bethis star war blade runneranything may consider greatthis real thingi remind steven hawking recent address upon latest medal honorhumanity must leave earth diethe core worki love standard entertainmentyet relic wise viewer offer far shall proper moodwhatever takesthis take breath awayi guaronteeoverall humanity significant cinema since posting note many commented poor mediaquality surviving example developed proprietary colorization process required clean original led michael korda sadly noted goneso must relish remainssad true,biased
like went expecting lot least hoping fun dumb big budget movie isnt even item rank bottom half vampire movie ive ever seen believe ive seen lot bad acting zero characterization little thought almost nonexistent plot thats drive semitrucks hole sure action loud action noise blood action thing alone make good even halfway decent movie beat people say best vampire movie ever madeall assume havent seen many suggest seeing near dark instead,neutral
amazing film little dialogue whole story told glance body language involving almost voyeuristic gripe released video australia therefore available tv waste,neutral
saw movie much younger thought funny saw last week guess result funny part long beginning thing funny ask meif want total bmovie good pick dont expect much alien dwarf size,biased
ok first thought going another cheesy romantic comedy held back comedy wasnt mean could fabulous amanda bynes staring amazing really funny still stunning boy also extremely fit one major reason going girl plot strongly based upon shakespeare play twelfth night extremely similar even spider called malvolio belonged malvolio like character script really well written pulled together witty football skill also amazing even made think playing football anyway sum light hearted film young romance get confusing go see,neutral
eric rohmers lady duke based journal english aristocrat lived french revolution stilted affair strange painted backdrop mannered conversational tone notably portrait age terror take place almost entirely one remove real action one see little ordinary people movie little chaos poverty terror unfolded away drawing room persecuted spoilt aristocratic class result frequently dull ultimately unenlightening force sometimes drive society brink destruction disappointing film acclaimed director,neutral
still crazy without doubt greatest rock comedy alltime erroneously compared spinal tap relation spinal tap satire quite frankly good one spite outing many rock clichés unlike tap still crazy populated great actor great song great human situation care people still crazy thats matter oh yeah music pretty damn good written mick jones foreigner chris difford squeeze american audience already familiar stephen rea cry game would later become familiar bill nighy underworld love actually pirate caribbean ii timothy spall harry potter movie,biased
françois traffauts mississippi siren unconvincing plot screenplay required much elasticity suspension disbelief plot went glacial pace started interesting setting soon drifted onto shoal melodrama lacked logic intelligence critic thinking one overrated even described loser even catherine deneuvue charmed umbrella cherbourg belle doe jour managed simply annoying rented movie time rented another traffaut film watched one first found bad sent one back unseen time,neutral
longstanding barbra fan posting like biased aside film rank classic flaw emphasized posting give glimpse time late never fascinating watch unfold screenstreisand fought hard make movie dont think ever satisfied give fan new barbra time live singing young fresh appearance heavyduty actingthe story rough exciting hold interest throughout extended one frame finale hard nonbarbra fan sit speaks volume admire talent,neutral
lucille ball mighty power television throughout still made occasional film notably long long trailer fact life although television career remained strong began movie career seemed winding downbut ball determined one last big screen fling project selected musical mamein many respect role seemed tailormade based popular novel gave rise two different broadway play mame dennis wacky wildly uninhibited woman inherits orphaned nephew patrickand lead wild tour life possibility bouncing one comic spree another music featured song open new window walked life today among jerry herman best work supporting cast included robert preston bea arthur best best expectation high opening night fanfare tremendous film disaster critic aghast audience sat slackjawedno matter hardcore lucy fan may say mame fiasco much hard know start badly directed badly filmed badly performed lucille ball center unable dance unable sing grinning like waxwork dummy incredibly bad choreography swirl around disaster hardly making alone supporting cast fare better bea arthur jane connell recreate stage role vera charles agnes gooch former stagey latter dismal robert preston manages sing smile he pretty much clearly none happy itthe dvd brings film vhs panandscan release widescreen mean there awfulness see everybody love lucy least critical fan could love lucy mame wouldnt say bad enough make want gouge eye may wish recommendedgft amazon reviewer,neutral
still dark spoil christie definitely one finest work stress see whenever next free time adaptation watched lieu reading book would suggest funeral following reasonsi wanted praise performance monica dolan miss gilchrist whose employercompanion cora brutally murdered outset film portrayal shocked nervous insignificant woman actually moving especially moment personal connection poirot another person travel alone journey life murderer revealed typical poirot denouement fashion dolans reaction revelation acting finest feel angry murderer sympathetic miss gilchrist something uncommon christie lorealthough couple discrepancy novel film adaptation per usual business perhaps making less sense film unbelievably lavish recreation postwar england thoroughly high calibre acting directing preservation heightening christie mystery intrigue render discrepancy insignificantbravo suchet dolan whole team crafting masterpiece murder mystery theatre producer gave green light encore,biased
michael haneke known disturbing movie like funny game time adopted elfriede jelineks die klavierspielerin probably best work far jelinek always writes abusive behaviour family especially suppression woman patriarchal societyerika kohut isabelle huppert work piano teacher viennese consevatory still life mother annie giradot even sleep bed already hint something strange erika bully student way shes bullied mother secretly watch porn movie play sadomasochistic game student walter benoit magimel fall love refuse simply sleep want play game he disgusted reluctantly follows rule mean disaster themhaneke clear picture language everything filmed almost spartanic way complex character story enhancedpeople dont know austria well may dont realize essential setting story jelinek well great austrian writer like thomas bernhard suffers coldness casualness austrian family society austrian least viennese people often unable articulate pain wish suppress emotion often enough real love affection nearness family society important show perfect facade society even mean protect crime within family erika mother protect walter rape erika avoid scandal deal emotional problem probably wonder sigmund freud founded psychoanalysis vienna erika cold distant relationship mother time share emotion violent loving erika replaces hidden emotion wish violence finally release feeling nobody really want speak emotion end stab ease inner painisabelle huppert show best performance career well actress unsmiling face often see hint emotion face quick smile glance eye end pain masterly displayed without single tear benoit magimel annie giradot also turn powerful performance movie belongs huppert,neutral
american exposed character good disappointed nothing compare found enjoyment mindless idiot humor american teen movie although slightly similar type humor couldnt stop laughing hardly ever laugh loud movie usually movie funny part movie funny start finish disappointment im actually going buy dvd find,biased
saw movie luck going phase new found admiration bill pullman wanted see recent movie thank god movie stuck ever since remain one favorite story revolves around two girl embark dramatic journey foreign country theyll learn true meaning freedomalice darlene trying spend vacation together going college trip ended much complicated story struggle go arrested thailand became prisoner moving intense acting amazing image extraordinary soundtrack fantastic right movie message transmitted definitely powerful actually cant even find right word describe movie make feel every time watch know people havent appreciated much rating movie swear one see promise stick,neutral
could tell opening shot conveyor belt bank going great filma touch minimalist feel twist retro film ooze style brilliant camerawork acting script manner secret life protagonist unfolds complement possibly making best italian film ive ever seen la stanza del figlio albeit differentshame people sitting behind made obvious couldnt see relevance slow painfully beautiful scene meticulously crafted camera dont miss,biased
original good movie bought tape watched several time though know sequel usually good original certainly wasnt expecting bomb romance flat sight gag old spoken humor wasnt may worst movie ive ever seen come close,biased
brother psychokinetic power yes really duel debra winger affection really secret childhood left odds powersthere surreal touch fire brigade act like singing greek chorus also humour wit romance soundtrack great also similar way american werewolf london used every great wolf song could get fire dont think ill ever forget dennis quaid mmmmm dennis quaid setting trailer rockin shes lady priceless best line missing quote section btw youve clown never go backi love movie ordered dvd u comment written kind people whod happier legally blond dont put give try,biased
fantastic film hána old guy young heart know live live fully everyday teaming friend making prank everything even death wife cant deal irresponsible behavior also know exactly love husband almost half century would love hang old guy know enjoy live never fear death joyful witty mischievous never boring vlastimil brodský brilliantly played hána age every look eye every move aging muscle deliver much character audience film leaf big smile face afterwards make look live little closer tomorrow gonna go buy mansion fun hána think skip smoking part,biased
longtime fan star trek seriesi found disappointing episode wonder liberal use flashback featuring rikers exploit positive largely romantic negative lot pain crewmates deathwas moneysaving device many bottle show episode scene take place enterprise diana muldaurwho also appeared least twice original series deserved better final appearance character dr kate pulaski loyal viewer star trek world kind also shortchanged last episode second season thus season ended bang whimper,biased
frankly met real han su ying seeing portrayed american actress resemblance anything chinese make head spin watching movie cant hollywood get nancy kwan instead least true storycos goodness sakedr han su ying chinese know co meet personand looking whole castso asian face movie asian love story make wonder think acting good without real asian face asian love story make plot corny whole load baloneyits like another movie know conqueror imagine eye pop see john wayne genghis khanand make matter worst earth man born bred mongolian steppe come alabama southern accent cheap imitation anything asiangood griefi surprise one day see dr martin luther king jr played one boy black white minstrel showwould love see thatand laugh whole roof cheer,neutral
blake edward film isnt sure whether want comedy drama musical matter sheer presence julie andrew reason enough see comedydramamusicalspy spoof julie beautiful us many talent throughout film rock hudson look tired he fine july romantic interest authentic world war car plane add appeal overall film entertaining dvd release edited blake edward version original release supposedly version edward would allow turner classic movie shown complete theatrical release version recently recommended,biased
shore leave mostly average star trek adventure nothing wrong episode though simply think best representation show offer fan lightweight entertaining nothing however im glad see tv show type enough good sense take break serious intergalactic conflict episode kirk decides grant crew time landing party beamed planet look like perfect place vacation usual planet peaceful appears action tense moment story played laugh good unexceptional,neutral
respect fact popular show however comparison robert altmans ingenious hilarious zany groundbreaking movie classic show probably destined lessthanmediocre even run year doesnt necessarily make good show formed alltoointegral part early childhood rerun every night guess whose parent watching laughing one memory dont miss actually seen movie give series accurate critique nearly bad however character show nothing like movie technically theyre similar name instance since alan alda anything like donald sutherland style humor totally different characterization outlook new character great serve make miss one theyre replacing new actor including jamie farr thing actually transfer series radar who still even though played actor merely pale imitation original else oh yeah laugh track didnt matter whether used surgery scene come across creepy due whats going setting lasted nearly four time longer actual korean war take viewer bizarre temporal rift doesnt work outside world cartoon ive never liked show never,biased
el padrino released europe really kicking as film great cast damian chapa blood blood robert wager jennifer tilly robert wagner many best gangster movie since scarface film everyone must see hour full action fantastic unbelievable stunt gracias jennifer eagerly waiting part anyone know one keep good work loved,neutral
find hopelessly amateurish acting uninteresting story fake blood mindless shooting bearable may actually fairly good time watching trashy lowrent exploitation film might also want check pretty good catfighting sequence thats offered although good enough make rest movie worth sitting,neutral
drab morality tale high school kid who pretty much nowstereotypical nerd he smart friend social skill lazy loser father borrows money pretty girl hit himhe shouldve known wanted somethinghes supposed smart right manipulates poor desperate fool writing term paper shakespeare teacher immediately know couldnt written loses girlnot ever really confidence teacher college scholarship one fell blowmarv silly desperate love decides rob heroin dealer running stuff warehouse work maybe trashy little slut impressed want marry sad really sad marv pathetic dopeand pretty brainless supposedly smart guy mean trying rob drug dealer kid got screw loose stop feeling sorry get dreadful urge kick butt insteadthe girl course tell boyfriend robbery marv boasted talk crony stealing money marv company try process manage shoot several people cop show time idiot marv dragged away total disgrace forever know thing geared towards making teen behave showing consequence bad behavior really illustrated consequence stupid behavior premature end film career course goodbye marv never really knew ya thank goodness,biased
post may contain spoiler although year series ended wb currently working justice league animated movie welcome addition video library well mask phantasm compliment first episode batman animated series subzero compliment episode adventure batman robin mystery batwoman compliment final episode gotham knight version batman kevin conroy delivers voice performance nothing short excellence perfection admit bit leery heard batwoman could think old comic batman blown away batwoman character look costume assumed inspired bruce wayne create costume batman beyondand fact movie keep guessing batwoman way want know batwoman buy rent dvd barbara gordon make cameo appearance think writer trying hint bruce barbara something going like batman beyond tim drake appears robin role small one sadly sign mention dick grayson alias nightwing lead believe established bludhaven city comicsof three suspect batwoman favorite kathy duquesne look awful lot like halle berry kelly ripa great job one suspect come villain im glad penguin one like fact replaced paul williams david ogden stiers pengy didnt sound right thing go robin new guy okay starting get used matt valencia replaced interesting note kevin michael richardson voice carlton duquesne voice joker batman series finally see rupert thorne look like revamped since didnt show gotham knight episode late john vernon missed although enjoyed henry silva voice bane replaced got right man form hector elizondo wish could used two face riddler scary new version scarecrowthe musical score especially soft sounding intro superb wish soundtrack especially enjoyed beautiful talented cherie iceberg lounge along song betcha neva feel movie weaker mask phantasm subzero find strong enjoyable rest plus like said earlier full length movie based gotham knight version batman think give good balance would least recommend renting dvd first buying might leery movie personally well worth purchase give mystery batwoman,biased
first thought ring would normal movie ordinary plot surprised course plot simple one girl love two men hitchcock brings u silver platter laughter fear compassion anguish way depicts popular crowd fair strength attraction girl men tragic element come together technique open mind greatest moviesnorth northwest rope etc master great even thirty,neutral
following touted update go shoot head rather apt considering sorry state movie sequel film patently didnt need onewhat really irritates robocop maker obviously didnt understand original good first place robocop witty vibrant satire bad action movie robocop bad action moviethin dialogue particularly towards tedious shootout finale attracts little interest possesses none energy spirit original spoof ad little tasteless warning continued use cause skin cancer seem merely afterthought calling new designer drug nuke nowhere near subtle funny original family board game nuke emthe stopmotion animation  weakest element original  used extensively humourless sequel fails include credit sequence make look even cheap hurried ah humourless might say funny mayor way robo reprogrammed spout platitude yes attempt light relief robo tightening screwdriver human film punchline none likely induce laughter like rest film theyre staid moronic attempt entertainmentthe third final film series imaginatively titled robocop saw peter weller leave replaced robert john burke well undemanding role toneddown language violence obvious plea kiddie market robo action figure much plugged throughout social conscience overstated robocops newfound arm attachment jetpack getting silly final film never destined masterpiece yet fluid direction fred dekker flowing pace make one enjoyably throwaway viewingrobocop film proper robocop sequel could watch nothing better leaf second movie hanging middle unwatchable dirge picture franchise vehicle nothing say save pound sign rung irvin kershner paul verhoven comic artist frank miller partner walon green arent writer edward neumeier michael miner tragic waste good limited concept,biased
kiddingseeking greener pasture form hustling new york city jon voight young optimist cowboy almost forest gumplike joe buck texas take long big apple mercilessly swallow ambition whole soon joe target coldness new yorkers con streetthugs given pure heart take pity one thug ratso rizzo dustin hoffman later move wreck apartment two literally struggle survivewhile midnight comedy labeled drama best described either tragic comedy comedic tragedy opinion beautiful film stylish capturing contemporary hippievibe late mandatory dizzying warholparty cinematography juxtaposing ultraurban new york city film crams cowboy joe buck somewhere thereby emphasizing outofplace position feel struggle fit also merely get enough money feed ratso rizzomidnight cowboy brought tear eye also rich substance project lot heart imagine film must inspired forest gump purehearted outofplace lead character extent crocodile dundee film deal almost exact kind humour contrast countrycowboys slick new york cosmopolitan compelling sensationally creative film highly recommend,biased
based actual mining disaster early german talkie english subtitle still remains one effective docudrama ever filmed featuring many nonprofessional actor kameradschaft give chilling view friendship bind mine worker regardless side frenchgerman border may deadly accident brings best everyone nullifying superior order fellow miner need receive help comrade even threat great loss including lifethis film reminds selfsacrificing heroism shown nyfd following attack putting aside formal rule regulation men woman uniform knew one cause save life find fellowfire fighter year later kameradschaft still strong timeless message friend need friend deed,neutral
change today attitude towards film like boogie night approach approach awful comparing pulp fiction seeing pornography aspect come people beautiful motion picture sceptic hasnt paul thomas anderson proved worthy time time magnolia one main reason watch american film still faith industry filmmaking today blood film stay film history whether u like yeah socalled consumer know something fk dont deserve dont deserve anything many artist today struggle get recognition become increasingly difficult make serious film even mainstream people wanna see celebrity stupid stuff like sellout britney spearsanyway painful say dont want see dont wanna believe today matter adding number sale revenue sale return want see magic magic fellini bergman kurosawa brought created language cinema thats pta creating magic,neutral
allowed watch one program entire life would definitely pick chaser war everything satirical show australian television found chaser funniest amazing boy arent afraid anythingwhether dress hitler get polish club push massive ball string around melbourne try tourism ad rock coke factory naked bath buy water chaser boy go therein agreement comment andor chaser war everything popular previous program cnnnn cnnnn funny unforgettable moment show clean cambodia classicso anyway stop ranting strongly advise least give chaser chance youll likely find hilarious,biased
acting film really well done honestly movie slow boring soon get interesting everything slows major halt glad see sam rockwell great job actor mentioned man one worst dragged film ever seen maybe short film form movie would good avoid film much filler make twinkie cake jealous never ever walk film watching one home family walked yeah boring apparently comment doesnt enough line post here filler guess inspired movie watched,biased
dirty dancing one favorite movie ive watched two time abc havent chance buy rent blockbuster idea jennifer grey time made movie convincing teenager compared woman hollywood flat chest fooled easily age physically emotionally grey pull playing teen well also loved dancingwho wouldnt time ive watched dirty dancing keep wanting look dance class also love soundtrack recognize song eight nine would love able watch drama class im going ask teacher point there part movie use educational purpose much better stuff made u watch last year ending absolutely fantastic thats one best moment filmi cant believe im looking forward first day back school dirty dancing could ask better influence movie sort title,biased
one hideous film find lifetime tv portray abhorrent behavior disgusting woman empathetic manner along nasty film burning bed enough monster film take disgusting criminal attempt show viewer shes bad person give u break here question filmmaker letourneau man vili year old girl would made picture sympathizing empathizing person answer hell noimagine switching gender film youll see others consider worthless piece garbage gender switched would attempt empathize criminal instead wed likely treated portrayal monstrous hideous man preying upon young girl lascivious behavior landing prison brainwashed victim suffering stockholm syndrome reason letourneau receive treatment film virtue sexlets call spade spade letourneau pedophile plain simple ifs ands buts shes criminal belongs prison deserves derision contempt certainly pity empathy,biased
hello dave burning paradise film anyone like jackie chan indiana jones film main protagonist definitely bastard son two strange father character well familiar transformation similar action film stereotype film original blending traditional hong kong movie style hollywood action adventure sadly true film made hollywood,biased
two way regard head either dazzling mindblowing collage music old film clip psychedelia tv sitcomstyle comedy plot less pretentious rambling mess truth probably lie somewhere also one best movie timethe monkees davy jones peter tork mickey dolenz mike nesmith finished hit series wanted movie collaboration writer jack nicholson director bob rafelson made headit begin bridge opening ceremony san francisco monkees gate crash proceeding mickey jump safety rail plunging hundred foot water mermaid rescue accompaniment gorgeous jerry goffin carole king composition called porpoise song visuals make stargate finale look drab comparison either switched puzzled disgust completely captivatedmore bizarre happening unfold mickey us tank destroy cocacola machine middle desert entire italian army surrender group hired play play dandruff victor matures hair television commercial overweight waitress insult group describing god gift eight year old surprise birthday party mike go wrong group sucked vacuum cleaner cap driven away inside giant glass tankyou either hate love found refreshing change mindless pop musical let show right variety song good daddy song superbly choreographed toni basil later appear rafelsons easy rider boast wonderful editing davy clothes changing colour lightning speed go along lovely goffin king number whose accompanying image carry strong environmentalist messagefrank zappa annette funicello two guest star crop victor mature read script agreeing one wonder he hilarious thoughso mad real genius behind head little gem one worth revisiting time time shame find audience time spiceworld like,neutral
suspenseful surprisingly intelligent film five medical student flatlining resuscitated share experience death lie beyond joel schumacher directs skill creating eerie scene well particularly beautiful one vision death viewer might expect awaits u go thanks screenwriter peter filardi really outstanding job coming story creativity story impressive story many hole well particularly logic department believability factor notwithstanding flatliners good effective film script direction surreal time acting brings four talented actor william baldwin together core actor act reacts nicely keifer sutherland impressive job head group one come idea die born also manages portray man young man damaging destructive secret past kevin bacon fine pragmatic skeptical group oliver platt really good voice reason human fear platt really good line play paranoia well yes julia robert good actor best though playing making u believe good friend duly impressed much flatliners anything else story affected scene dog hobbling around street one powerful image evoked many flashback scene,neutral
dane youssefa gang crook perfect plan go wrong theyre trouble police outside theyre cornered gonna nowsound familiarthe movie seems like trying combination acting workshop indie film theaterits kind thing actor loveits kind like workshop play mostly consists tight focusing actor acting acting angry tense scared conversing scheming planninggiving performer lot free range really ham upa trio crook one leader one goon one brother come big heist scheme monkey wrench thrown work top thing there bit fenderbender one crook flung back windshieldthe cop tail stumble bar named poetically leadenly dinos last chancespacey director try keep focus actor performance delivery dialouge pan bright passionred cigarette ad smoking smoldering bogart keep violence offscreen reallyi think mistake focusing intensity gruesome violent scene would given movie edgethe problem movie move slow suffers miscasting almost every role matt dillon drugstore cowboy wild thing seems young idealistic leader ganggary sinese seems brooding deep thought spineless tagalong guy joe mantaga effective traditional routine foulswearing maddog police lieutenant who thumb isnt given anything really herewilliam fischter actor believable role brainless grunt want spill bloodand crook tense situation either go jail try think way thisspacey lack ability create lot tension keep going character mostly chatting away trying think plan theyre calm articulate there even scene crook playing pool whole swarm armed cop right outside ready strike one point one crook even call police right outside bar oh brother oh botherthese cop going either blow away going lock shouldnt holedup crook little scared little uneasy meanwhile real action happening insidesomeone whip gun baseball bat lead ugly confrontation offscreen there one casualty happens thats well kinda sad butfaye dunaway also spent time dialect coach improving new orleans accent skeet ullrich fine smaller parta cop listening reach pack match absolute worst time nice look scene someone go right rear windshield dialouge obviously trying go david mamet approach profane never realistic insightfulthe movie feel like much really really lowbudget movie actor behind camera first time directing actor script thats bad need rewrite spacey show he terrible director lack sort feel shaping movie feel like he filming actor actthese actor talented could work material feel place said movie really suffers miscasting dont mean wrong actor cast think found right cast placed wrong role think switching role wouldve helped immenselyhaving veteran mob actor joe mantagna play leader pack gary sinese angry police lieutenant outside bullhorn giving order barking troop keeping fischter bloodthirsty goon part matt dillion sacrificial lamb would big improvementwhen actor direct work even win oscar lot time actor direct tendency focus performance shoot actor actingsometimes work need good showcase excuse ithostage situation pretty much real life like comingofage story natural movie go point point b wellthere really great entry genre spacey appeared similar movie hostage situation negotiatorthis certainly wont become cult classic let alone one afis still nice moment personal touch end instantly forgettable kind movie would play best regular tv worth going way seei give spaceys directorial credit beyond sea reportedly better effort hmmm maybe true need fail succeedby dane youssef,neutral
belgian take interest history congo colony many year rwanda belgian protectorate colony part country history nowadays seems popular say belgian congo wrong especially th century im saying bad thing didnt happen course back wasnt abnormal really think french brit much nicer colony werent normal time king leopold ii use congo way gain personal wealth private property didnt belong state tried make course gruesome thing like hand chopped happened yes today standard thats inadmissible day common practice said didnt happen anymore last decade know several people lived worked congo many year declaration congolese independence true several black servant nice people really cant imagine ever treated bad far know always treated lot respect however im saying belgian fact werent old almost year old would love return congothe good thing movie give historically accurate vision happened last year belgian governance first year congolese independence story isnt black white perhaps best word context else explain mean feared would doesnt say belgian wrong congolese good show perfectly congolese rush getting independent belgian didnt mind accept help russian well american eye raw material like copper diamond bauxite rubber getting congolese political camp werent interested independence give good idea lumumba became powerful also mobutu played double role show belgian reaction compatriot violated threatened even murdered father one paratrooper send congo rescue belgian give good idea political problem lumumba encountered province katanga didnt want part congolese republic role belgian murder lumumba get part moviethe story seems accurate character really look act like real one movie able give good idea life congo late fifty early sixty like seen everybody interested history country also shown history class especially belgium part history never forgotten give perhaps even,neutral
chris rock apparently desperate cozy starvehicle would cross appeal white mainstream black audience update hit comedy heaven wait urban agenda play struggling comedian involved car accident soul removed soon bodyconsequently angel must find another body place come white businessman rewriting movie bland sentimental heaven wait show rock eye boxoffice strictly corporate move organized mercenary hollywood player strive something loftier memorable silly reincarnation comedy culminates evening apollo terrific supporting cast including usuallyreliable regina king wonderful mark addy wanda sykes eugene levy terrific frankie faison rock seems awkward unsure throughout,neutral
film coincides mike allreds comic book miniseries red rocket seven tell story alien escaped earth wait astroesque tie book revelation apocylpse part bigger story movie confuses read rr easily tell allred used telling story picture direction good effect arent bad budget unfortunately mike used many friend play role probably didnt heart say couldnt act also mike showing writing skill movie dialouge spoonfeeds plot doesnt let enjoy character actually disappointing considering tremendous writing ability shown comic book,neutral
child preferred first care bear movie since one seemed dark always sat watched first one got older learned prefer one think film dark infant get older learn treasure since understand doesnt seem dark back childthis movie opinion better first one everything much deeper may contradict first movie must ignore first movie watch one cub adorable rewind flying color scene tend annoy everyone singing itthe sound track great big hand carol dean park love every song movie downloaded listening im listening beginning also known recalling moment always preferred sound track first one although totally love carol king song first movie carealoti think animation great animation movie fantastic surprised sat watched year later saw animation time excellent really surprisingthere lot back people say movie great think weirdstrange think wonderful moviebasically movie care bear came defeat demon dark heart end surprising beat pokemon movie care bear moral issue leaf effect movie teach everyone age morality,biased
dull acting weak scriptworst spanish movie yearsi wasattracted naked beauty paz vega actressshes useless almost cant understand shes sayingabout story there much coherent saywe heard itbefore modern carmen find change french soldier basque soldier merimee character story carmen dangerous bandolera love famousmatador speak fluent basquecan anyone understand mess,neutral
well caught tail end film hbo final minute must say contains probably laughable depiction distance running ever put film im serious distance runner dedicated fan sport ive sat many painful demonstration movie however nothing could ever prepared shown screen final minute movie literally defies belief depiction runner even ironic considering african runner completely dominate sport elegant graceful female protagonist shuffle along like overweight pregnant woman highly trained male supporter better well race alleged world class runner surrounded pudgy overweight people many walking find interesting director decided lead female competition yet near end shown passing people look like theyre staggering along two broken leg believe amazing stellar athlete overtaken crippled person end race maybe director think female runner cant run faster minute mile obviously never heard athlete like paula radcliffe tirunesh dibabaeven arent running fan youll astonished insanely inaccurate portrayal running movie watchable unintentional comedy note director next time decide make movie sport might worth hire least one person actually observed sport action,neutral
could see final outcome mile awayall sign therethe promthe liquorthe fast ridethe distraction female good commercial seatbelt usageand later model vehicle sit passenger back windshieldalsothe ending rather anti climaticas ford econoline van barely suffers crease across nose hitting bridge abuttment high speed highly unlikelymore damage van would made little believableand film always take place duringafter prom case survive promyou good life anything elseit show lack policing prom liquorand keeping tab minor leaving dance joyride,biased
easy film watch three half hour long composed entirely conversation yet incredibly compelling ruthlessly observational human character humble opinion one greatest film timethe film depressing cynical cruel want something uplifting see jacques rivettes fantastic céline julie go boating made around time show idealism late nothing different society trying changeit involves supposedly liberated ménageàtrois alexandre played jeanpierre leaud marie bernadette lafont veronika francoise lebrun yet alexandre shown chauvinistic jealous man woman exposed willingly subservient defining femininity male gazethe film extremely icy end highly revolutionary french new wave movement one significant movement film history profound effect cinema know jeanpierre leaud one key actor new wave starred among film influential le quatres cent coup francois truffaut rebellious teenager director jean eustache well known director new wave bethere improvisation unlike john cassavetess similar film made u dialogue come reallife conversation film resonant eustaches personal experience example francoise lebrun former lover eustache eustache committed suicide reallife person character marie based anger bitterness culminate harrowing monologue veronika delivered directly audience breaking coldly objective nature rest film mesmerising personal honest filmic statement remains one revealing film human nature around,neutral
still trying figure target movie whether show stupid disorganized unprofessional arrogant police surely could add various adjective think point clear whether show twistedminded crook know want create chaos whether show persistent detective solve case asking criminal stupid question till criminal answer show minute filmed material still called movie one movie way disappoint first minute kind figured movie nominated best movie award surprisingly enough  consistent throughout whole time stupid enough worth wait see stupidly continue end  disappointed either complete waist time yes raise question  watch throughout well trying fall asleep thought great candidate unfortunately much coffee,biased
ned kelly born later probably would victoria cross gallipolli neds braveryin australia especially country victoria name ned kelly said immediately recognised greta still hero life blood town jerilderie depends tourism created mansfield still havent forgotten three policeman murdered theremany building visited life still standing old melbourne gaol hanged post office held jerilderie cell held greta display benella site ann jones hotel station even log captured glenrowan visitedevidence event movie except love interest found victoria police record even sash ned awarded rescuing dick shelton drowning none wrong whats left would justify neds action horse ned stole actually stolen wild wright man ned box getting jail ned already prison horse reported stolen couldnt stolen itthe jerilderie letter stated self justification neds biography outline stood protecting go ahead read watch movie make mind ned stood,biased
indeed spectacularly bad film rare kind badness endlessly jawdroppingly entertaining want add comment filmthe rock band plane look like three skinny drunk casual labor wearing bad wigswatch severe continuity problem kid stuffed tiger turn lion leopard back filthy clean depending shotspoiler stuffed tiger turn real animal save kid writersthe sight little jimmy floating amazon coffin clutching stuffed tiger squalling away stick permanently memory listen one inept sound effect ever late story priest setting find jimmy guide demand monk robe paymentthe priest drop one knee moment resigned contemplation sound bell deep bonnnng church bell ding bell boxing matchthis absolute hoot watch,neutral
film really used location well amazing shot dark disturbing film move slowly constantly keep watching modern love worked well gold coast film fantastic program year offering audience glimpse australian cinema usually neglected importantly refreshing see australian cinema taking cliché aussie character story line seen done death year film would compliment festival open debate screening performance character well developed cinematography fantastic interesting exploration family relationship environment,neutral
found real task sit film sound track best accent made difficult understand said little move plot along often action simply stopped prolonged period conversation seemed extraneous movie conversation switched family group observer left try piece together common thread tied together rare rate film low case entire viewing experience left thinking waste time watching,neutral
loved movie actor wonderful suited role story great true setting perfect message human response war danger risk exceptional person wrote music score also music life beautiful another favourite mine comment apparently like english movie like italian movie think he right callum blue perfect part eric newby recommend movie everyone want watch story true morally uplifting well beautiful love story,neutral
happens youre living china local video store running thin englishlanguage titlesyou blessed work appears yes romanian cinema nevertheless think real comedic potentialspoilers technically followthough dont think would fact spoil anyones viewing pleasure ask film set casino scene beach archery even flashback mystery many conundrum remain exploited desperate comedian perhaps theyre stuck bucharestlet also wonder aloud perfectly goodlooking people allow abuse film like sad,neutral
despite lot people thought first movie really liked one however sum one word movie come word crapbut let look part part plot finally old queen removed castle successor snow white problem another sort courtjester father son gone astray super spliss go extreme battle gray hair sell royal offspring blond full hair desperation snow white seek help bubi otto walkeeswho must first find six dwarf companion try find royal offspring least try find name rumpelstiltskinthe whole plot seems written weekend writer drunk pressure studio write screenplay yes good joke even fan first part fan actor really worth buying dvd believe thing least kind save movie complete oblivion performance actor thats gave move sadly script bad none actor combined make bad storyfor example one point even cross reality sadly dont anything funny still lot great actor movie otto waalkes ralf schmitz martin schneider nina hagen cosma shiva hagen especially funny rüdiger hoffmann mirror helge schneider many sadly comedian arent able bring really bad script life maybe treat hardcore fan regular movie goer dvd renter buyer worth money even regret renting movie,neutral
uncompromising look suburb st century vienna mixing story six group character former documentary maker useidl provocative minimalistic intense piece observation cinemaafter worldwide spread big brother reality show hundstage take modern voyeurism unsettling profound level hard like unignorable piece european artcinema might seem cruel seedy yet manages convey nihilistic alienated feeling modern society praiseworthy mannera must lover world cinema,biased
reading book lot meaning movie didnt give feeling book conveyed make wonder kaufman even liked book successfully made something elseeither simply bad importantly lightness first scene music drownes dialogue feeling continues right movie think maker thought upbeat music playing right movie would make story feel light however completely failed instead music manages give everything movie feel way dramatising event linger everything actually feel heavyanother example adaptation fails embellishing story line making dramatic movie see franz passing tomas street way see sabina introduction chance meetingpassing im sure didnt happen book give tomas story significance make lightthere many example continuity story changed imo worst however might done book simply doesnt convert well movie kunderas style make wonder generous reviewer site writing book movie experience mind rather writing film film long uncompelling havent read book yet recommend reading say wasting time probably end writing similar stayclear warning,neutral
old high school teacher mine used brag hed seen every movie ever made one day friend mine decided make movie called pacific inferno later got argument whether lead role played carl weather billy dee williams teacher found argument interesting came u informed u lead role pacific inferno played jim brown thought trapped lie went library discovered pacific inferno fact real movie incident forced rent movie horrible made movie better plot piece weather billy dee would much better picture,neutral
scary movie bad idea begin last film mediocre effort put next load comedy classic whilst part two filled lot dated humor cheap shot least funny there nothing funny forced humor joke pratfall sight gag supposed naturally funny hitting viewer head tired joke cool humor film caters juvenile imbecile wholl laugh anything catered junior high school crowd sense self respect tossed window ring parody funny watched comedy since theyre dated michael jackson joke cool either whats even worse making fun two broken performer whose best day neverthe death american cinema slow one film like nail pounded coffin whatever happened real humor havent laughed loud movie theater long time many bad movie rot brain want proof go local mega chain video rental store see whats shelf movie bad dont believe hype would rather watch scary movie continuous loop suffer poor excuse comedy ever againdefinitely recommended unless handful brain cell,biased
normally love jackie chan movie one terrible fight scene normal standard less bad thing movie focus lot car chasingracing car chase isnt bad though exciting fighting car racing end exceptionally boring basically take thing make jackie chan film jackie chan film leaf everything except jackie chan even traditional outtake end lack usual humouri suppose certain extent made worse fact saw one horrible dubbed version usually try see subtitled versioni wish could understand chineseive seen one jackie film worse one one early foray hollywood film didnt turn wellavoid unless really curious lover motor sport,biased
sure concept already done alf charmings thrust modern society onto one outofplace character loved show watched religiously ended learned scorch actually hopeful something new new tv far hadnt impressed least star trek tng simpson still goingwhat got big disappointment acting awful considering ridiculous dialogue wholly unbelievable writing cant blame much work humorous moment deliberate joke seemed forced delivery whole production work show seemed lowbudget tv time would fit right instill first episode introduce character establish entire premise series gave benefit doubt second episode wasnt bad started get hope back got stride show would improve sadly vcr ended recording third episode aired never got see series disappeared tv listing first two episode recorded air onto vhs tape,biased
play like usual teenageaudience ta movie sentiment incredibly bleak made today itd considered art house movie go usual routine guy trying get laid result effort harsh cruel unsatisfyingthe whole teen flick formula adhered nothing turn way youd expect imagine director cut wonderful life end james stewart wasnt allowed return real world incredible film subverts expectation genre make feel dirty afterwards redemption character im amazed ever got made eighty version detective story,neutral
old white housewife still appreciate laurence fishburne one finest actor anyone appreciates work like deep cover might enjoy watching incredible acting range actor since think directorial debut might prove even interesting acting quite good cant take lower manhattan junky world reality crime life glorified action shootem ups film would enjoy mr fishburnes usual contribution incredibly subtle relationship would love see larry anthony hopkins go day movie,neutral
may sound crazy even people remember showbut remembered liveaction dont think ever saw cartoon movie maybe remember clearly guy building kinda like showroom even red jacket dark turned red car guy second level looking carguy spun around crashed big showroom type window onto street proceeded drive remember really hope someone else remembers maybe im still crazy im hoping im,biased
daring film day could even described softcore porn silent era talkie dialog extremely limited german one need anywaythe young hedy lamarr get trapped loveless marriage obsessive stereotype german short time marriage apparently never consummated return home fatherin famous funny scene decides go skinny dipping one morning horse distracted another forced run across field chasing left clothing horse engineer retrieves horse return clothing getting eyefulthey sit zen moment present flower bee sitting top think back honeymoon action husband insect know man differentshe return home eventually seek young fellow find ecstasy denied use imagine head disappears view see writhing pleasure since never got undressed imagine certainly homage woman director gustav machatý shock audiencesthe thing mar beautifully filmed movie excessive guilt strange ending,neutral
greta garbo american film debut analogy life swept course fate action torrent causing u lose part along waygreta play leonora poor peasant girl love ricardo cortez character rafael landowner ricardo love easily influenced domineering mother leonora end homeless travel paris becomes famous opera singer develops reputation loose woman reality part attitude bitterness rafaels abandonmentshe return home visit family eventually confronts rafael surprisingly one know shes famous la brunna garbo act role diva truly prised cool haughtiness later portrayalsricardo cortez reminds one lot valentino look part groomed valentino clone mgm though never thought could reality right believable unsympathetic part weak willed mama boy allows age realistically comically end movie fails win leonora return home later follows courage underminedthis movie beautifully shot brilliant storm sequence set depicting spain time authentic looking also fine secondary performance old timer lucien littlefield tully marshall mack swainalthough story lost love missed chance dont think leonora rafael would happy together needed traditional wife much career woman dont think would happy small village ending true life pull punchessee one garbo american film debut precursor thing come,neutral
exception family new season worse season one cant imagine thinking fan horror tolerate lot gore mindless mayhem series get worse outing cant imagine disheartening must actor crew go work day toiling churn crap story much ask character give damn fate anyone story engaged care get carved whatever almost every episode end mindless blood letting going gross shock without sense revelation conclusion reason subjected hour bloodletting even dante effort season disturbing sexist violence wandered pointless conclusion ironically production value performance tend speed content utter crap great hope exec producer garriss valarie stair shall see,neutral
national lampoon christmas vacation cousin eddy island adventure randy quaid miriam flynn dana barron jake thomas sung hi lee eric idle fred willard ed asner nick marck embarrassing directtovideo flop oafish cousin eddie family expensespaid vacation south pacific bos hoping dunce wont sue company bitten smarter lab monkey idiotic spin cant measure vacation film even european vacation question whether filmmaker thought script actually funny even quaid willard asner make remotely watchable min rated,biased
witchcraftwitcheryla casa whatever else wish call aboutcruda gathering people massachusetts island resort besieged black magic power evil witch killing individual using cruel torturous method photographer garydavid hasselhoffis taking picture lindacatherine hickland whose voice demeanor resemble eeyor winnie poo cartoon virgin studying witchcraft island resort without permission rose brooksannie ross portraying incredibly rude bitchis interested perhaps purchasing resort along husband freddierobert champagne always ogling woman much younger pregnant daughter janelinda blairand grandson tommymichael manchester look bored throughout probably wanting watch sesame street instead starring rubbish go boat resort treated look property realtor tony giordanos son jerryrick farnsworth obviously pup business getting foot wet along folk architect leslieleslie cumming whose character nymphowho might help rose redesign resort boat captain killed lady blackhildegard knef wearing makeup lipstick extra thickand storm brewing boat drive itselfguided invisible power lady black guesswith everyone stuck decrepit resort dire need repair victim meeting grisly fate carried type red wormhole whose vortex lead another dimensionperhaps type hell somethingwhere tortured fiend dressed raggedy clothes crummy visage one victim mouth sown hung upside chimney roasted others light fireplace one poor soul tortured harsh twisting rope wrapped tightly around flesh found hanging snout swordfish penetrating neck one fellow slowly suffocating vein bulgeand bleed neck blood vessel burst squirting hasselhoffs face one fellow crucified nail hammered hand hung upside open flame blair pregnant victim becomes possessed hair standing end speaking another woman voice one raped demonic man diseased mouth hellish hobo stand nearby gleefully cheering film despite excess mostly dull fodder really wish see lowest point career hasselhoff blair deserve better almost unbearable time building littletono suspense clumsy execution death sequence look cheap laughable sure gore okay film show victim theyve run ringer get chance see pregnant womenwho look exactly like stuntmen costume bad wig jumping three story window oh lady black reflected face often pop inanimate object character see tommy little sesame street recorder tape lady black mumbo jumbo chant obviously used later reason lady black like visit little tommy he scared tommys bored show expression face much less fear need say one real stinker ugh,neutral
hare rama hare krishna biggest hit movie filmed almost entirely kathmandu capital nepal movie depicts theme broken family also relationship brother sister well drug hippie movement made many people think involved iskon movement krishna consciousnessthe movie begin scene drug informed woman dancing front narrator sister going back past brother sister happily playing around house hear parent arguing soon lead split family brother go mother sister fatheras year pas brother go search sister informed longer life father moved nepal prashant brother find love also find sister janice find wrong company friend also drug want block memory past help shanti love brother try get sister away overcome many obstacle including people stoop sort level stop multi cast movie led director producer dev anand also star zeenat aman first movie mumtaz rajendranath prem chopra jnr mehmood ak hangal achala sachdev music superbly provided late rd burman whose last score love story filming dev anand asked panchamda rd burman compose something special film day later panchamda came back composition dum maro dum song instant hit,neutral
cactus flower call pizza movie personal favorite never fails satisfy perfect evening home pizza knowing line line heart enhances enjoymentsince many others retold plot ill simply add correction bergman character miss dickinson nursereceptionist meaning skilled nurse therefore educated person receptionistbergmans performance film film largely dismissed time today audience marvel range impeccable comic timing ability make u believe character unaware feeling revealing clearly toni u general plot stretch credibility bergman performance compelling honest utterly believablealso standout jack weston performance matthaus old friend coconspirator harvey one could deliver zinger like weston ial diamond script give plenty example thats big dirty rotten lie class weston excelled slightly seedy character exuded warmth allowed forgive character flaw film fairly straight adaptation abe burrow play adapted french play barillet gredy broadway matthaus role played barry nelson bergman lauren bacall hawns brenda vaccaro ran performance three year nominated two tony award vaccaro burt brinckerhoff played igorfor film score written adapted legendary quincy jones another highlight main theme time love anytime performed sarah vaughn opening closing credit also insinuated different arrangement throughout film notably romantic piano music underscoring bermans speech hawn record store jones also created cover popular song period sir love im believer night club scene film element tremendous amount talent taste professionalism evident opinion modern romantic comedy hold candle classic great finally available dvd time call pizza,neutral
film child make sense world around use myth make sense think misperceived everyone going expecting stalkfest wont enjoy want deeper story,neutral
footie fan mean watched friend wasnt anything else box timethank goodness laugh start finish week later pub started discussing made right spectacle uncontrollable laughter sloping pitch actually exist released email anyone hears future availability repeat telly please let know definitely funniest thing ive seen television king leek good another tim healy classic,neutral
like recent personal experience especially idea everyone free everything finite character firm really enjoy real life enjoy ie movie good job making simple day good memory good memory includes romantic feeling beautiful stranger beautiful european city definitely deeper discussion value life many movie like term discussion definition life love relationship current problem life sort sunrise dealt nice way make viewer pause think adjust breath go watching film sunrise try instill specific thought head encouraged think issue daily life gave alternative possibility made conversation character interesting typical whining complaint flowing dumb idea would still thinking issue curious next line story end quite important could got something feel something good positive movie movie supposed enjoyable enjoyable movie worth time watch journey movie somehow represented part answered question,neutral
recently saw film film festival hollywood polarized gray glass red blue much fun watch film audience print excellent perfect performance top added fun surprise ending arent supposed share fellow movie goer least according movie trailer poster people howling laughter today standard probably comedy horror added dimension complete cobweb bat coming screen film entertaining romp horror,biased
saw film came let see nowthis guy earlier skied mount fuji manages accumulate funding hire personnel document sound surface like bold daring actto ski world highest peak welland come spoilerwhat happens see large crew people manage help get near topand life lost bargainhe get ski manages make short way point parachute opensand thats instead burning footage hide amazingly anticlimactic ending embarrassing debacle guy go ahead release spoiler end admire amazing courage effort must taken film crew get stunning shot got another spoileroh yes one sherpa killed falling crevasse narrator quoting daredevil skier casually remark according sherpa religion since man body cannot recovered soul roam world forever never know rest worth narrator mus yes answersbecause served purpose letting clown ski everest cant remember ever seeing meretricious piece celluloid one miss cost,biased
first travesty actually make money another sequel along line another stakeout one asked weve received anyway sequel like predecessor completely braindead also pretty disgusting remember dinner scene think almost felt sorry ritter yasbeck warden need money much,biased
think saying something bollywood bride prejudice stayed faithful source material hollywood version also laughed bollywood version mr kholi priceless read book seen bbc version liked nasty surprise going film friend however seen neither mildly amused film jane austen purist though even filmgoer dislike historical inaccuracy painful sit thisugh script script biggest problem imagine actor wouldnt fared half badly theyd decent script perhaps penned somebody actually loved austen workwhat travesty committed well youll forced endure incredulous line dont dare judge lizzy leave alone life line far anything could come jane austen eloquent pen anyone honestly believe word like spilling mouth genteel young lady regency era usage modern colloquialism one many irritating way screenwriter butcher book writer also decided give character line book said completely different character apparent purpose worse try stick bit closer book writing screenwriter nasty unnecessary habit rearranging austen phrase substituting awkward synonym already perfect word screenwriter sat book one hand thesaurus writing script stick austen word better assume done revisionist spirit effort distance film iconic bbc version however also made travesty true spirit austen beloved workthe casting potential though quickly dashed away script kicked keira giggling excessively baring crooked teeth equal charm vivacity think mr mcfayden though find tolerably handsome enough misread script impression playing heathcliff formidable mr darcy really enjoy brenda blethyn kelly reilly actor played mr collins interpretation really rather refreshingoh donald sutherland somebody described performance seeming like hobo accidentally wandered onto movie set must say apt description somebody tell fashioned wickham legolas though movie two minute daresay without impressive archery skill perk movieon wardrobe note would kill miss bingleys dress sumptuous would fit modern century sleeveless regency evening gown please versace austen sure poor keira budget went salary wardrobe oh im sure eventually caught bastard stole one hairbrush movie set unfortunately didnt catch soon enough comb actress tress filming rolledin short new hollywood version bid adieu austen eloquence subtlety wit youll getting complete opposite,neutral
dressed kill less forgotten critical circle past year true american classic film much glossy thrilleri sincerely hope dvd release give people chance hear see,biased
something seeing movie good oldfashioned movie house add enormous appeal every picture fortunately enough able see film forum new york city pair ernst lubitsch comedy three week tribute legendary director double feature attended screening lubitsch comedy bluebeard eighth wife precode classic design living neither seen everything read design living praised film could find good review anywhere bluebeard eighth wife leonard maltin disliked itvideohound gave comedy low ratingits imdb score complimentaryand pauline kael great surprise blasted film scathing review went city day expecting enjoy bluebeard eighth wife slightly love design living completely bluebeard eighth wife showing first began eccentric populate cinema took seat thirty music subsided adolph zukor present claudette colbert gary cooper ernst lubitsch bluebeard eighth wife title card read picture opened hilarious scene cooper want buy pair pajama top doesnt want part bottom get squabble clerk seek help higher boss seems end argument enter claudette colbert one thirty cinema beautiful charming talented personality ill take bottom kindly intercedes perhaps screwball comedy finest meet cute ever film kept interest wonderfullyi found laughing almost constantly colbert discovers family portrait taken groomtobe married seven time entire theatre broke histerics bargain money immediately get shock laugh still havent ceased intensify edward everett horton milked hilarious reaction script well cooper take inspiration shakespeare taming shrew disciplining wife slapping face could control laughter slapped back drunk scene scallion one claudette colbert funniest comic scene greatest comic moment film came colbert highers boxer teach husband lesson pure screwball fashion knock wrong man instead putting friend david niven cold sleep awakes cooper arriving order cover situation colbert moment strong sexiness put fist niven asks man hit right right bam knock film wonderful beginning end perfect delight loved design living though dare say think sheer laugh entertainment bluebeard eighth wife better enjoyable film charm seeing vintage film large screen presence others laughing one feel comfortable perhaps felt way bluebeard eighth wife,neutral
film last piece three colour trilogy also best three one best movie there hardly another movie wisely consequently asks humanity respect every human valentine irene jacob life geneva work model though boyfriend seems rather lonely one night accident injures dog lead owner retired jugde jeanlouis trintignant cynical spy neighbor phone call disgusted cannot go away meet two lonely soul meet become friend develop deep love story complex told completely another connection young man represents judge valentine real love relationship friendshipthe actor wonderful irene jacob jeanlouis trintignant developing deep authentic friendship topic endless validity fraternity contact also respect right privacy alarmingly seem loose right make movie like one even important might red one strongest colour exists representing inner turmoil love anger passion used another protagonist brings unmatched depth movie masterpiece,neutral
absolutely best cartoon ever maybe best cartoon time everything action adventure thrill much morei cant imagine hard rubyspears company make great cartoon spent lot money masterpiece work worth example beaming scene hard wouldnt call great technology year computer like world live beaming scene excellentthe cartoon never hope released dvd specially centurion favorite whole complete set episode dvdr released dvd people world would able buy see dvd almost every store mean lot fan good friend ted made petition either get show back tv better dvd get many request get back dvdso please help u signing petition httpwwwpetitiononlinecomfpetitionhtml,neutral
back day toxic avenger lowcamp king troma film tried take high ok somewhatlesslow road producing straight slasher pic id like think viewing result convinced give pretension go selfconscious parodysplatter university another film masochist audience meander two separate cast innumerable pointless subplots actually becomes painful watch let see summarizeafter learning dangerous psychopath escaped local hospital action move catholic university dont recall name honor title let call st splatter student listless sullen argue pettily slacker ahead time meanwhile new professor julie parker prof utterly incompetent job kid deal relationship infidelity unwanted pregnancy lecherous priest avoid work class julie deal creepy boyfriend inflexible administration st splatter counseling unwed mother blank expressionless look student none mean darn thing get resolved meaningful way oh every pov shot come along stab one girl death dont hold breath waiting there red herring killer sadly anticlimactic confrontation real killer back asylum roll creditsthe slow pace numerous inane subplots seem almost calculated produce mounting sense frustration viewer helped along choppy editing coffeecan sound quality dialog doesnt make sense agonizing thing movie killer fixation woman men movie deserving idve paid good money see someone jerk pregnant girlfriend lunkhead lothario fooling around girlfriend roommate creepy priest aint justice,neutral
riddle concept interesting idea im afraid miscast vinnie given hard man role element lock stock snatch movie vinnie play newspaper sport writer greyhound precisewho course movie easily beaten ease bundled balcony man year senior im sorry vinnie tough look tough cast like foolish trying investigate double murder friend drug addict found near thames take role policeman whilst real police bit part player interceeding flashback charles dickenswhen vinnie screen reputation precedes look tough doesnt part need act tough snarling camera part watch mean machine perfectly cast believable decent performance getting back movie confuses matter somewhat flashback charles dickens narrating different story character also appear present day two story appears unrelated apart actor used sound movie especially julie cox inaudible time really fleshed role movie short vinnies love interest start film detecive quickly becomes girlfriendthe death prostitute sort answered yetnot answered strip charles dickens stuff may decent movievinnie slowly becoming britans steven segal stick supporting actor role youre quite good,neutral
saw film movie theater taking class second city chicago course buzz movie intense woodward film one second city native sonseveryone knew john history everyone knew died even knew lore make particularly friendly towards woman improv comedybut hey man led life loved intensely people world lore also state treated close friend love respectthis movie well forget idea poor michael chilklis really great actor really astonishingly bad film really relegated impersonation manforget idea could get right belushis workand snl scene never happened portrayed moviescrew idea half historical information film even follow bob woodward work kinda saying okaywe mess belushinow let go woodward also decided take premise wonderful life turn horrible life crackis guardian angel devil pinball machine devil assistant electronic devicehow many different ending tack onto movie one movie overyou look person stunned disbelief go hell circle movie become kinda cult classic good reasona good cult classic sit around screen make fun throw snappy one liner screen cult film never good people would never watch serious contextif want watch classic bad late fair stoned rent wired want know john belushiyou get information wall second city chicago movie,neutral
really enjoyed watching movie part slow setting mood building action thought movie educational taught croatian heritage also learned louise arbour say great influence time magazine named louise arbour one world influential people april recommend movie people like historical movie obviously movie dramatic still told truth event former yugoslavia louise arbour brave hero im glad made movie honouring see movie hope youll like,biased
honestly dont understand tripe like get made worst juniorhigh talent show skit youve ever seen entertaining film ferrells wrestling fetish provides briefly humorous moment utterly horrible,biased
eighty savage steve holland put three movie two classic seems small genre absurdist teen comedy third got college measure better dead one mainly lack john cusack curtis armstrong except tiny cameoone crazy summer underrated movie lot great characterization gag recall savage steves movie vilified brain dead time three movie drifted childrens tv could use movie like,biased
scientist girl friend driving speeding cause car crash escape unharmed decapitated save head brings house keep alive proceeds search model stripper perfect body head crippled assistant watch head start talking telepathic telepathetic link deformed monster kept closetas see pretty stupid stuff certain fondness grew late local tv station showed movie time year exaggeration showed always saturday afternoon tvuncut seeing tv back great explicit blood gore along gruesome monster sleazy sexploitationwho care good seeing realize lousy really isthe acting perfectly wretched production value nonexistent script pretty dumb aside still pretty disgusting gore dull stuff there also mild cat fight two woman admittedly great monster end also add ending leaf ton loose end one hand interesting example exploitation film utter trash either way good movie mustsee one time horror gore fansalso head laugh pretty creepy note end credit get title wrong calling head wouldnt die,biased
great film pure entertainment nothing nothing less enjoyable vaguely feelgood moviea minor nonetheless irritating thing movie dont know justine chas broke okay first relationship dont work one reason another less seemed like nice couplein nutshell worth watch escape reality,biased
ida lupino trapped home crazy robert ryan beware lovely film rko lupino ryan three film together worked well team consummate professional strong performer film based broadway play called man lupino world war widow rent room home shes active wellliked community though husband dead two year shes ready move man rent room go vacation lupino hire robert ryan help heavyduty cleaning house he friendly enough start later terrorizes locking house allowing answer phone door grows violent touch realitythe character played ryan shown beginning movie running away discovers dead body another house he working isnt clear whether he killer since seems surprised see body might split personality personality turn ugly toward lupino seems memory activity come doesnt know key lupinos house pocket doesnt know ticket party bought young child came doorbeware lovely suspenseful film two lead give terrific performance tension build high level end way youre expecting,neutral
movie horrendous decent fight scene acting really bad like tell theyre reading line card painful line delivery everyone cast think watching high school play cringing obvious lack smoothness actor interaction weird pause different character line combined hurried line delivery others movie action might forgivable lot movie includes plot setup family guy style irreverent cut aways oh wow badly done im assuming attempting funny came bunch highschoolers college entry student goofing afternoon trying set funny youtube clip fight scene theyre bad considering level quality seen everywhere else film nothing great either certainly anywhere near level poster stated nothing like drunken master fight overly staged feel lot cut different angle blatantly different position involved sum reason watch movie one guy friend involved cheap production guy may ask oh guy wrote directed produced stared middle school masterpiece,neutral
looking quo vadis local video store found version looked interesting wow amazing much ken russell kind film quirky stylized artistic course different nero presented much evil incarnate wacky unfulfilled emperor would rather circus career probably wondered earth put position leading empire wasnt much fun fun longed klause maria bandaur tremendous time role played worth yes nero persecuted christian vengeance one many one point one henchman murmur one ever understand simply protecting got right,biased
actually didnt start watching show came fx bored nothing watch saw show rerun premiering decided watch upset watched show first aired tv loved show muchfinally show everyone enjoy remember full house family matter step step okay show funny enough would make dumb joke laugh thing plain stupid show show hilarious smart real think best show ever made im sorry ended although love show think ended seventh season eric kelso leave last season right eric main character show ended character leaf still love show hope tv start making show like one,biased
film rather disappointment slow intense quite gory beginning film begin lose much plot leaf little time explanation coming theater wondered character remain shallow story convincing déja vù stuff without hint parody cheesy part like young cop dig body course night rain alone yawn manifestation evil nazi plus genetic manipulation wow thats really original nice bit though like fistfight scene mountain view running gag though reno vincent cassel thats definitely worth,neutral
one movie appears cable like two afternoon entertain bored housewife iron acting second rate poor mathew modine seems sleepwalk whole film god help gina gershon accent top sound nothing like true english woman sound forced phony much like acting stick best lesbian showgirl conartist play rock roll band drug problem character better two dimensional empty vapid silly supposed care people one point christy scott cashman get lost central park really hard navigate central park follow path care charactersi downright hated reason even stayed trainwreck film fisher stevens even brilliant humor couldnt save dying fish scene typical romantic comedy fare nothing left surprise u script awful acting catch fish throw back,biased
first film ever made worker streaming factory cycling walking moving right left along melies lumieres starting point point departure cinema melies begin narrative fiction cinema fantasy artifice spectacle lumieres pure unadorned observation truth many intellectual regret ossification cinema latter tired formula formerbut consider short nothing objective film full action static inhuman scene burst life activity quiet harmony frame ruptured decentred back right left never course front camera yet camera stand stock still contains energy possible subversion subordinate cinematograph may revolutionary invention used conservative purpose map world edit restrict limit itworse historical reality film factory worker lumiere employee boss spying worker unseen eye regarding faceless minion film therefore describes two type imprisonment behind gate worker confined workplace opening gate seems image freedom escape face another wall fourth wall confining first film also first example cctv surveillance image unseen allseeing authority entrapping servant frightening prophetic movie,biased
looked forward watching film since loved david lynch version first attempt watching fell asleep nothing happening next night tried watch rest putting sleep nothing ever happened movie could keep anyones interest alive time got bit exciting tried fast forward dvd came second disk contained bonus material needless say hard go torture watching dune low point acting bad plot moved slow motion set looked cheap direction pathetic cgi visual effect childishif want watch dune save money rent version,neutral
one screen filled beautiful effect colour nothing story keep lazy eye occupied minute good example eternal use computer screen show fingerprint database print compared one want find yeah righttwo guy like real professional pro engage intriguing pro talk look grissom call fingerprint everybody different person fingerprint actually findyup exactly like real pro would talk wasnt completely uninformed stupid audience aroundhowever everything show bad story work degree colour really beautiful use red blue green yellow colour ive loved since kindergarten,neutral
awful death scene gun fire without making sound character called fiend tiresome slow moving unimaginative drivel ok seeing guy cape hunchback lurking around visually creepy probably occupied moviegoer time even one would think would little imagination verisimilitude even film like kept waiting something happen importance people stood around making speech acting like posing office picnic bullet previous commentator mentioned perhaps best clue would search water spot someone pant pocket,biased
took part little mini production bout school mum bought video ive loved ever since younger song spectacular dance sequence enjoyed since ive watched got older appreciate fantastic acting character portrayal oliver reed ron moody brilliant cant imagine anyone else playing bill sykes fagin shani wallis nancy best character put much boy think shes strong character final scene well know always make cry best musical opinion time lasted time live many year come,biased
impressed film directed luigi bazzoni story young woman translator suddenly lost memory last three day suffered nightmare astronaut moon explained happened anyone one day postcard arrives island garma go visit strangely though people seem know even though never also dream astronaut moon come back heri thought strange italian movie seemed haunting time also strange image film seemed stay throughout time watching film would recommend film people see good highly recommended,neutral
single unfunniest thing ever watched sad try hard come good joke curse think disgusting vulgarity funny bitter person ever saw whole act trying show much doesnt care showing much he angry critic people taste sense humor whod rather go immense torture go watch show good comedian bad one horrible one guy league feel sorry even people find funny,biased
really liked summerslam due look arena curtain look overall interesting reason anyways could one best summerslams ever wwf didnt lex luger main event yokozuna time ok huge fat man v strong man im glad time changed terrible main event like every match luger terrible match card razor ramon v ted dibiase steiner brother v heavenly body shawn michael v curt hening event shawn named big monster body guard diesel irs v kid bret hart first take doink take jerry lawler stuff hart lawler always interesting ludvig borga destroyed marty jannetty undertaker took giant gonzalez another terrible match smoking gunns tatanka took bam bam bigelow headshrinkers yokozuna defended world title lex luger match boring terrible ending however deserves,biased
new york morning close christmas upper class father mother go bmw private school see play daughter go shopping later return fancy apartment manhattan night move simple apartment dangerous neighborhood prepare drug distribution christmas eve buying christmas gift daughter father kidnapped wife desperately try raise high amount money pay requested ransom r xmas deceptive movie abel ferrara lead character name anonymous maybe intention tell breast neighbor family building may drug dealer drug dealer may also family may loving person many dirty cop probably worse criminal simple apology crime whatever however humanization criminal horrible message really like movie brazil example many drug dealer criminal help community due absence state poor area slum procedure make model citizen movie see loving upper class family day providing drug mean living destruction member family shown story impossible feel sympathy character end wished dead vote fourtitle brazil gangues gueto gang ghetto,neutral
there potential tell noone curious intriguing plot french take american story opportunity exercised herealthough liked aspect film three prominent failing pulled right four tenfirstly silly clichéd murder mystery particularly contrived murder wrote bergerac french doesnt eliminate problem silly french time full implausible coincidencessecondly transition u france seems failed chronically french doctor hanging street french city new homies blingin suv there car chasesbut thirdly mostly darn long film need good reason significantly minute two hour take serious justification didnt,neutral
atrocious waste time plot acting far par used exemplar acting class merely commercial ripoff earlier universal soldier also scrape bottom acting barrel sad vd need assert ego every year sadder still people pay good money sit thru kind schlock give martial art movie bad name comparison make segall norris arnold look almost talentedperhaps vd take leslie nielson track sendup genre least could laughing instead,neutral
first movie watched age actually ended fast forwarding tedious bit plenty ordinary movie im glad missed movie got video deal included movie instead,biased
rigoletto verdi masterpiece full drama emotion powerful memorable music maestro must rolled grave bawdy travesty work released needless frontal nudity cheap copulating portrayal naive principalled gilda horny ditz opera certainly adapted cinema look zeferellis magnificent la traviata work superb rigoletto doesnt need cheap gimmick might even acceptable dubbed music good mediocre rendering libretto second rate sound quality,neutral
pleasure watch short film cure first time director ryan jafri really impress camera work musici think many young filmmaker one would experience hard time cinematography start making indie see output exactly imaged ambition film directorial debut young director handled well screen camera motion color lighting compositing contribute story emotion filmand music key element film language help great deal tooits hard portray woman heart desire fear especially short still admit fan vo narration especially film advanced narration instead shot cut personal feeling narrative part guess narrator tried bit hard energy push audience back emotion filmoverall short film nicely done could see input director way go ryan greeting china looking forward nexttim,neutral
stupid horror film five somethings guy girl going place middle nowhere dont know dr chopper female assistant attack kill anybody venture wood use body part experimentsor something also five college girl two lesbian thrown killed show cleavagepretty desperate story confusing boring gore laughably fake dr chopper assistant overact terribly there dreadful black humor people stand around friend attacked stand let people kill themthis pretty insulting plus twist hour pretty good five young actor actually good chase hoyt great reese butch hansen ok jimmy ashley mccarthy also good tamara robert adamson moment nicholas best chesley crisp jessicashe excellent dramatic scene five wellacted interesting unfortunately dialogue wasnt really im giving performancesbut nothing else worth mentioning hopefully actor get role worthy,neutral
low budget comedy caper movie succeeds low budget dialog dumbfoundingly stupid chase scene uniformly boring onscreen money seems saved series crash explosion parking lot film last five minute briefly glimpsed portapotty early scene certain wrecked spew crap film chief villainno prop without purpose whole film depressingly reminiscent occasionally came rodger cormans studio hed give first time director buck camerabut without discipline corman would impose,neutral
woman nightmare fuel fear buried alivethe cheating husband want dead decides make good use phobia sticking coffin leaving basementof course bhorror movie queen brinke stevens transforms hideous ghostly creaturethe reason see amateurish junk flick michael berryman really small cameo two sex scene delia sheppardand last twenty minute brinkes bloody rampage quite fun watchthe special effect example laughable decapitated head truly awfulbetter watch scalp alien dead againof course aint expecting classy entertainment fred olen raybut haunting fear dull enjoyable,biased
hard use word movie since contains none itselfbut image conveys powerful sweeping one remind u watch movie might saying well leonard maltin doesnt like cant good youre wrong see movie french cinematic brilliance en ensemble,biased
dont much mind factor others objected acting lighting forth part thing executed well enough carry film put point across horror film allwhat bugged point deeply moralistic film morality deeply tacky fact actually fundamentalist christian morality fundamentalist christian film look sin sutherland character picked kid school preteen leading accidental death baldwin character used masculine wile persuasion good look shag quite woman videotaped ooh swine unlucky woman passive gormless creature complicity matter robert character dad came back vietnam junkie ashamed caught shooting kill yes terrible sin couldnt become alcoholic like others bacon character picked another schoolkid awful fact child apparently count nought child seems divinely judged adult criteriawell maybe lot people support level moral absolutism certainly seems gone unremarked movie comment everyone buy stuff least human law treat child differently adult recognising ethical sense partiallyformed film qualm find pretty objectionable ditto notion woman helpless fluffy creature young men evil lust vietnam vet driven drug addiction shameful suicide valid option pathetic,biased
strange coincidence ive started watch move straight brice de nice good thing many movie could worst brice de nice really looking forward something better would make forget horrible flopunfortunately os left disappointed dont know maybe problem translation since diner de con havent seen french comedy would call really good even look review imdb people france giving os high notesfor movie didnt really work part funny real bond movie others joke little bit predictable corny,biased
probably columbia first film color color look different specially indoor scene seem stronger sharper result bit unrealistic pleasing randolph scott sheriff good guy real star movie young glenn ford outlaw want change evelyn keyes woman start falling ford claire trevor countess run saloon funny character called nitro think twice blowing particularly enjoyed two moment film one tremendous horse stampede see thousand horse computer help time presume must gathered horse easy task another moment final shootout technically good also quite fistfight seeing western made great action scene make come sad conclusion dont make anymore would able case wanted doubt,biased
better movie dalmations live action animated version think still fell little short disney could wellfilmed music suited action effect better done compared acting perhaps better human character given far appropriate role sequel glenn close really missed first movie make shine poor lackey overzealous furrier sidekick wonderful character play add spectacle disney given u great family film little objectionable material yet remains fun interesting adult child alike bound classic many disney film here hoping third even better still know probably want make one,biased
ive seen fair share badly thoughtout ending final twist film dont recall film committed outright suicide like one didthe film maker clearly hoping great twist would surprise u perhaps way director hoped left feeling surprised connery harris fishburn capshaw anything turkey individually collectivelythe film final thirty minute rather engaging like way story unfolding nature film overall twist revealed plot hole inconsistency remarkable underlying motive revenge illconceived way thing neatly worked bobby earl ridiculously farfetched whats worse twist revealed remainder film became excruciatingly predictableharris gave terrific performance connery like morgan freeman never give bad performance even movie aint great start well unfolding keep viewer interested last minute one memorable nose dive history cinema,neutral
michael king film contains best stuff mike ever done smooth criminal pure genius cameo wonderful always main event mj best hand,biased
ab tak chhappan fictitious story surrounding police department mumbai india sadhu agashe hard working hardedged cop heading plain clothed crime squad make name killing dangerous criminal staged police encounter rather locking prison loyal officer obey without question rift form one officer imtiaz becomes frustrated sadhu high ranking status secretly competing criminal kill status new recruit also pushed fraternity imtiaz angry sadhu allows take lead first case change come form new police commissioner disapproves sadhu tactic everyone get caught internal politicsi surprised see well directed action thriller coming india camera work excellent story well told tension high drama unfolds acting pace political subterfuge convinces viewer fly wall witnessing blood sweat tear close personal view event based reality doubt told beginning film although likely director shimit amin taken liberty factual account nevertheless ab tak chhappan extremely polished piece filmmaking,neutral
ugly guy long nasty hair girlfriend end house argue argue old girlfriend suppose something scary didnt see anything scary mention demon sea doesnt go anywhere wish wouldve taken tension away jealous love triangle title movie make look like would scary exciting movie far couldnt believe waited waited end happy live title like boo hoo hoo cover cool picture shouldnt judge cheesy movie cover,biased
creepshow lot potential didnt put enough time perfecting story pretty cool creepy enough lacking good movie youve seen might want see movie could better,biased
well groomed well behaved teen meg tilly must spend night creepy mausoleum initiation high school club problem powerful psychic named raymar buried day isnt quite dead need life force human powersobscure horror film offer plenty thrill chill appealing likeable cast superior special effectsmy rating one dark night rated r violence adult theme,neutral
fair couldnt bear watch movie way thru idea suddenly get better half way thru film first minute amongst worst seen child twelve might get kick poorly written acted directed slapstick humor adult full control faculty steer clear stinker,biased
seems made vehicle wc field carol dempster dominate field already film character well developed carol dempster seems dance film acting reminds mary pickford also worked long time dw griffith typical later griffith film technicallylater remade poppy original title field role,biased
greatly moved watched moviehow jonny could keep hope faith amazing many people care want fuss thing dont small thing like chothesmoney new car ive seen people tear blemish movie brings everything back basic lovehope beauty simple important thing lifeit make everyday problem seen small really unimportant watch boy realize long blessed food roof head loved one around truly blessedand saying stop smell rose truly new meaningand know jonny see want thank much sharing faithstrenghtand humor thank jonny know soar heaven bring much love laughter heaven,biased
probably film ive seen imdb review side spectrum accurate stupid atrocious dimwitted film absolutely artistic merit whatsoever denigration director like john landis thats make greatin order appreciate stupid keep mind littleknown true maxim spoken director abo kyrou urge learn look bad film often sublime order film work film must establish follow logic convincingly sincerely actually possible film work example watch freddy got fingered traditional grossout comedy complete utter garbage watch understanding actually neosurrealist comedy brilliantit work good movie jaw hadnt accepted reality created airtank explosion ending wouldnt worked lot people think jaw vastly overrated type reason arent wrong strength doesnt point movie like make sense look right perspective people like get right away others never matter often explained jim jarmusch made compelling defense showgirl even afterwards still cant see pov doesnt mean he wrong though right frame mind watch movie mean stoned im gonna put bed right actually enjoy movie dumb cheap pointless slapstick latesearlysstyle farce isthe defender hater film right stupid thats point movie accepts stupidity character much way jerk accepted navin johnson idiocy take run movie focus exclusively using forward plot define character bad movie would actually fail use logic properly bad movie bad make go along whereas movie like stupid know going beginningi cant defend film artistic standpoint give low rating acting mostly bad joke superficial liveaction quality probably ruin would worked cartoon cant deny entertaining way thats defend got right away pity dontill admit drawn movie christopher lee delicious cameo appearance hearing say release drive bee would worth rental price even hated film amazed find aside tv studio applause sign segment jenny mccarthy never bored never disappointed fact many joke cartoonish context hilarious particular airbagcigarette explosion dumb funny movie doesnt pretend anything else stupid comedy stupid character instead apologizing enjoys itselfand thats exactly work,neutral
film early william wellman important message particularly today posit notion sometimes thing important personal safty wellbeing film walter huston lead stolen performance chic sale grampa he completely drawn character film joy watch youll recognize familiar face watch many movie wel worh time watch get opportunity recommended,biased
seen carlo lizzanis documentary luchino visconti bound higher expectation watching film made three year later adam low viewer like get dissatisfied faced need critical opinion generally dont like giving due fact documentary satisfy every viewer also documentary examine theme totally read review already written title also felt bit confused people sometimes dont know criticize therefore clear ill divide film two major part differ considerably former one visconti director career latter one visconti director aristocratic background hobby wealth young luchino experienced enjoyed clearly presented effort horse racing mentioned well relation mother much disturbed parent divorce also get accurate idea luchino brought real count milano rich galore nanny cook access everything true aristocracy instance father splendid villa grazzano marvelous villa prove also emphasis visconti crucial visit paris met eminent people left winger later impact style message art clearly explains idea communist aristocratic upbringing contrast first sight however part director career started ossessione wwii ended innocente director death poorly executed movie discussed well people really something say franco zeffirelli director remembers work la terra trema right also interview franco rosi later movie like il gattopardo la caduta dei rei la morte venezia ludwig mostly discussed helmut berger although liked actor role ludwig like interview moreover thought reveals accurate entail documentary mention significant work visconti like conversation piece interview eminent cast burt lancaster mention silvana mangano romy schneider also made one footage interview maria calla appears interesting short bit franco zeffirelli though appreciate director make fun rather say something really precious instance mention event visconti separated year service therefore say simplified unsatisfactory find strong point footage interview visconti result may get opinion work instance much appreciate word say death regarding normal chapter life natural birth also discusses health problem stroke filming ludwigi believe better see luchino visconti carlo lizzani doc although shorter condensed whole get better idea director visconti would furious fury usually turned people emotion viewpoint stone,neutral
simply cant get brilliant pairing walter matthau jack lemmon like movie doesnt even need additional character never get tired dialog twolemmon already several wellknown film like mr robert apartment matthau fresh oscar win fortune cookie another billy wilder film also lemmon particular movie wasnt great one story couldnt sustain long running time think almost hour however go brisk hour half even though introduction event leading lemmon ending matthaus apartment tad long sentence thats minor quibble though rest running time marvelous timei already written comment followup film sucked wont go deeper reason joy probably movie made innocence american movie beginning fade fast oblivion sexual reference dealt innocent way couldnt even get well never prudish person kind fun see movie long lost era probably sequel didnt work matthau lemmon say quite fwords doesnt fit themof course gone happy still enjoy marvelous film like think male actor film still alive john fiedler edelman died recently simply one best comedy film everadd learned recently john fiedler died fan deeply sorry didnt mean disrespect try careful blah blah blahing next time,neutral
fragglerock excellent way schindlers list excellent great watch child adult gender big nose seen hinting towards phallic symbol way hr puff n stuff hinted towards marijuana smoking kid love movie enjoyed much child father showed movie child enjoyed well pointed exaggerated nose phallic symbol although time clue movie comedy adventure storyline wacky cheerful shall enjoy together,neutral
much add others already commented movie fails hard shouldnt depth planning heist character unbelievableone thing got thinking although rest gang trying hard remove pin door armored truck supposed way opening guy inside truck great ease manages remove floor truck happens hole get get back without noticed anyone one else could think could get even better could gotten therepromising quite,biased
riddle film ever got made british film industry need make film people actually want watch look get taxpayer money ala bbc keep luvvies life style accustomed nothing itthe film every thing wrong british film relied stereotype london people either posh corrupt gangster luvvies gawd blimey jellied eel type story script pathetically weak extent police man pulled phone ring tone sweeney theme expected whole film happy shopper sweeney minder rip offthe priceless manuscript noted got left behind lost occasion something even limited street wiseness wouldnt carry around breast pocket every beach fight etc saying vinnie jones likable thing film poor blokewhen derek jacobi walked water end dickens oh god load crap positive,neutral
enjoyed one relate one time life trying make film experienced many problem mark borchardt trying make film also went protracted period selfabsorbed arrested development refused grow miraculously got married kid realized struggling filmmaker likelihood going feed family got decent job felt needed make happen mature responsible adult mark hasnt faced reality yet sense retarded adolescent reason hopelessness like quixote seems inept selfdeluded doesnt realize bad really viewer feel sense superiority pity circle mark kid exwife bill pay film depicts caring basically pursuing artistic vision despite mark come across film likeable individual surrounded interesting family group friend unfortunately mark lack many thing necessary successful life career maturity responsibility education knowledge life experience prioritization financial clout etc yet trudge much like ed wood apparently without semblance clue guess supposed feel encouraged spectacle never say die attitude noble individual struggling odds man odds kiefer sutherland colin hank torus spelling angelina jolie offspring bigtime film tv people doubt want direct day arent already much room independent like mark like watching guy hit head board come think pretty close happens one mark actor kitchen cabinet door one funniest scene ever seen moviedespite misgiving seeming criticism truly enjoyed movie would heartily recommend anyone uncle bill amazing friend met mike mark told real life guy exactly way appeared movie,biased
royal rumble traditionally one favourite event ive wrestling fan good year show may better match ive always found actual rumble match full excitementim going reveal winner match dont see fair ruin result review comment quality thoughwe standard match big rumble event two smackdown two rawshawn michael edge open raw prof good match two talented guy match id recommend watching hard sum without giving away winnernext usual undertaker big nasty monster whoever giant gonzales yokozuna kamala well time heidenreich also casket match typical undertaker fare watch youre fan admit purely entertainment factor hardly regarded classic wrestling matchthe next two match title match smackdown manages upstage raw title match pretty thrilling enjoyable anticlimax let end raw match pretty dull boring affair pity im fan guy involvednow main reason love event rumble pretty good one year coming event pretty good idea might win may prove big surprise hey enjoyable usual diverse way people eliminated token guy doesnt make ring entrant ridiculous want see vanquished someone get eliminated previously eliminated combatant usual high low loved ending particular vince mcmahon entranceid recommend show wwe top form still good add collection,biased
cast good thought good performance christopher lloyd like previous movie movie great family movie nothing would make worry show younger kid good story line lot laugh lighthearted enjoyable want entertain child without bored tear fit bill kid pleasing difficult parent watch either,neutral
cannot get past message movie laid much clearly ignore obscene lost sense havent read novel pollack film open scene ciafront organization new york broken two professional assassin headed max von sydow proceed brutally slaughter half dozen quirky staff member weve come know understand staff include elderly female receptionist fussy elderly professorial guy who toupee fall machinegunned joke last beautiful tina chen look copier realizes murdered say pitifully brave wont scream von sydow reply sympathetically know murder completely unexpected savage unmotivated anything aware graphic brutal scene absolutely way von sydow henchman redeemed yet exactly pollack try towards endafter killed innocent good guy von sydow switch side side willing pay assassinates evil mastermind behind complicated intramural cia plot script turn perfectly reasonable sensitive human better live europe thing rushed whatever swear im making pollack want u believe better honest mass murderer crooked bureaucrat thats message write case forget exactly kind psychiatric shamble order turn ordinary value mention common sense upsidedown like understand thoughtful adult dislike government united state even hate see conspiracy everywhere providing kneejerk explanation otherwise unexplainable event know people think way exist number among closer friend nevertheless point dislike hatred increase intensity must pas beyond politics ethic realm psychiatric dont moment believe man murder people money better sinister government official dont care suave cultured murderer whether know reach louvre metro whoever purveying message need either medication meditationid like able argue production thoroughly rotten message cant quite well done way thats worse make film less dismissable even new york city look photogenic screen long time since ive thought new york photogenic robert redford admirable job projecting character initial shock confusion turn telecommunicational semigenius man look fine wardrobe right even rimless glass becoming peacoat everyone make navy pea jacket look glamorous seems extremely handsome swine want look like want wear denim shirt tie panache faye dunaway alright role believable role would anybody eagerly sleep guy kidnapped holding gunpoint even look like redford would anyone emotionally wounded ambivalent relationship end redford asked tell anybody happened cliff robertson surprisingly good one two extremely good doubletakes mailman superb fight redford crowded apartment exquisitely choreographed really dont know sure turn redford book reader seems mismatched brute cunning hired assassin one john housemanns final role shame he magnet screen end life friend find lost wandering street new york neighborhood hed familiar life yes movie well executed cant ignore vicious paranoid message problem leni riefenstahls triumph olympic documentary announcer watching foot race jesse owen pulling lead say ominously negro dangerous,neutral
many television show appeal quite many different kind fan like farscape doesi know youngster year oldfans male female many different country think adore tv miniseries element found almost every show tv character driven drama could australian soap opera yet episode science fact fiction would give even hardiest trekkie run money brainbender stake wormhole theory time travel true equational formmagnificent embrace culture map possibility endless multiple star therefore thousand planet choose fromwith broad scope would expected nothing would able keep illusion long farscape really come elementit succeeds others failed especially like star trek universe practically zero kaos element ran idea pretty quickly kept rehashing course season manage keep audience attention using good continuity constant character evolution multiple thread every episode unique personal touch camera specific certain character group within whole structure allows extremely large area subject matter loyalty forged broken many way many many issue happened see pilot premiere passing keep tuning see crichton would ever get girl seeing television delighted see available dvd admit thing kept sane whilst hour night shift developed chronic insomniafarscape thing get extremely long nightsdo favour watch pilot see meanfarscape comet,biased
chess movie made last couple year one chess movie story need loved need win itjohn toturro play psychologically challenged man nothing matter accept square piece game validates person loos game loos one thing make sense john torturro express beautiful fashioneven love woman enough save sad existenceit make wonder luzon obsess gamei sure areif chess enthusiast wont hurt watch itits intelligent piece work laid properly executed wellit achieves objectivesunfortunately doubt sequel,neutral
enhanced expressive cinematography agnes godard beau travail golden door visually striking tone poem follows journey peasant family primitive home sicily elli island new york turn century surreal enigmatic often strange ultimately deeply rewarding experience interweaving dreamlike symbolic imagery gritty realism latest film emanuele crialese respiro like impressionistic painting cinematic artist rendering immigration process may like parent grandparent crialeses magical mystery tour came result visit museum elli island look face immigrant depicted photograph saw research harsh policy procedure used admission immigrantsguided letter read immigrant sent relative remained home crialese identifies impoverished immigrant able see positive side thing beyond ordeal salvatore mancuso vincenzo amato older son angelo francesco casisa america distant dream know nothing climbing rocky mountain pray saint sign rewarded shown post card salvatores younger son pietro filippo pucillo deaf mute depict new world land bathe river milk sit money tree harvest giant onion carrotsafter disposing animal exchange shoe suit salvatore two son elderly mother fortunata aurora quattrocchi set adventure hope trepidation equation soon shift way board boat settle crowded thirdclass steerage compartment mosttalked scene film take place using overhead camera show mass people standing ship pull away frame divided aboard ship waving goodbye dock way separated implies torn asunder everything familiaraboard ship mysterious english woman named lucy charlotte gainsbourg crialese reveal past reason traveling america seems stand onset modern world entering though eye cautiously lucy becomes interested salvatore asks marry order allow enter country voyage treacherous violent storm buffeting ship shot almost complete darkness passenger steerage tossed side boat afterward body lie tangled twisted floor macabre totentanz rite passage immigration processing elli island become easier crialese attack way illiterate peasant name preserving civilized society forced put puzzle together perform mathematical task undergo humiliating medical examination prove fita marriage brokering ceremony feel like auction block young woman look despondent matched overweight middleaged men way enter golden door however since single woman rejected unless partner ostensibly prevent threat prostitution fog immigrant barely see land milk honey statue liberty asking tired poor humbled mass yearning breathe free imagination however river still flowing waiting jump though ending ambiguous one door open blank wall another door symbolizes rebirth soul passage must take old world new,biased
happens try adapt play theater look end picture totally theatricalwith reminiscent le liaison dangereuses final steamless speech try make u think whole deep theme matter manhood care point manipulation audience feel movie endedyoung director play told word action film opposite timesand im talking gay theme overly exploited without point cause there explanation topic considering called philosophic presumptuous basis level film called grand gay,neutral
many police drama round sure probably old basic theme good versus evilthis film documentary style follow difficult initiation anne raw recruit police squad stationed baltic area attempt made glamorise police truly earth harsh time unforgiving anne hand soft heart perhaps little understanding human condition rule sometimes hold back incriminating information found strip search investigationsthis pleasant film one relax much feeling optimism police seem involved losing battle tomorrow bashings murder family breakup distressed child let face world live inas day go anne becomes intimately involved police family investigating real warmth film provided character benny year old broken family anne way patching thing turn blind eye benny shoplifting try help best surprised though went far seduce benny father set wondering consideration father need film make clear desperately need partner loving childrenwell cast idea evening entertainment,neutral
waste great cast figured id check looked like good stoner comedy lot fairly wellknown actor turned pointless collection boring intertwining story several character minimal connection character start looking like decent people end single likable interesting characteristic among calling comedy stretch wellthe thing made chuckle jack black song basically tenacious waited something big happen ended nothing minute life wasted,neutral
bought dvd though seems nice light comedy love relationship made portuguese standard let give chance totally wrong disappointing movie first comedy cheap drama melodramatic even worse many portuguese soap opera second plot boring lead nowhere structure flow like wind one another direction production also bad sound mixing horrible sometimes voice disconnected made remind old portuguese movie acting better well sum film like one portuguese cinema improve fact one worst portuguese movie seen last year bad argument bad acting bad production high hope movie much worse ive ever imagined forget,neutral
stupid quaint african native travelogue footage badlysuperimposed principal acting narrator horrible fake ear transform docile indian elephant african elephant utter lack logic maureen osullivans incessant whining tarzan tarzan nothing movie deserves classic status,biased
wish depardieu able finish book see become dazzling success least hed wound somethingthe film struck pointless rambling stylish like recent french film knock recent american film pointless rambling style whatever grateful suppose photography evokes european city midst windblown continental winter elliptical conversation challenge ability understand whats upbut much good thing golubeva found stumbling around near sea middle freezing night carrying bad accent dream sequence dream include thing like swimming river blood youll love youre vlad impaler lot people die catherine deneuve dy suicide motorcycle dont know golubevas young girl dy dont know dy either get slapped face fall pavement diesthere supposedly explicit sex scene ill take word although stylishly photographed stylishly photographed almost complete darkness dont worry kiddy shocked theyll probably asleep time anywaydepardieu isnt bad actor see deteriorate carefully groomed handsome young man well handsome except nose cant seem get way limping murderous hairy physical wreck feel sorry guy golubeva wan pretty face enormous halflidded eye wide cheek like doll next movie remake lewtons walked zombie mysterious guy lead band guess band far could make band made dozen drummer dozen musician playing electric guitar every viewer find resultant sound interesting uncultivated listener fond easy listening might enjoy dont like music there payoff involved sinister composer leader get whacked head depardieu walking sticki must say found barely worth sitting longie time like waiting car railroad crossing long long freight train rumble slowly sometimes stopping entirely wish joke,biased
embarrassing nth rehashing plot nth bunchofidiotsyoungadultinperilbecausetheyareidiots slasher movie early millennium time get story crazy miner come back dead retake gold hand usurper almost thrill almost bare flesh even girl really hot one go showing bare as second usual bunch sunset boulevard horror star cameo role time karen black richard lynch john philip law jeff conaway lot fake blood crazy miner resurrected zombie cool enough leave stuck well exactly screen till end dont waste time completist,neutral
little old show first came first young child childrens show sesame street watch learned wasnt much else cousin born year year first one came latter barney big part watched first saw show told grandmother doesnt teach anything us magic fix everything time many year old idea really going tv show saw heard teaching barney told people bad show funny thing parent young child mid late way agreed said thing sad thing cousin older still agree saw cheating creative right think differently someone tell ok steal person wont find mind gone let honest barney make money teach child anything flashy program inclined child watching child stupid educated know better second barney put show parent bought never believed tv could affect people way barney young child read watch show teach number let get involved show barney like smoking much smoke hooked let kid watch show hooked one day kid watch crap buy crap bought,biased
wasnt notable enough truly horrible incredibly lame story half bad execution horrendousto start moved fast u emotionally get involved going paced badly dialog utterly unsparkling flat boringand character cripes almightly made deadpool boring hell make deadpool boring wasnt even funny wasnt crazy annoying guy couple sword even know use properlygambit boring since telekenisis make card float fly around super strength leap hundred foot air heck stupid helicopter move mean know mutant still exist within realm physic round bo staff helicopter blade cannot fly twirling superduper fast gambit wouldnt able anyway deadpool especially using replacement real fight choreographyand film stand proof wire work used fight coordinator know wth know better use every single shot replacement real fight choreographythree physical fighter marvel comic logan creed wilson worst fight choreography ever seen recent film memory stunt coordinator shrugged shoulder left special effect guysand break mutant nothing even mutant shown cell power nice see quicksilver nod fall got emmareallylameforthisfilmfrost cyclops somethingand since logan pretty stupid bullet take memory away dont think xavier xmen would noticed big freaking bullet hole adamantium skull xrayed x felt sorry liev schrieber man actually brought good sabretooth considering script made one marvel simple super villain feel real could save film epic lamenessseriously daredevil level suck decent story good actor absolutely horrible execution,neutral
loved adrianne curry show thought great top model really glad also liked chris knight seems like great guy show made sick im angry happened show dont care different age know age cant stand love adrianne together seven month didnt surprise hadnt proposed dont see appeal forcing someone marry theyre ready meant enjoy others company love let come naturally turning wedding ring ball chain completely unnecessary stupidly obvious chris love without ring chris shame breaking proposing anyway youve two failed marriage could rush another one pitched fit hope relationship last really feel marriage rushed wrong reason maybe take breath find right reason married within marriage,biased
film amateurish could hardly believe seeing shot video film seen like since early late night network showed movie week horror flick shot invideo look like bad soap opera paying compliment actor give best shot michael de barres okay given act like sex addict control cant say pleasant watchnastassja kinski therapist sits chair practically entire film little variation camera angle cant fault someone elses poor blocking totally unbelievable role little girl voice work consider nastassja kinski fan certainly ageless exotic shes outside range thisalexandra paul pathetically overwrought every line delivers three exclamation point someone must directed scream cost would michael de barres want sex raging shrewfinally rosanna arquette sweet maligned wife come okay probably believable bunch saying muchthis worst film seen year,biased
disappointed series lot cool graphic thats level detail went minimal always got feeling audience patronized lot seemed extremely cool going explain detail wont get anyway let show pretty picture entertain host would drop interestingsounding word sparticles supersymmetry without attempt explaining look wikipediafurthermore know quite bit superstring layman found explanation convoluted could much better could chosen much better example explain concept instead example used confusing obscured subjectadditionally got sick repetitiveness could easily condensed series one episode cut repetition must shown clip quantum café time host kept saying thing cant remember many time said universe made tiny little vibrating string like trying brainwash u accepting superstring best thing since sliced breadfinally show ended unpleasant sense competition fermilab cern clearly biased towards fermilab supposed educational program quantum physic whether u better europe vice versa also felt part patronizing audience need see conflict remain interested please give little credit thatoverall thumb,biased
life understand blind hype devotion totally unbelievable movieand think qualification say former special operation soldier year lifestyle movie totally totally unreal obviously written someone little research life army combat team platoon levelthree eod guy trouncing around bagdad get real chain command get real eod clearing building get realeod military intelligence sniper qualified buck sergeant get real wait shot killed bad guy let two guy take without firing another shot injured get reali carjack iraqi civilian armed mil break another civilian house get punked wife make back camp foot middle bagdad night without much scratch confrontation get realthere absolutely adherence military protocol army resemblance army unit even encountered totally unbelievable disrespectful men woman eod contrary poor film wild adrenaline seeking yahoo extremely qualified professional incredibly hard job,biased
first nemesis film seen strongly urge proceed sequel nebula prove betterhard believe considering entry bottomofthebarrel movie try worth time folk take nap instead,biased
truly awful movie joke far pacing right endurance test thing funny come production comparison classic film spinal tapavoid film one plague bible,biased
watched mini early eighty sam waterson proved great actor fact began law order disappointed powerful role unfortunately good role pay bill wish could find copy rare series review factual entertaining everyone see know really happened moved purchased read book pppenheimershatterer world saw man became unlikely hero never rewarded insight get chance sure watch movie see performance mr waterston really provide audience enjoy movie,biased
shortly seeing film questioned mental competence every actor actress accepted role elizabeth shue commendable actress would embrace overrated opportunity must give credit credit due though moment movie unpredictable rather transfixing hardly made scathing perverse tendency kevin bacon character sebastian caine wouldnt recommend movie anyone man woman form selfrespect account,biased
fellow movie fan get point film decided write another review missed thing last timefirst script second acting third jesus christ thinking making piece garbage like expecting u enjoy redeeming feature whatsoever beginning end except joseph fiennes finally get blown away unexciting climaxi cant believe wasted money could given homeless person busker somethingare getting picture,biased
unfortunately ive never seen full version movie see minute version twice back even floridly directed norm julien duvivier wonderfully outoftheordinary piece replete sweeping tracking shot andrejews magnificently atmospheric set beautifully lit photographer andré thomas black jack nothing connoisseur delight reinforcing imaginative visual style script allows roster favorite actor including agnes moorehead marcel dalio brilliantly bizarre fullblooded characterization george sander give polished performance whilst eccentric millionairess turn rival racketeer admirably played agnes moorehead also realizing role patricia roc film made location spain,biased
show lot hype didnt know midseason season someone even recommended show decided going watch going wait end season could watch bulk due show format im happy waited imagine would fairly annoying nearly every episode end middle cliff hanger wait another week find happens next second storysomehow show managed throw much sex jason sex pretty much anything move right find one woman sex killed he bed another woman next night tara sam get despite knowing sam love sookie reason sookie get mad later find iteven though shes sleeping vampire one problem show doesnt good job making care character really didnt care jason along endless pursuit tale rude people actually concerned episode wouldnt minded got killed somehow reason part uninterested murder sookies grandmother became victim since first two closely involved jasonthen sookie bill sex story get subplots tara mother want exorcism exorcist lady try convince tara one remove demon wasnt much bothered whole exorcism thing know people really believe stuff however waste little time showing farce right tara spends exorcism mother point development happen fast jason continues jerk trying sell grandmother stuff buy vampire blood apparently new crack something search find girl v vampire blood get high within three day fall love kidnap vampire constant source v another example bill go vampire tribunal he gone two day sookie start feel abandoned start wonder think vampire politics important hersubtlety show strong suit doesnt take genius figure something going local dog although assumption wasnt dead wasnt much surprise finale two episode really got annoying shoved development face couldnt possibly figure tara get car accident naked lady face pig clearly shown easily recognizable show jail bailout wasnt enough later show lady pig house time wrap murder story end penultimate episode revealed renee say likely killer final episode shove renee killer face sookie remark odd renees thought dont accent thought fine add renee fraud next scene full incriminating evidence renee show renee tape maudette vampire fiancée find tape one renees box fake cajun accent point ridiculous mean get blah blah blah stuff happens bill almost kill failing save sookie still manages kill renee start set season leaving unfinished issue naked pig lady sam history lafayette gone missing might killed jason process brainwashed religious nut antivampire churchwhich make care even lessits almost surprising see many people absolutely love show think expected show better im interested seeing happens season watch ill likely wait season completion,neutral
call pre sci fi sci fi movie get better lugosikarloff incredibly good mood type motion picture two genuine artist best story linekarloff amazing job scientist see caught vise vanity pride scientific competition caught idea watching man drowns three previously mentioned concept saddened time fascinated two star sort motion picture begs remake time put harrison ford karloff part maybe kieffer sutherland bela lagosi role might possible almost goodthis one best hollywood ever produced saidit get better way,neutral
im keen pallbearer bad slow time movie go get little interesting nothing brilliant really like david schwimmer think he good im massive gwyneth paltrow fan dont mind sometimes shes okay pallbearer highly recommended movie like lead might enjoy,biased
movie certainly prof also good american terribly good propaganda question asked comment made power abuse police terror james stewart solid convincing always solves story dillinger th column less singlehandedly june allyson regular love interest hold family value ej hoover executive producerand child non guilty bystander never harmed professional execute speak civil right never broken home never intruded fbi service would enough steward also give son life country ww ii perfectly made wouldnt know better,biased
feel loss brilliant film kieslowski writer philosopher excellent filmmaker greatness lie writing red paradigm film metafictional study artist judgement creation fictional world artist attempt remake life even thru art even cannot escape knowledge matter involves story still fiction still outside remade world still burdened unreality reality life tried artistically remake magically smallest degree expense wonderful story mystery love fate character live story prejudged destiny choose might nominate greatest film ever made,neutral
de vierde man fourth man considered one best european pycho thriller eighty last work dutch director paul verhoeven home country moved hollywood become big star movie like total recall basic instinct starship trooper psychopathic disillusioned author jeroen krabbe going seaside recovering meet mysterious femme fatale renee soultendieck start fatal love affair becomes addicted heart soul find three previous husband died mysterious circumstancesde vierde man much influenced old hollywood film noire psycho thriller alfred hitchcock orson well take much time create dark gripping atmosphere moment extreme graphic violence right impact push story straight forward suspense sometimes nearly unbearable sometimes reminds work italian cult director dario argentothe cast also outstanding especially krabbes performance mentally disturbed writer opened door international film career living daylight fugitive get occasion watch brilliant psycho thriller tv video dvd dont miss,neutral
wasis incredible movie incredible cast music singing story etc tragedy arrogant family gerswhins premingers keep available generation generation wanted see life found site read available shame family pettiness wife germany never seen movie neither stepchild grandchild sad movie depth quality available see family get making conceited selfimportant egotistical condescending decision prohibit generation enjoying film star performance music release video let world judge enjoy,neutral
began watching movie girlfriend minute alonei succeed stay end painful experiencei liked jean hugues anglade think needed eat u thus accepted play movie character rest could called art something couldnt express didnt understand allthe worst movie saw crash im pretty sure enough experience watch successfully againgood luck,biased
movie brillianti dont remember movie even theater thinking straight dvd fairly low expectation even though big fan mike judge kind comic future satire brazil demolition man taken next levelthen saw cast luke wilson maya rudolph dax shepard brilliant rolesneedless say movie first minute show aboveaverage people fewer child poorest stupidest trashiest people lot ignorant child leading kind reverse evolution take concept show headed pollution gene poolsadly dont think take year depicted probably already see shocking rise mild retardation general populace medium culture people like classical music art ridiculed instead respected lowest common denominator seems rule especially hollywood tv eg jackass movie reality show make eat something disgusting humiliate moneyall politicalsocial satire aside movie also laugh loud funny dont say lightly movie make actually lol one dida lot best joke wordsight gag background really pay attention get even pause zoom like joe got government id hair said yes eye also said yes also prison engraved front house particular individual since cop movie much like real life cop call everyone individual instead people etc screen momentthis one movie watch dissect get layer funnyalso normally watch movie subtitle clued joke might pas ear dialog mix instance police constantly talk people excaping instead escaping many mispronunciation cracked might picked dialog mixed musicsound effect subtle still hilariousadditionally special effect really good scifisocial satirei could go overall think one movie dont think funny probably making fun plan recommending many many people,neutral
redundant everlasting shot useless shot useless scene find film word seemed technically poor musical bit amateurishly directed synchronization wouldbe dancing badly postsynchronized bad obvious improvisation actor time time etc film long boring eventually make point even less sense good idea though comic element actually efficient especially opening scene however film get worse worse completely unbearable impossible understand end trailer saw dynamic true film say discrepancy trailer actual film something close rip,biased
big problem begin movie need attention forthcoming two hour better miss minute getting coke danger cant follow good also pausebutton bruce willis must travel timemachine find antivirus virus made animal rule world thanks mistake first end first world war messed might look like terry gilliam come must one intelligent script ever exmonty phyton man know exactly genius sfstories told like choice cast couldnt better lunatic brad pitt performance asylum memorable superb bruce willis prof schwarzeneggerwanna movie watch script weird complicated yet follow every view give surprise one big favourite,neutral
well watching film late one night simple amazed greatness fantastic script great acting costume special effect plot twist wow fact see ending coming become writer yourselfgreat would recommend film anyone especially dont like muchterrific,neutral
minor spoilersyou know getting point walt disney television animation might well called walt disney sequel animation sequel range excellent beauty beast enchanted christmas fantastic lion king ii simbas pride horrible return jafar course personal opinion disney brings u latest sequel scamp adventure flawed still entertainingthe quality animation par disney feature animation still animator good job bringing character life lady tramp aged day since trusty still talk sense smell ol reliable jock still give grief there nice fight tramp huge dog dog pound treated spaghetti dinner two romantic lead though highly doubtful become classic scene like predecessori really dont care song though roger bart susan eganthe singing voice scamp angelsing part nicely melissa manchester norman gimbel done much better work past danny troobs score okay nothing memorable junkyard gang seem like excess baggage really dont muchthe voice work hand quite good dont like jeff bennett dogcatcher good tramp chazz palminteri nice job buster leader junkyard gang alyssa milano give may best performance angel scamp spitting image dad voiced perfection scott wolf wolf superb job showing scamp wild streak soft sideall scamp adventure flawed still make rather entertaining viewing hope however walt disney television animation turn attention original material future release,biased
entry certainly interesting series fan like yet mostly incomprehensible plot confusing sequel continuity striking effect sure never find really meanstry see nc workprint version contains gore cut rerated r,neutral
opening scene explains hurt later immune contaminated man bad doesnt explain anything else get whatever caughtwhat itwhy work fast go present day budapest ok opener past future turn past course minute look likely nd movie moved beginning sorry paid closer attention huh maybe badly done lot confusion different job he related field finally mention died original experiment n aha n private industry got together poison one top guy watch effect must one top guy he friend c e chemical company god sake there substance technically poison mutates immune carrier whatever want poison disease allergic reaction different thing real life magically contagious one dying victim another carrier convenient there h z protocol jump situation without idea whats store prepare producer enough money show proper washdown crew left scene deadly unknown substance kept thinking hurt going die bad cleanup technique open scene would turn closer,biased
sad movie really nothing happens movie script bad guess theyve copypaste first page page producer must thought let create hollywood movie belgium didnt succeed third week running antwerp brussels h something past really good movie belgium like daens shade waste time maybe could sneak theater youve seen real movie youve seen minute shade youve seen advertised death local radio tv hope disappear shade soon,biased
barry levinson possibly assemble whitehot comedy talent ben stiller jack black gorgeous rachel weisz old pro christopher walken still deliver humourless stinkerstiller black friend latter invents spray make dog mess vanish becomes conspicuous consuming multimillionairethe premise thin sound enough right hand springboard great bitching two star concerned overplay every hand every chance canstiller black simply funny way much time weisz look sensational always criminally underused exception walken batty barfly urge stillers character take revenge turgid trudge end strained farce,biased
poor geeky marty simon scuddamore get horribly burned due cruel april fool day stunt gone wrong flash forward decade involved including caroline monroe known horror fan turn maniac faceless last horror film prank psyched upcoming year high school reunion aware court jestermasked killer hiding closed school revengechaulk one guilty pleasure knew bad film characteristic one yet there something make feel compelled watch time time preferably beer hand im even willing overlook absolutely horrid ending say hate guess like fun atmosphere pretty cool killseye candy men josephine scandi donna yeager get topless eye candy lady gratuitous cock shot simon scuddamore start film grade b lionsgate dvd extra optional trivia track trailer film trailer bloody valentine monster squad dirty dancing,biased
think film brilliantthere many reason good acting tom tyler brilliant machine gun scene piece brilliance thought ending good twist never expected end credit sam mendesas well point film form film good well film student college studied film great detail one best film seen many year id like say big thank people involved making film lastly would like say best scene film machine gun scene john rooney get kill pure brilliance shooting scene silence john rooney say im glad lot better like think viewer creates sound sound totally different every viewer brilliantthank reading comment written ross kirk aged,biased
visual adaptation manga little dialogue dialogue appears word baloons would manga plot existent vaguely accounted issue manga based available english blast book collection comic underground japan actual captioned dialogue explains plot bit recommend checking volume liked explains plot movie otherwise inexplicable animation wise pretty decent good unintrusive use computer image part realized well jump episode character cat braindead older sister cat wander series odd image boat circus desert mere half hour go number semiplots setting lead believe director chose number issue longrunning manga adapt random primarilly selected visually knowing whats going might somewhat increase appreciation reminds mostly kind stuff used play mtv show cartoon sushi particular short feature cat chasing man severed buttcheek around house case cat resemble hello kitty adventure expanded include death reincarnation number theme though easy tell whats going dvd director commentary making feature cant comment didnt get around im giving isnt much compare anime hope like,neutral
usually much prefer french movie american one explosion car chase movie disappointing way write spoiler nothing really happens french couple living lisbon year return paris friend wedding announce another friend dinner going split nothing much happens dont seem know whether want separate dont necessarily think hesitation make bad movie human hesitate making decision good could treated interesting manner giving flesh desire relationship happen one get theater unsure two got together want split piece enjoyed conversation drunk true life,biased
assume previous post came exec production companyattended uk premiere last night zane brook attended probably knew gonna undoubtedly star turkey film felt sorry time audience erupted laughter serious thriller scenesbut perhaps missing point perhaps element tongueincheek intended pure genius career genocideon plus side zane always shine brook actually act little half said ran cinema avec broken rib forgiven film seem like nice people scriptwriter however marooned,biased
well strange movie listed comedy certainly found nothing laugh actually struggling find anything positive say film oh go alex fern bad lead role pick ending change apart great direction solidly two dimensional character funny enough comedy serious dark enough form decent drama would really avoid ever watch movie think nothing benefit working class character attempting portray found hard empathise character given enough information lead character jimmy believe motif best avoided,biased
loved one true thing since first time watched theater cried eye bought soon available lost track many time ive watched itto one true thing ultimate family relationship movie love watching relationship family change evolve end relate many detail movie mother died bone cancer really hit home maybe love muchi like relationship child parent relationship brother sister especially love relationship husband wife truly beautifuli highly recommend move anyone enjoys kind movie,biased
loulou delight way expensive high quality french wine leaf fine aftertasteloulous theme isnt new film doesnt carry original plot either colored picturing show fine extraordinary setting serious elegant styling never nowhere put weight mindwhatever one may say loulou beyond doubt french film stand excellent acting three lead convincingly reflect numerous doubt tense sparkling making plot alive acting fully invite participate make friendsfor around time loulou also provides extra bonus perfectly captured mood,neutral
watched movie probably time joke year old every time watch make fall chair two finest actor salman khan aamir khan play lead role even aamir khan much better actor got better rolesmart guy movie salman khan match sometimes perform even better dumb guy character memorable movie filled hilarious oneliners funny situationsa little silly probably dont try look logic movie let brain relax time promise experience remember,biased
funniest movie everbut watch film least year fall love michelle johnson never looked better film way story good,neutral
everyone choice worst movie theyve ever seen like pick gigli battlefield earth pick classic like plan outer space ever since vocal saying problem child year later feel exact way one worst expression actual worst movie ever seenhow much farting pooping peeing puking put single movie dont need see dog take dump go waist im hard filth nothing bathroom grossout humor heck like american pie movie excess within minute bad idea true tipping point kid little kid call sexual name imdb wont even let post word yet coming mouth year old think irony urinate puke make whole thing feel dirtier worst line movie guess fart people office film urination lemonade dynamite stick exploding toilet little boy filming babysitter sex projecting side house little girl joking scratching testicle however absolute favorite moment little girl carnival ride say im gonna puke open mouth fake looking puke shoot straight open mouth perfect degree angle puking scene scary movie looked real suppose redeeming element movie gilbert gottfried get impression didnt even script usual self bad act stupid pizza get thrown himyou know thinking movie much made go bathroom goodbye,biased
good westernthis first time writer richard wilson directed film also first samuel goldwyn junior producer pleasure see young pretty angie dickinson saloon girl robert mitchum come town dominated outlaw hired town tamer people worried go far also harm town´s business similarity story warlock made film keep fast exciting pace really keep edge,neutral
garden allah one first feature length strip technicolor film correct previous poster first technicolor feature disney year exclusivity deal becky sharp costume drama used color garish color costumesthe garden allah look could shot year later cinematography us color also use shadow must amazing audience time see color feature seeing basically black white film whole life unfortunately film stand cinematography said film worth seeing visual treat,biased
admitted best work harold lloyd ended last great silent comedy speedy enters sound film like chaplin keaton laurel hardy wc field better keaton well three chaplin rich enough make film producer paced film five year production laurel hardy protection hal roach production standard short sound film pretty good field first worked mack sennett paramount freelanced lloyd tried route chaplin took less successhe produced film unlike chaplin studio also first two choice good especially foot first begin choose wisely movie crazy catspaw milky way good choice three possibly sin harold diddlebock best sound venture entertaining none safety last freshman kid brother speedy top four sound film cat paw controversial ezekiel cobbs solution ridding city elect mayor extreme taste movie made dictate politics cat paw second year roosevelt new deal rather controversial heavier government involvement movie audience saw film like gabriel white house phantom president leader extraconstitutional action rid nation internal enemy force disarmament around globe even cecil b de mille got act day age bunch teenager use rat force gangster confess crimesto u use violence force anyone even bunch goon boodlers like alan dineharts gang confess repellent supreme court protected u confession duress forget reform thinking occur warren court burger court made example although mr justice sutherland opinion powell scottsboro boy case guaranteed every criminal defendant right counsel gideon v wainwright extend ordering court paid counsel defendant miranda case wellknown antiselfincrimination warning nothing like considered necessary study movie period even trick used get confession kirk douglas confesses crime front witness walk alone burt lancaster hold gun lancaster leaf douglas sneer confessing duress see gun unloaded suddenly realizes legally confessed without duress hate say civil libertarian reading note cobblloyd dinehart pal conclusion cat paw legal would led jail sentence may call heavy handed fascistic horrid would worked legally thought,neutral
first let say havent enjoyed van damme movie since bloodsport probably like movie movie may best plot best actor enjoy kind movie movie much better movie action guy segal dolph thought putting past year van damme good movie movie worth watching van damme fan good wake death highly recommend anyone like van damme hell opinion worth watching type feel nowhere run good fun stuff,neutral
saw first preview nearly passed excitement long fan twelfth night turned shakespeare modern adaption dream come true anticipation disappointedthe plot basically follows original storyline mean complicated dont want even try relate plot summery probably cover basic imagine girl pretend guy boarding school think possible situation would create even pause question plausibility plot reality point filmwhat though absolutely hilarious nearly every scene nail comedic setup kudos writer director actor countamanda bynes star film carry wonderfully shes supercute vixen faultless comedy admire much going fullon tramp film public life like many starlet today im glad least one decent young actress left hollywood ok im soapboxchanning tatum yeah he hot built like flippin gorilla really make laugh favourite scene whole movie he trying converse olivia first talking cheese later workout regimenthe rest cast fail perform either marvelous addition character form inane débutante mother monique classic evil girlfriendoverall lot fun loooots laugh highly attractive cast maybe par original beat modern version play including muchtouted thing hate,neutral
found movie favorite actress meryl streep wynona ryder went roofbut hard fall watching lame movie still bruisefirst character jeremy iron actor still admire even disappointmentplays awful treated family like crap especially sister played glenn close could get close sympathize character im prude sex scene really unnecessary could toned wynona antonios character could developed lot romance could much passionate meryls character mystical power didnt go film lot dead end bottom line really lousy movie lot wasted talent,biased
tell comment posted mine may well last youll see unless big dvdrelease tcm play kindof gang movie bunch different kid mgm certainly musical studio musician dancer singer werent contract tap heifetz one expensivethat little charity work fee received era unheard another musical film jose iturbi mexican pianist featured kid playing simple tune pianosso skeptic think young child arent musical mistaken oneas write frankie smith goodole american name gene reynolds badbutgood kid takenin street owner musicschool believe walter brennan prof lawson western movie man running school joel mccrea peter mccarthy andrea leeds ann lawson bigger star shall music host wellknown extra many wenton become star right others commented almost kid orchestra actually meremblum symphony los angeles made big success life either musician studio businessessad say arent many youngpeoples orchestra today sad mistake parent child school usually busy trying keep head water many dont even know happening kid school musical instruction get pricey almost everyone would rather footballteamthis cheapest concert jascha heifetz youll ever hear contained moviein day quarter playing brilliant even look like hed rather someplace elseemotionless contract concert yoyo joyful make want run right buy cellothis guy good timelike kid street concert hoodwink heifetz play schoolall orchestral number played kid make sound easy love type movie plot simple doesnt take two day figureout enjoyed understood movie need new movie like cant anything inspire younger kid play instrument guitarsbravo,neutral
movie line liberally fed movie ever seen life besides farenheit information supported opinion five scientist asssociated press highly criticize science promoted gore global warming mass medium hysteria nothing information movie either misquoted wrong together movie investigated shown evidence prove lie nothing liesliberal blindness think show school prof medium brainwashed u believing garbage,biased
tv movie spirit pilot possible series however spirit creator eisner like film thus series produced thought entertaining film captured spirit sorry comic modern twist im sorry didnt materialize series sam flash gordon jones perfect spirit nana visitor nice ellen dolan course would later go star trekdeep space nine year later maybe release frank miller bigscreen version spirit people able see rare gem spirit history seems hollywood make film already established character idea someone inevitably seek previous version property release video order make dollar antonio banderas donned mask zorro able get earlier version masked hero dvd great alain delon version although copy ever saw badly edited here hoping someone release tv adventure spirit dvd soon,neutral
ok firstly fan whole low budget horror genre dont bother really need fan get gagthe move basically snake train lot themthere ancient curse involved crazy ending wont spoil gore effect full real icky movie mainly one big gory gag snake scaring hell bunch people trapped trainthe suspense built well memorable well composed scene acting bit hammy watch surf dude thats really point give movie go know expect wont regret,biased
found highly intellectual artistic every way felt script conveying thing feel physically emotionally got home work watched tribute cinema highest form formatholy guacamole wish day would come tried putting bubble window side car honda civic vacuum formed muffin tray didnt quite cut also civic sexual position limited supported water bed brilliantly depicted vanthe van utmost side splitting hilarity even substitute porn watch scene privatelyi highly anticipate sam grossman director achieved opusratings john sam,neutral
bad editing bad production value bad continuity implausible bad dialogue movie bad bad bad however want movie poke fun la mst movie wouldnt suggest spending much money see movie make sure plenty witty likeminded buddy,biased
convert church jesus christ latter day saint try absorb much new religion history invited attend showing film son young men woman well family ward beautiful spring evening drove kirtland ohio church historical village located reservation vistors center view movie since movie viewing limited church documentary intrigued full length motion picture church seen legacy best two year thought well written preformedat beginning missionary interpretor passed tissue stating several people deeply moved point tear movie thought okbut take lot move tear imagine surprise found sobbing truly moving inspirational testament prophet joseph smithsee believe powerful message,neutral
movie garbage looked really funny preview didnt laugh whole movie big favor dont waste money dont waste anyones money gave believe would given less could im year old guy thought trash wanna see good movie go see jay silent bob strike back,biased
want badly give piece garbage zero unfortunately isnt give warn stupidly terrible imposter familiar cartoon really character look like drawn preschooler wait ive seen preschooler better prefer misadventure flapjack terrible excuse cartoon im probably saying others said two word rip remember episode dexters lab raced gokarts volcano yeah mister fellow even cashed idea failed even ripped shadow lugia one episode parodied pokemonhe even cashed franchise one character cheap rip mandark dexters lab mister fellow need sued statutory infringement piece crap everyone opinion like johnny ripoff test youre lying favor change channel rip try disgrace screen,biased
one best episode entire xfiles series creepy beyond word tension suspense episode well executed entire minute managed almost scary entire movie episode join rank best episode great home humbug bad blood milagro best respective seasonmulder scullys growing relationship put test episode really trust episode also contains tiny scene leave romantic viewer smilingmulder bring mitten,biased
seeing gary busey g rated film first nice one dont know much director obviously know spend dollar get jillian clare come kid love thing remember christopher atkins blue lagoon disney need see film put work wife think cute liked character seemed real liked message film sends greed suck faith love family win first lowbudget dvd weve bought much stuff producer made one kid kid loved liked music extra dvd director probably wont stick family movie hope cause really know get kid animal star like gary busey dog great seeing gary busey act like dog even funnier wasnt much didnt like one hard find family film without crude humor quigley delightful surprise,neutral
remember film academy award win category life cannot remember one thing say one best movie ever seen fact steven spielberg directed film persuade one bitessentially black woman trial tribulation growing girl woman lot insinuation disturbing horrifying needed see much woman put along way see woman put hardship walk redemption whoopi goldberg give best performance ever movie danny glover also gotten least nominated role film best part movie treat subject humanely like sideshow freak show like recent beloved encourage anyone race see film,biased
ive watched film time never really liked im fan termed nu horror cant dismissed account found little sleazy think thing irks hammer sexploitation aspect sex mind sexploitation im surprised many people rated film highly ill another look wasnt creepy atmosphere bit omigod look badstupid london prostitute woman little innocent anna get raped yet another nasty man ooherh suppose ultimately film depth whatsoever bunch nasty priggish men woman titillation value doubt degree victorian england like set even clunky dull impart sense victorian menace roger cormans horror hand thats style atmosphere elegant horror exploitative flat footed trash,biased
warning spoiler galoretim burton remaking sui generis movie sensible remaking psycho oh thats right idiot already rest casemovie open chimpnaut blundering simulation proving he smart outset marky mark appears shot without characteristic underpants showing turned plain woman prefers touch chimpanzeesthe perfunctory establishing shot space station orbiting saturn apparent reason interior ship abustle genetic experiment ape must travel million kilometer saturn conduct experiment special effect team decree itmarkys chimp get lost staple scifi cinema time warp marky demonstrates space station mindboggling security ineptness stealing pod without anyone noticing simultaneously demonstrating abject stupidity mounting deepspace rescue mission wormhole expendable test chimp million dollar vehicle limited fuel oxygen suppliesbefore anyone say pointless remake marky surfed wormhole crashed alien planet removed helmet without thought lethality atmosphere chased sound stage almost resembles lush rainforest werent kliegs backlighting plastic treessurprise ape chasing least would surprise one saw planet ape thirtythree year agosince marky mark get show pecs take pant bust lame whiteboy rap characterless michael clarke duncan gorilla teeth inserted crookedly helped immensely establishing lack character helena bonhamcarter aka irritating chimp activist loss without shakespearean script fine job outdoing marky clarke cardboard cutout paul giamatti orangutan slave trader secured role token comic relief interspecies klutz though grown bilious hearing pun relating movie one review headline captured essence planet ape reimagining ape roth everyone else minced looking like extra one million year bc greystoke tim roth chimpanzee thade chew massive amount scenery hurl kaka splendiferously entertaining portrayal psychotic thade character lacked behavioral arc thade mad first meet he pretty much level mad film end nice twistthe original pota featured leading character charlton hestons taylor disenchanted mankind left earth space regret yet film progressed taylor unwittingly found locked battle prove mankind worth sole champion original film ultimately tale humiliation salvation taylor discovers statue liberty forced realize specie prevailed anything cerebral ironic marky mark leo roth thade there lot runningthe slogan cry take back planet ape planet movie human ape crashlanded together human degenerated cavepeople allowing ape acquire speech sensual body armor ape deserved inherit planet along come marky mark true anthropocentric arrogance taking granted human apex predator simply theyre taking back ludicrous ape landing complaining planet men evolved ape causing trouble overacting hairy anusesheston cast pota established reputation maverick benhur michelangelo moses cast mute dogged animal alien society stupefy audience expectation crazed must world man charlton cannot command respect marky mark currently established tight underpantsthough heston denigrated constantly ape council dominated screen charisma stupendous overacting marky mark try instill fervor mongoloid human like unpopular guy school suddenly made classroom monitor tell stop drawing penis blackboard throw shoe burton try elevate marky humanity icon come chittering deviant original film ape deem taylor deviant yet audience ape alike icon humanity irony againit apt man elevated scenechewing acting technique heston play father film primo scenechewer thaddeus roth roth apedad charlton utters immortal line turned human time damn damn hellthe movie get dumb dumber towards end thaddeus giving marky assbeating lesson pod descends high markys chimpnaut ape demonstrate hebetude bowing obeisance incognizant creature marky prof hebetude muttering let teach monkey evolution firstly theyre monkey ape secondly genetic tampering imbecilic plot fabrication brought ape point evolution intend teach blowing away concealed lasergun called misanthropy evolutiongiving away twist ending would confuse viewer believing estella warren halfnekkid role actually integral plot still pantsno matter humankind last underpanted hope end cop ape take marky away plot point prison last heard ululating madhouse madhouse,neutral
stunning absolutely stunning movie two kid who father suddenly vision claim angel visit tell need kill demon get instruction later start rounding demon naked eye ordinary people kill socalled demon ax head chop burying rosegarden father claim see sin touch movie continues twist endthe thing love movie perfectly capture frailty human perception father completely mad telling truth audience left decide go make judgment see movie,biased
bugsy siegel went west coast addition dream la vega toyed idea acting good looking guy year younger pal george raft wasnt crazy ideawarren beatty made movie despite hair dye he old part beatty miscast bugsy played someone like alec baldwin bugsy tough guy feared contemporary beatty doesnt radiate menacethis vanity project beatty hasnt come term fact he longer leading manthe big annoying miscast mantegna george raft raft distinctive voice mannerism none mantegna even attempt match never believe mantegna came streetswarren beatty robert redford pretending younger year massive use hair dye itll shock suddenly go gray play character part,neutral
imagine thiswhenever two people meet movie one shot plot exist appears someone shot action sequence tried put together make movie decide watch regret,neutral
film brilliantcastinglocation scenerystorydirectioneveryones really suited part playedand could imagine thererobert redford amazing actor directornormans father came scottish island myselfso loved fact real connection filmthe witty remark throughout film greatit brilliantso much bought film soon released retail would recommend everyone watchand flyfishing amazingreally cried end sadand know say cry film must goodand definitely also congratulation two little boy played part norman paul brilliantchildren often left praising list think star play grown big profile whole filmbut child amazing praised done dont think whole story lovely true someone life shared u,neutral
miniseriesmovie terrible time nearly broke turned great fan novel however movie suffers multitude problem costuming poor many emotionally charged scene blase departure novel poorly chosen significant nuance missed rewritten,biased
film almost gave nervous breakdown recovering appendicitis year ago started teaching secondary high school whole teaching business bit nervewracking beginner mentally prepare going back classroom decided watch rather awful film flintstone one film chose put king street uk title alien warrior finished found almost tear sheer waste allmy life film stock £ paid couple week ago blockbuster ex rental section time must taken print sleeve art effort editor musician involved soundtrack negligable effort werethe list go oni love bad film let make perfectly clear love watching crappy film blockbuster mate dan used sit watch many many cheapjack horror laugh different type crappy film dont think anything come close even tobe hoopers death trap probably second worst film world whole making car abandoned part section nearly killed repetition music available opportunity regardless onscreen event whole aaaggghhhhhhh cant even carry critical dissection gag reflex started futility film even three year watched first last time still render speechless still able type whole making car odd part section contemplating horrible thingsi implore interested watching film gaze cover video imagine worst possible version story synopsis back almost guarantee wont even half bad film actually dont circumstance contemplate actually watching reason whatsoever christian want see christ allegory bad movie afictionado want experience true nadir trash even want life seem longer believe every second film run seems like least minute make mistake film unholy antichrist video form bo cattlett get shorty said ive seen better film teeth,neutral
admire effort trying reach rest world tragic story however movie done badly people know couldnt sit movie relevant since lived estonia event took place written horribly fails capture attention someone know nothing matter music choice flow well movie seems someone turned cd player background put actor mood acting well acting people acting jürgen prochnow donald sutherland even though prochnow seems uncomfortable role far relationship development go erik westermark jürgen prochnow julia reuter greta scacchi like watching train wreck absolutely chemistry painful witness sincere moment good movie difference trying get message couldve documentary trying make good movie failure anyone say otherwise make wonder trying promote matter fact native estonia offended miserable effort tragedy deserves homemade lowbudget ghost chase excuse movie could much,neutral
patchwork story director country sometimes humoristic sometimes boring first one example sometimes used say american death supported murderer sometimes really weird highly symbolic interesting really loved claude lelouch personal live couple newyork showing daytoday problem unimportant shoei imamura bizarre strongly antiwars general idrissa ouedraogo funny typical african optimism despite terrible day day misery youssef chahine egyptian intellectual propeace moral difficulty accept u policy towards arab country really pleased see many american liked movie show still belgian living texas year still interested culture able question past present action government like democracy,neutral
new rule nobody allowed make zombie movie unless actually come original ideasadly movie doesnt premise bounty hunter go kill zombie prove cutting finger well problem people ten finger collect ten bounty one zombie kill regular person pas zombie finger mention utter silliness hunting zombie bolt action riflei sometimes think film like resume filler makeup fx guy hey ten dollar recylced bottle deposit imagine could gave budget think anyone go drama school cinema school star zombie movie went school art check tunnel zombie quick undead mother must proudthese wimpiest zombie ever whole crowed apparently couldnt push wooden door even break glass window wait bounty hunter open door,biased
followup creation better dead competition better dead would win handsdown star power one crazy summer outshines savage steves better script problem one crazy summer ocs casting better dead bod cast much better friendship ocs show cusack giving hateful look bill murray little bro trouble set outrageous friend ocs genuine friend bod plot good youll predict even predictable part go think could even though better dead ugly stepsister worth look see demi moore plastic surgery reason john cusack fan gotta see say dont like bobcat golthwaite im sorry dont like either cant escape one least great job film tribute another movie monster editing needed help beach part much complain overall good funny try compare bod youll find lacking sigh,neutral
copy film always loved comment however saw pb presentation concert version sweeney todd earlier week production put san francisco opera starred george hearn patti lupone early hearn replaced len cariou sweeney cariou tony performance saw hearn angela lansbury also tony performance mr lovett perform sweeney broadway must made film time saw show day moving moment ever remember theatre occurred hearn sang friend friend see glisten arm complete hearns performance san francisco opera production convinced lost nothing nearly twenty year since first saw perform piece broadway later film talent sympathetic funny scary sing boy sing reminded terrific film highly recommended ten ten,biased
wornout plot man take rap woman murder case equally wornout plot outsider inside eventually shut outwith outstanding case one would think film would rise hackneyed origin scene scene drone change intensity character arc inexplicable behaviorthe homosexuality theme completely unnecessary hand completely unexplored seemed included titillate viewer hollywood learn gay character automatically make compelling picturea regrettably dreadful movie lauren bacall pick good one expected better kristin scott thomas one definitely one miss,neutral
agree previous post cinematography good totally disagree rest nothing porno movie disguised artsy film showing little boy naked art amount child porn steer clear dud stupid film,biased
remember watching series avidly every saturday evening highlight week loved everything location costume actor wonderful music clannad still legend album loved way solved problem michael praed leaving creating another robin time earl huntingdon believe legend several robin medieval time another thing loved fact filled young actor im sure robin men would young people didnt live long day robin always look old kevin costner ridiculous accent looked like robin granddad sad thing ending shame couldnt least done one special tie loose end give happier ending,biased
eh watch movie class someone taped brought expecting half hearted attempt portray herakles myth commercial looked serious expecting something halfway decentten minute film realized utter crap thing film halfway true myth bareand mean bare minimum parent half brother labor seemed named correctly rest film seemed one giant inaccuracy would say much better disney version film disney version made little kid therefore wasnt serious movie sex violence nudity clearly intended older audience yet story presented nearly inaccurate disney film,neutral
havent seen film year awful taste quaids performance still lingers tongue commented quaid jerry lee lewis tee fact appears extreme stage jerry mind nobody act way time performance come hopelessly clownish reducing lewis buffoonish caricature nuance man life lost rubble sheer overactingthe author book based nick tosches good writer written several fine musical bios particularly liked dino dean martin book tosches give u full human separate involved biz quaids acting seems imply jerry never acted like human people like one would bother hang around cartoon go mildly amusing otherwise one egregious filmdestroying performance honor viewing terrible,neutral
saw movie philadelphia film festival today enjoyed overall interesting adept analysis alltoocommon revelation parent marriage flawed difficult originally imagined addition movie excellent example process discovering truth parent life death issue associated however found sound quality recording editing relatively poor annoying may well related specific theater projection condition film maker student anything claim real understanding sound production process consumer found audio portion movie distracting specifically heard unpleasant lip smacking noise especially one long interview younger sister film often background noise level higher volume people voice example scene small group sorting mother paper anyone else seen movie noticed anything sound thanks,biased
got worst movie haver ever seen nielson movie need funny think reason naked gun like movie require nielson funny played role straight could comedy went mostly visual put movie funny isnt movie one good part may considered spoiler beginning credit animated whole movie animated might good intention seeing movie saw ad reason see ticket given someone radio contest first probably movie ever walked scale give movie score,biased
many disparaged never say never official bond movie nevertheless manifest producer adhered fruitful bond formula although film precredit sequence clear training exercise commencement film meant introductory scene would impossible eon stop producer including precredit title sequence albeit without gunbarrel introductionsean connery fine form immortal secret agent film certainly better dr thunderball live twice diamond forever although nsna meant remake thunderball vast improvement spends time terra firma diverse range exotic location included film resplendent acting movie barbara carrera impeccable bizarre fatima blush one best scene film coup de grace bond fatima nice preceded dynamic motorcycle chase city klaus maria brandauer play psychotic largo max von sydow free melodrama actor portraying blofeld indulged innsna tends centre connery rather character bond commencement stated bond ageing action seems refer year hiatus connerys portrayal bond bond promise never work secret service allusion connerys portrayal bond appears producer trying hurt official bond franchise nevertheless film definitely worth watching last time sean connery played james bond performance convinced perhaps never said never,biased
looking comic drama suspense ensemble cast well locate little sleeper john lithgow billy bob thorton great little plot twister dont forget cameo jamie lee curtis touch touch prince pauper dash homegrown gold make greast little story,neutral
libby talking desmond flashback anyone confused past like end hospital hurley know despited libby dying season character explored season get answer question surrounding herbtw great episode really great cliffhanger interesting questionslike happened eko lock four toe statuei cannot wait till season lost rule hope unanswered question answered loved explained plane actually crashed desmond manage type number time,biased
watching movie repeatedly since came even though year old still crack joke still hilarious way character portrayed make anybody age laugh like theyve never laughed enjoy,biased
human traffic without doubt original compelling film seen long time document day life group young people bored everyday existence dead end job taking ecstasy raf weekend hilariously funny extremely poignant time sad genre trainspotting great soundtrack feature hot young rising british star movie made miniscule budget look forward future offering writerdirector justin kerrigan talent discovered major movie maker,neutral
amongst worst film ever encountered cinematography dull long tedious shot like camera tripod filming stage play interspersed dramatic angle made little sense content screen editing terrible scene matched together delicacy butcher plot hinged viewer familiar historical night mary shelley wrote frankenstien acting forced type character development left intense interest seeing die horribly sooner better,neutral
one worst movie ive ever seen im still sure serious satire one movie us every stupid dunnit cliché think arrrrghdon johnson pretty good actually otherwise sucked year ago saw still hurt wont stop lingering brain last line movie really sum stupid wont ruin want tempt fate viewing movie garantee nghya moment end nothing better like point laugh maybe might worth additionally youre forced go date someone really dont like suggest watching movie together theyll probably leave alone see thats fair price pay guess,biased
liked lot fact see againand plan may love ill echo reviewer saying movie really grow watch start kind slowly way enfolds natural mood get iti really liked summery atmosphere movie thought movie touching whole character strong element realism movie slowly gently weave spell get involved various interaction want know ultimately turn path character choose take surprised less dozen comment thisthere obscure tv movie comment rich loveone thing say missed ending driving crazy watch see movie may everybody feel strongly underratedeven film buff purist friend seen almost every movie havent seen doesnt even seem much message board liked lot like family drama warm scenery atmosphere unhurried languid pace probably take look especially note worthy take place south carolina like love south movie take place gem ill add vote woefully comment recommend little known flick,biased
ive seen half dozen film starring lino ventura one seems much like others play laconic criminalone short word subdued yet occasionally explosive given quiet persona film army shadow second breath ive noticed minimalist style acting extremely effective word quiet mannered bad thing tend notice like film also strong though twisted moral codeabel davos ventura partner lilane living italy career criminal grew france eventually flea due criminal activity italy film begin continue live life thug heat catch oddly instead running yet third country decide go back franceeven though davos tried convicted absentiaand he caught could mean life prison death penalty much first third film concern covert returnunfortunately davos return doesnt go perfectly seems every cop france looking additionally reaction old compatriot crime hed expect fact tepid response return end unleashing series terrible event towards end filmalong way davos meet taken stranger eric stark jeanpaul belmondo despite davos seemingly friend stark lady friend try best make return successful throw another monkey wrench though davos two young sonswhat davos themkeep hiding place overall good crime filmsort like french film noir unlike american noir many french version seen realistic well bleak outlook fatalism reign supreme thats sure acting firstrate especially ventura belmondo direction sure writing nice though sure many wont like ending seems tacked onlike afterthought understood way also see might leave many unsatisfied leave tad flat otherwise exceptional film,biased
trashy b movie attempt masquerade study sexual addiction really poor excuse sexploitation flick story revolves around sammy horn subtle name played michael de barres sammy restaurant owner clueless wife grace rosanna arquette young child sexual addiction must meaningless sex every five minute woman field vision agree course every woman planet find irresistible despite fact look old enough collecting social securitythe story centered conversation therapist nastassja kinski describing sexual exploit via flashback nothing convenient launching point parade serial sex act consumes least screen timeit hard know begin criticizing film bad production value abysmal movie shot video look somewhere tv soap opera best amateur porn flick shot someone garage direction joseph brutsman horrible bad lighting uninspired framing poor actor direction script vapid dialogue mindless vulgarwomen generally portrayed sex obsessed nymphomaniac waiting addict like sammy come along rough feeding insatiable appetite impersonal copulation example grace sister come indignantly inform sammy know he sleeping around going tell wife response throw wall begin raping three second epiphany instantly converted one sex disciple begging give finish grace walk si say oh great see gotta run pick timmy mum word sammys indiscretion bond loyalty sealed good ravishment spoiler typical obvious nature film anyone seen first fifteen minute could predicted itthe sex depiction overdone mechanical poorly simulated comical erotic done participant fully clothed acting wretched michael de barres present depth rain puddle really seems get thrusting profanity sex part come actually acting arquette kinski adrift rosanna arquette closest thing actor film giving bearable performance looking genuinely hurt finally discovers perfect husband lecherous animal nastassja kinski far compassionate therapist least acting happening rest cast collection elevated body double give thought provoking line like hit harder best oh god yesthis movie among worst ever seen dubious distinction given thousand film viewed given extremely rare dishonor rating seen within three hour meal,neutral
boredom vast curiosity decided check show today since four year old niece love known show four year old could like show pretty badfirst show wasnt funny laugh track went inappropriate time annoying especially since none joke funny laugh track went point one kid who cameraman said im going go polish lense hell funny part like meat drumming supposed funny stupid anyone who age elevennow feeling four year old target audience however since four year old niece watch sort thing concerned watching doesnt show good behavior episode watching show sam stealing carlys sandwich pushing ground carly stand thing back would want see niece acting rude also dont like idea two young girl web show give personal information real would freak herthis show would probably good funny someone who eleven younger anyone older stay away ill give two star since guess see funny kid,biased
think costume excellent hairdresser also performed well authentic feeling period timei dont know computer magic real big scene hundred extra background especially impressed scene bridgethe main character actress also performed well showed u nervous witty woman know use seduce men get wantssome scene hilarious even though hour long never boring good entertaining movie,biased
hammerhead combination mad scientist killer shark movie genre bit typecasting jeffrey comb play aforementioned mad scientist develops humanhammerhead shark creature bizarrely fact son turned monster prevent dying cancer somethinga group associate invited scientist private island end used shark bait shark mate unknown reason head brought along part team know luckily turn resourceful somewhat overweight ramboesque hero im working assumption learnt handle assault rifle part day job working st line support normal day man presumably involves fixing someone network connection followed call gun guntoting evildoer perhaps call fix someone pc scheduled physical confrontation landbased humanshark hybrid anyway he amazing save day even get girlthe sharkman slightly lame creation ok guess judging effect general film movie move decent pace complete hokum course buy movie called hammerhead expect complex drama emotional conflict experienced man turned landbased killer fish really one blame gun gore girl possibly even exploding helicopter rubbish bad might say,neutral
charles chaplin shoulder arm longest film date though minute length quite feature film world war one drawing close many popular entertainer time part inspire native troop chaplin exception lovable tramp went war film begin tramp training character hilariously inept even simplest military drill including marching gunslinging much disgust drill sergeant tramp find trench faced formidable foe though german eventually turn infinitely incompetent even uproarious moment tramp declares singlehandedly captured thirteen german soldier surrounding stitchesthere plenty great moment film chaplin awaking find sleeping barrack underwater unable literally find foot hilarious ingenious use tube record player sleep beneath surfacehowever memorable scene film undoubtedly involve chaplin skulking behind enemy line disguised tree reaction bumbling german soldier unknowingly metre sworn enemy singlehandedly disabled onebyone highly amusing especially one soldier grapple axe intention cutting tree firewoodthis enjoyable film one best chaplin pre effort highly recommended,biased
probably worst excuse television programming since oh dont know whats happening nothing ever happened ridiculous series even though mostly shot britney kevin dont get good detail personal life mostly making stupid jokey small talk acting like white trash look love britneys music much next babe show pure filler nation addicted britney would watch clip toenail yes could actual episode thank god two broke painfully dull together show toxic,biased
worst movie ive ever seen seen lot movie friend rented one wendsday evening man lot fun movie worst boring crap ive ever seen make laugh u lay floor rolling around tryin get air wonder rent check keyboard playing girl sleazy russian bar mother would make time better movie feedin cat,biased
nothing positive say meandering nonsense huffing puffing message new russian postsoviet film good cuckoo come mind yet many bouquet cardboard aftertaste asbestos nochnoi dozor would good example dozor type emptiness acting would horrible saving grace utterly unappealing direction incompetent editing sometimes awful distracts impotence actor special award cameraman making sure every shot shaky would someone please realize blair witch second undeserved fame take geared towards attentiondeficit preteen subside counterstrike masturbation female lead pose try look seductive often male antihero need diction coach although genetics arent bad rather expressive eye one middle finger irrelevant pile nonart anyone review positively better distant cousin auteur,biased
there anything worse movie dont want see remember many amazing thingsa nun dropped coffin make raft little blond boy little blond boy adored god lot stock footage peru ideal vacation spot shining path alberto fujimori blast away notion peru vacation paradise whole thing awful plan even robot monster aesthetic treat comparison film bombed strafed bombed,biased
may contain spoilersan innocent trailer park maybe compton la white kid witness terrible childhood tragedy relating drug violence unprofessional dedicated police partner try take sophisticated high end club drug ring fired chewed drug lord high priced attorney plot thickens people come back seek vengeance justice predictable ending memorable part walkon ron jeremyif movie theater would asked refund feel sorry poor actor movie awful painful watch worst part cinematography director kept flashing back within scene sound would quite match codec dvd problem intentional technique ughh two star,neutral
barney friendsthe dora explorer sok ill admit kid barney ultimate hero barney plush toy used watch barney episode videotape maybe cause sugar coated mindnumbinghowever time turned started hate barney everyone school would dis barney went along mainly funny little boy year later discovered something else barney never forgeta person known imdb angelmeiru essay school explaining danger watching barney posted message board lot danger made sensebarney dinosaur magically come life day school supposedly educational sheryl leach barneys creator say really remember teaching magic solve anything trueto end comment id like tell little story young boy watched particular episode barney one day alone stranger lured car drove away dont know outcome safe assume child died abducted first place watched barney friend episode titled stranger friend havent met yet,neutral
epicenter cultural globe four working class teenager attempted change world music fashion final attempt last century failed dust cleared band manager sex shop proprietor malcolm mclaren spent money sex pistol earned make mockumentary role success film called great rock n roll swindle take hint consists little footage sex pistol actually playing music quite lot footage mclaren effectively calling audience idiotscodsurrealist nonsense guitarist steve jones detective mclarens tail soon dissolve drummer paul cook jet rio spend time great train robber ronnie biggs ready spectacle three unappealing men dancing naked hideous ironyfree version belsen gas song killing jew gold bergenbelsen concentration camp another song sung ronnies tone deaf whine includes lyric god save myra hindley god save ian brady lyric johnny rotten would considered distasteful sid vicious scene idiotic jumping bed thong swastika testicle sing bad boy biker song playing punk joke theme movie attempt turn sid james dean im surprised mclaren doesnt take credit siddys death redeeming scene sid paris infamous performance way punk rock zeitgeist right mocking adoring audience shooting need entire film watch clip youtubefrom julien temple far superior enjoyable documentary followup filth fury given balancedhonest view transpired also number scene would liked seen swindle fury basically reediting material one animated sid complete sids voice acting fcken betta watch alright ill slice open still appeared cover something else inch snippet shown fury dont know context originally appeared original print removed sids death fury also shed light film killed bambi would mock hard day night movie mclaren originally intending make starred sting member gay new romantic group looked damn sight entertaining swindlesod swindle ti swindle must rent filth fury revel music failure world changing polemic,biased
lapyuta castle sky hayao miyazakis movie brings joy storytelling audience kind movie make one feel like kid magical crime took long released state check stick original language dub changed impression character somewhat something avoided cost translation movie book whateveri give tenten,neutral
francis ford coppola wrote directed stunningly personal story married woman flight husbandand reality perhaps youthful glee excitement younger year behind learn little woman marriage except feeling independence slipping away late shes also recently learned shes pregnant complicated heart doesnt want complacent wifey despite maternal way speaks husband phone meet two men journey former college football hero whoafter accident gamehas left permanent brain damage sexy strutting motorcycle cop great deal trouble life clear clean landscape photographed talented wilmer butler astutely realized character shirley knight james caan robert duvall deliver strong gripping performance especially since likable people conventional term scene knight first call home payphone first night alone caan play simon say almost intimate watch coppola toy reality turning jagged memory character scrapbook weve made privy allows scene play yet editing quite nimble film never allowed get heavy least two three frisky moment heady endeavorso much picture still shown festival nearly five year later may shun coppola unapologetic twisting event order underline finale bitter irony however forcefulness drive behind picture nearly obliterate shortcoming,neutral
herbie volkswagen think like man back driven maggie peyton lindsay lohan young woman hope become nascar champion thing standing way current champion trip murphy matt dillon anything stop themthe original love bug wasnt good even kid remember liking much hope sequel though mean cast pretty good trailer make seem like pretty fun movie unfortunately herbie better film defiantly weak people age probably entertain kid thats alli realize kid film could made film little interesting laugh got boring near end actor seemed dead role lindsay lohan alright maggie peyton usually give better performance like freaky friday mean girl matt dillon gave best performance everyone good bad guy even though didnt lot work justin long breckin meyer michael keaton really dont anything specialangela robinson directs okay job try keep film interesting shes working weak script thomas lennon ben garant wrote screenplay would surprise also responsible taxi pacifier two make light film yet fail really make story interesting enjoyable completely fault hopefully next time try harder end herbie safe predictable family film thats worth watching youre kid everyone else better skipping rating,neutral
one best film ive seen age right like trainspotting pulp fiction epitomises teenage culture today soundtrack absolutely amazing overseen pete tong must see,biased
movie collection inexpensive bmovies restored fact audio difficult discern first minutesat first seemed like typical haunted house film feel much like forerunner clue murder death house haunted hill etcabout half hour film storyline take really interesting twistand go cliché melodrama something entirely different far entertaining initially thoughtcheck great deal fun even long clip wider shot near lack music score make feel bit creaky today standard,neutral
welcome collinwood lot thing none followinga george clooney star vehicle unfunny unoriginaland yes know basis movie another movie far hollywood go may rank authentic output decade doesthe movie start finish absolute gas here whythere isnt bad performance film funny part funny edgy part edgy script contains dull moment dialogue cinematography fresh yes beautiful doesnt conform hollywood norm youll see mean see filmwhen kid remember seeing advertisement film film went radar grossing much box office isnt even cult classic reason transformer seen acceptable average movie goer used seeing transformer film original funny pumped often multimillion piece st cinematic experience would much fresher place say dont make em like used didnt see welcome collinwooda fun minimasterpiece caper comedy refuse compromise one favourite,biased
quite way away go fish good film troche bigger budget cast work film entertaining easy like acting good lot slow burn sexual tension,neutral
people know particular time past like feel need try define time others replace woodstock civil war apollo moonlanding titanic sinking youve got realistic flick formulaic soap opera populated entirely lowlife trash kid young allowed go woodstock failed grade school composition ill show old meany ill put movie prove dont know nuttin topic still make money yeah already know one thing watching film give little insight underclass thinking next time see slut bar look like diane lane im running way child abuse let parent worthless raise kid audience abuse simply stick woodstock moonlanding flick ipso facto mean film portrays,biased
second opening credit feeling going bad movie didnt know bad actor playing evil nazi scientist open mouth friend decide order survive movie well turn volume make dialogue double speed dvd didnt help half way turned ive lived bad movie without aide mystery science theater svengoolie movie doubt even bot save biggest part movie bothered people hypnotized believing theyre zombie rotting green skin guess hypnotized death hypnotized rotting stick real bmovie cult classic like plan nine outer space,biased
trooper side road making sure every obeying speed limit job pull woman appears mother child back seat telling wrong bamthey get killed okay start personally thought would good movie watching movie theatre friend first night summer wanted go see good movie decided see suspensethriller looked good everyone groupthis one biggest mistake life waste oo movie ticket sit torture brain movie started mystery suspense seriously thought cant badi wrong whole problem movie make sense even get passed bad acting scary storyline horrible mess movie still puzzled youre smart enough understand human brain could comprehend stupid movie right may thinking oh man watch movie see bad person say get thought head right im trying save trouble watching movie telling bad point even considering seeing please people dont make mistake thinking movie potentialit doesnt give movie could give zero would recommend anyone ever see movie youll saving many sleepless night trying think wtf freaking movie,neutral
hey remember hal hartley brilliant time id say book life thing really started going downhill say least went uphill one movie look like filmed someone cell phone wouldnt bad thing distinguished interesting story dialog ala missing along hartley spare quirky dialog place tedious exposition theme christian end time trite story modern jesus quandary packaged tryingtobehip modern world everyone look like someone hal hartley movie pick little second half never enjoyable especially sensible hell happened hartley,neutral
comparison perhaps unfair inevitable attracted intimacy depth umbrella slightly horrified discover cutandpaste musical american style awkward stilted dialogue inexplicable songanddance number gene kelly french accent apparently poor dreadful job dubbing substituted youll remember dubbing almost perfectly pulled umbrella translation french subtitled version well leaf something desired although cant attributed demy film also several selfaware moment come wee disconcerting reference song legrand costume well tight pantswhite boot combination freakishly unnatural color reminds one austin power film demy reward viewer allusion umbrella note instance suitcase carried maxence departure rochefort suitcase carried guy departure cherbourg also note convenient brunette resolution madeleine umbrella josette young girlsgenerally speaking expecting natural feel umbrella save floating bicycle scene looking similar deeper question ambiguous ending umbrella script probably pas one b looking french version thin american musical quite happy,biased
really appreciate jungwon done death everything want say choice love unselfish chose darim good darim need time recover death obviously want let happen film chose giving temporary agony darimas comparison life without different behavior show big difference eastern culture western culture cannot say better every one right choose totally life equal everybody live choice acceptable think fit youin truth slow pace film cannot excuse rejecting movie calm get movieone best korean movie ever watched,biased
crazy amber smith see besides svelte body pretty much nothing term cinematic value even lesbian scene one guess trying metamorphize late night scream queen ala shannon tweed julie strain,biased
dvd published uk code hrgd cover asin vfc disk ifpi code inner rimprobably straight transfer vhs much point commenting adult film one contains minimal plot character believable shown united state normal cinemasive seen pensylvannia way back deserves place encyclopedia movie dvd special feature subtitle probably made using vhs tape source,neutral
clerk video store try see movie put week dont problem fact sort feel privilege film hour half hero whining growling way scene scene truly wondering planned get point felt like getting paid watching home free time id known another hour endured might given right didnt care character filming unremarkable ford made kissing look like chore even score incongruous jarring waste,biased
flatliners left quite noticeable impression head story quick paced leaf constantly absorbed many time quite tense five remarkable student doctor notably julia robert kevin bacon among one devised mechanism remaining dead getting flatlinedfor second coming back lifethe procedure quite complex involving plethora medical knickknack injection electric blanket oxygen mask variety esoteric medical term strongly suspect doctor coined word never need get layed funnily follow kiss original version engineer keep simple stupid extended version doctor keep stupid simple philosophy well risk getting euthanized revengetaking doctor reader let continueso first guy get flatlined hope find answer life philosophy religion cannot convincingly answer hope get answered become famous applied science flatlines around two minute come back world left quite shaken death vision incident young left strongest impression life killed another boy kid accident still feel responsible itwith success first flatliner others follow suit extending flatline time test limit long one remain dead experience life deathmeanwhile monster past future keep coming back haunt flatline experience first flatliner haunted young kid torture alone second cameraed woman took bed see television set playing video third haunted young girl teased school fourth haunted suicidedead father feel responsibleall driven insane haunting obsession think past seems want take revenge main focus getting flatlined entire life pass eye moment dying whatever stage left mostly strongest impression life mind since didnt die strong impression somehow resurfaced become focus livesall somehow come term extinguish past demon except first one realizes way move life getting flatlined flatline session see getting flatlined first time also see boy killed trying kill time round boy kill time minute sought revenge minute movie one left wondering get come back thankfully u like happy ending boy absolves past come back life,neutral
massive fan jet li best hk action film star alive consequently film rocked saw video store mainstream section mainstream video store didnt register presence first look twice immediately knew would renting qualm suppose expected dubbed aaargh subtitled elsewise movie originalstrangecool plot full action made one jet li better movie even though fall category,neutral
first say acting isnt good miranda cosgrove main character good actress quite frankly spencer brother way much better actor spencer easily favorite character probably one know act carly hand try act heart sorry isnt good sam doesnt even get credit mean come icarly pretty self centered eh freddy isnt bad dont comment must add carly puppet sam change attitude whenever go film web cast go shouting linesits sorta bad influence way carly web show kid copy might giving information pretty safethe nice thing funny part show make entertaining least show isnt boring nice plot pretty strong many kid like dont look flawsoverall bad show boring,neutral
say miniseries best interpretation beloved novel jane eyre dalton clarke believable rochester jane ive seen version none compare one best one could never imagine anyone else playing character ever last time saw one time bookworm read charlotte bronte novel completely enchanted miniseries remember missing episode id like see good,biased
movie worst ever sorry total waste good hour quasipsychology bactors make baaaad horror movie say bad movie adore one hot chick wasnt hot absolutely climax movie worst part ending song homemade thing word awful condition world mess head fall body girl wont stay dressed cop clueless eating donut car newspaperflash next morning headless bodytopless bar jesus sorry guy milk gone bad one,biased
ripoff cellular bad casting bad direction bad musicand list go onwell direction since story scene setting lifted straight movie even fight sequence copied one mace kill bill another one fire hose either jet li jackie chans movie able recall name movie stay away cheap imitation try see real thing cannot expected something original bhatts,neutral
one time favourite movie ur car forget movie feature aussie greatest muscle car xygtho yeah acting greatest never made win oscar car action keep comin back cool collection muscle car awesome chev real cool cat drivin also really cool song sung terry serio main actor acting pretty funny taken lightly tyre smokin drag racing main focus movie big fast car pleantly steelno plastic car cool street dragging recommend people car someone looking great acting,biased
bad b movie sander barrie hale cowen hamilton gargan fitzgerald even willie best could either charlie chan moto falcon blackie holmes saint etc word get chance spend another hour company old friend plain urbane murdering murdered always pleasure bookbarries hardboiled dame avenge clear framed dead father police detective planning carrying coterie string underworld assassination would surely opposite effect sander join fun simply dancing right club right place right city right time right lighting falling first killer right time killing himthe story acting ok gripe ive got near end hurried almost laughable discovery evil genius waldeman almost forget relevance plot said solid entry series,neutral
say remember saw show believe fox give talk show chance spike right conan year like conan incredibly funny seems grateful show add humorthe funniest bit spike far idiot paparatzi comedy stoner high get cf say summary show funnier minute snl hour let hope talk show get attention deserves extra half hour money band,biased
studying difference religion cult college mindy rachel miner best student class convinces schoolmate cassandra taryn manning bailey glenn dunk alex joel michaely morgan victoria venegas research massacre worshiper kwan yin leader owen quinlin robert berson twenty year ago california quinlin found ancient amulet southern china would give enormous power sacrifice human soul one woman resists destroyed however death morgan apparently committed suicide student discover quinlin returned chasing soul amuletthe storyline cult totally bad unfortunately screenplay direction acting line camera cgi edition awful completely bored tempted use ff button dvd resisted wasted minute life watching neverending crap saturday night vote twotitle brazil amuleto secreto secret charm,neutral
starred eugene morris jerome high school adaptation play film definitely doesnt live script imagination neil simon know play backwards forward honestly tell acting production cheesy change play script poorly done want really enjoy play see actual play hollywood movie adaptation eugene character lacked soul overly sarcastic said character key well general disappointment messy disloyal play amateurishly executed,neutral
wes craven present movie directed joe clayton starring lance henriksen group scientist save dying man find desert stranded government outpost injecting experimental virus course one colleague go overboard virus transforms man near unstoppable monster trapped inside lance henriksen play morally offended researcher leaf project return receiving call help save man preunstoppable death machine mutationdeciding combine two trip one brings family along theyre going vacation afterwards proceeds give entry top secret government facility thus putting right middle chaos within case cant tell one relies viewer work little put aside petty see major blatant detailsoverall though watchable mild bit enjoyment note outpost commonly known title mind ripper,biased
comment may bit spoiler worth stop care enoughsaving grace titled paperthin excuse old british woman get high onscreen film dumb incidental music annoyance obvious hackneyed tune sporadically pop comment narrative spirit sky example oh get basically cheech chong movie made credible stodgy english setting brenda blethyns overwhelming power inflict emotion audience using voice alone could literally hear folk high time magazine receiving jolly enormous bud litter picture worst scene easy brenda attempt peddle illicit ware street london blaring white dresssuit funny original interesting good movie rating result zealot overvoting dont waste time,biased
get chance get hold lost many year gem doubt disappointed p odd blend social satire ultracool blaxploitation even hint slapstick odd ahead time nothing seen like sincei strongly disagree people say film dated especially spike lee bamboozaled sp year back misfire trying capture message good filmmaking disjointed scriptrobert downys direction brilliant allowing many actor improvise film get better go along joke swagger hit miss oneliners forgiven found mel brook comedy sheer nonpc cant believe said funfavorite part commercial film switch gritty black white depiction ad agency beautiful perhaps mm color get away refuse hint spoiler get chance see dvd version sure watch downey interview leave movie vote underrated film late early thank prince,biased
joy watch family grow see child acting series eight year later anna lexi randall beautiful young lady working physician town love son justin went away army injured war newest daughter jacob sarah cassie outspoken cutie transparently honest often embarrassingon cold winter day stranger show farm slow reveal identity find jacob father john witting thought long ago dead hard question past difficult get answeredglenn close magnificent loving mother want best family constantly wrestling force tend separate sarah talking jacob said fragile life anything happen blink eye could died blizzard think justin john probably ill know time move moment pass late shame dont thinklife lesson honesty forgiveness make meaningful evening entertainment,biased
start film drag drag clumsy overdubs explaining history monochrome acting boring set total lack humanity verve style actor look drugged potentially interesting story completely wasted surely somebody realised bad point producing,neutral
definitely one lesser astairerogers musical poorly plotted paced run minute longer swing time example feel heck lot longer partly due secondary romance randolph scott harriet hilliard scott rarely ever interesting like hilliard shes sweet love least one song get thee behind satan number weak leftover top hat thankfully cut masterpiece follow fleet would actually bad film least three brilliant dance sequence astaire rogers dancing contest vies top spot number dance fantastic im putting egg one basket present two rehearsing dance dont quite perfected yet imperfection make perfect let face music dance easily one irving berlin best song film well worth watching great moment,neutral
one worst movie ever made trite predictable flatthe thing rated one point nice scene highlighting barcelona imagine would use film like guantanamo hidden ciansa prison torture suspectsoften bad movie redeeming feature nothing worked would change name truly turd hard write feel world film watcher needed head hand make great gift people cant standyou could send politician dislike law exwives teacher hated former employee dick cheney w host others,biased
sucker film like film take back let relive childhood im grown many grown responsibility like mortgage kid dog wife slew others enjoy life innocent carefree like twelve mike binder indian summer know explores like twelve year old brings back time life simpler much fun brings back time worrying first kiss wondering could finish camp marathon important issue indian summer fantastic film one watched least year sit back laughand reminiscethe film star kevin pollak bill paxton diane lane matt craven name childhood friend summoned back camp tamakwa former head camp counsellor uncle lou uncle lou played perfectly alan arkin kind guy patriarch group also knowing encompasses true spirit father figure someone understands simple thing life hard time relating today kid need walkman blaring ear place immense beauty like tamakwa camp moose wandering camp leaf turning colour god gave water far eye see uncle lou yearns day old asks former camper back camp see one take camp together get see trial tribulation perhaps new love could spring themas adult return camp isnt long act like kid typical camp prank get played take toilet paper stall put toothpaste sleeping bag done hilariously actor like pollak paxton funny stuffbut beyond hilarity get explore real adult emotion anyone relate one favourite scene kevin pollak elizabeth perkins overlooking bay used go canoing kid pollak cant get small look perkins finally tell bay didnt get smaller got bigger doesnt hammer point home subtly grow move unfortunately cant live like year ago thing change stay sameindian summer character driven film written beautifully mike binder actually attend camp camp tamakwa sam raimi played stick film fond vivid memory experience fuel film many touching scene many hilarious one also perfecti love film love everything true hidden gem,biased
thought id throw word william mcnamara bad way spend couple hour want see tightywhities obvious pumped role look pretty darn good less there extended sequence cave strip undies there nice bit chase miss eleniak buff hand cupped groin william mcnamara naturally little skinny side nice generous handful booty also there moment he getting bed pause action right moment see whole enchilada youre inclined come half people choose watch movie navy men road trip id like thank dennis hopper equal opportunity gratuitous nudity william mcnamara act heck know,biased
yes lifetime habit making male specie look stupid soap opera aint kidding make perry king supposedly well renowned medical doctor unable see evil surrounding put trust doctor huh anyone see whats going stupid evil wife face like horse go around killing entire family without trace acquire drug isnt explained get secretary hospital without credential guess director fauntleroy asks u believe didnt kept yelling screen stupidity king right front face wife attractive maybe maybe id accept shes even shannon sturges perfect wife tell face horse wouldnt cross street yet perfect husband quickly everybody cast get knocked wasnt satisfied come penny given villainess deserved got william moses play doctor brother unfortunately know outcome day one pleasure least see one pretty face clinker lesley anne give film count relief seeing someone fetching mess perry king deserved fate jerk,neutral
movie similar death warrant jeanclaude van damme also similarity island fire jackie chan also heard similar action movie film much better action death warrant even island fire thats right jackie chans movie rarely american action movie great action sequence though many negative review film easily beat action movie time successful many martial art scene david bradley fast bruce lee film else good fighting scene much longer american martial art movie shootout scene similar john woos movie maybe good still exiting also many impressive explosion one great chase scene ive seen david bradley movie one yet best term action ok movie cheesy moment movie hasnt acting decent charles napier incredible character real tough adam clark played squid yuji okumoto played main bad guy also good actor acted pretty well though acting isnt important type movie action movie fan mean real action movie fan really appreciate good action must see film,biased
like muppets defy dislike one basically plot regurgitated time new york la feature lot fun cameo muppet hijinx lot muppets leave film pretty early center around kermy miss piggy happened enjoyed greatly fun watch kid,neutral
first im dog movie find totally enjoyable spite poor production quality acting herein abominable monster stalking although monster quite well doneimpressively well done actually look kind otherworldly like alien family vacation landed himalaya dad taking attending nature call spot got loose didnt time hunt he caucasian brother wishmaster havent decided whichactually seems filmed somewhere snow country yes likely canada somewhere china anywhere tree vista say canada okay set area never take look feel ubercoldness one might expect find himalaya china scifi channel movie forgive lack locationfurther apparently established scifi director travel often aware commercial plane fly weather like featured herein subsequent crash actually would happened said scifi channel movie must forgive thingsthe movie pretty graphic time rotates alive donner party predator alien wood bad wushu movie fly wire yeti apparently leap like spidermanor super marioremember run faster jump higher live longer also yeti missed teddy bear he searched high low cannot seem make cadaver work poor yeti cant help feel sorry survived evolved thousand year succumb severe teddy bear loss he missed bear maybe want mate thought banished ya hear well seem unmated male rebanished superhuman well humanits superyeti whats normalyeti dont know definite michael meyers quality completely unsettling he got fabulous way cleaning fur fabulous dahlink spotlessly white time shouldnt he fastidiously superhusuperyetiall lot fun watch great kill honest plot element spite horribly gravellike production style actually quite entertaining cant help wondering theyre planning another one rate mtv scaleit rate movie scale fromthe fiend,neutral
cry freedom excellent primer wanting overview apartheid cruelty couple hour famed director richard attenborough gandhi certainly stranger genre collaboration reallife mr mr wood main white character book film lends authenticity cry freedom video release actually run little half hour since minute extra footage inserted make two part tv miniseries film initial theatrical release added length serf heighten film forgivable flaw uneven character development blanket stereotyping particular another possible flaw insistence white character fate african one may work strength viewing cry freedom politically historically educational film think artistic merit story one black african know well though younger generation may need see film full impact white always film book target audience hopefully driving change twelve year movie production cry freedom many way interesting film watch almost ten year black majority rule least theorically place cry freedom ideal remain large unrealized therefore remains imperative ever white south african particularly younger one heard action see absorb film message total contrast american slavery jewish holocaust exposure south african struggle told mere two three story cry freedom cry beloved country ok count twice include remake sarafina miss one three drama also clumsily feature american british actor white black role one south african actor played major role white coloured indian black yes miss another international south african drama mandela deklerk though also highly recommended biopic released black majority rule instituted mandela played black american sidney poitier also starred original sathemed cry beloved country afrikaner deklerk played bald british michael caine good performance dismiss essence afrikanerdom vehement antibritish feeling local sabc tv african film start dealing legacy cry freedom authentic youll get villified white particularly afrikaner portrayed film observant noncasual visitor south africa even mention cry freedom take place generally find white attitude towards black restrained even understated looking cry freedom hindsight amazing reconciliation take place cry freedom time show much really changed many people mind yet black african goal freedom reconciliation still ongoing youre novice situation cry freedom best introduction,neutral
maker film created future abortion birth control illegal every statebut woman prosecuted murder sent away serve long prison sentencesin wordsthis film every liberal worst nightmarethe political agenda heavyhanded style film lowkey loses steam pretty quicklyregardless side fence youre onid recommend skipping,biased
plot goodthe special effect werentthe acting good alllike others felt numerous hole plot could fly well space shuttle throughi thought ending rather unbelievableby way guy blow torch spaceblow torch supply oxygen hence name oxyacetylene torch two hose run torch one acetylene bottle one oxygen bottleso blow torch would work fine space,neutral
last year majority british film horribly poverty stricken uk youth doesnt stand chance good life whilst live mean street british city british film industry obsessed idea broken britain trainspotting england kidulthood football factory kes london brightonbullet boy another british movie added list main character express desire go straight yet still insists hanging around dead beat carry gun fight gang member nothing never convinced want go straight nothing stopping pursuing education trade fact would breath fresh air gone straight character turned life around instead spends time helping friend trying commit murder felt sympathy predictably shot another teen end film sad beginning film really liked entire family desire success believe maker missed great chance show world success belongs willing really strive like pursuit happiness know purpose film try paint realistic picture life like black teen living working class area britain dont already enough film uk plot isnt time talented producer writer give britain youth something aspire show better life around corneri applaud maker bullet boy loading film full mindless violence order try get success shock factor like kidulthood football factory time movie offer nothing new long list british film effectively dull depressing watch happy ending movie others mentioned,neutral
oh god promising start critter reiterated karmic rule go around come around clearly thing thought movie made scott grime wearing earing last expedition critter saga garbage way big reason didnt watch critter every bad film series episode space critter friday th leprechaun space hellraiser etc,biased
well must admit saw trailer movie looking forward generally fan light hearted romantic comedy trailer thats impression got movie however spent movie waiting comedy begin although couple amusing scene general outlook movie quite depressingi also found difficult fall love character seemed little underdeveloped time director could used exploring character taken needless overuse opera making movie feel dragged slowall although touching scene trailer quite deceptive would suggest go watch really nothing else tickle fancynot fantastic said bland,neutral
three teenage girl incomplete triangular relation base triangle barely apex marie serious short lean tomboy belmondolike facial structure best friend physical psychological opposite coquette chubby dare say fat desirous first kiss boy quite ready first sexual encounter chubbiness boy dont seem interested pain herthe leg apex beautiful fille fatale blonde vamp deeply involved sport synchronized swimming performing competitive level marie see competition local public swimming pool marie insinuates life vamp using desire become synchronized swimmer argument vamp reputation whore making young male orbit around marie phased reputation put stress reputationthe first half set get see lot synchronized swimming become familiar three girl eventually narrative leaf synchronized swimming behind concentrate topsyturvy relation among three thats unexpected thing start happenit trademark french film drop nugget wisdom viewer one exception ceiling dying see film learn morethe director say use synchronized swimming purposeful womenonly sport metaphor girl life pretty feminine surface hard working competitive underneath number scene drive point elegant move smile public leg kicking ungainly underwater title french also suggestive prieuve octopus suggest individual juggle many pressure simultaneously,neutral
oktime bit rant think flamin year since submitted original comment praising toprated footy comedyand damn thing still hasnt made video dvd matter even repeated telly anyone know bbcstyle error whereby original copy deletedmislaidwiped listen lot charge itv whack dvd even realise funny programme make mike bassett look bad current pant spur teamrant moment,biased
jumpin butterball movie stink dull listless drag never let wonder anyone even bothered make groucho bizarre trademark eyebrow mustache nothing witty outrageous say throughout bore chico must disinterested forgot use italian accentonly harpo provides grin two there precious little go around anyway figure loudmouthed hotel manager another obnoxious cocomic frank albertson road get even bumpier real misfire,biased
many people crowding evening showing roberto moreiras contra todos san francisco film festival hit man friend said well brazilian added beautiful multicolored people tropical weather lush rhythm hip gangster plot ample enticement doubtsomebody forgot tell u one little detail bad movie really pretty horrible unpleasant watch poorly madeso earth contra todos get make round berlin melbourne london manila stockholm cairo chicago numerous smaller local festival san francisco apparently way promotional process film festival circuit workfirst first prize rio film festival called best brazilian movie year must bad year theyve much much better one next snappy synopsis catalog plus imaginary buzz lead crowded auditorium since movie isnt featured anywhere avoids close scrutiny critic keep going roundsfestival blurb aimed promotion sometimes goose lot chicago festival one called contra todos speedball cocktail shot straight brazil referred claudias boyfriend stud slumlike neighborhood soninha teodoros nymphlike teenaged daughter burgeoning sexuality movie shot urgency frequently handheld camera director work genuine palpable sense frustration borne domestic desperation decay effect unbearably raw honest movie hurtles toward conclusion deadended life display best writing sure pump excitement certain kind potential viewercontra todos concern hit man two hit men actually wife daughter bornagain christian girlfriend shot execrably ugly digital video talent behind camerawork mostly barrenlooking poor suburb rather one teeming favelas villagelike brazilian city slum wonderful film black orpheus pixote city god made rio time são paulothe hit man family problem teodoro giulio lopez partner drug problem waldomiro ailtan graça actor little tv experience actress play teodoros sluttish blonde wife cláudia leona cavalli silvia lorenço play pouting readytorevolt daughter soninha actor might make back corner telenovelas know better directed film might even good aside young men get bumped teordoro he busy gang thug principal dont work much presence even though camera magnifies poresa couple observer one berlin festival one london see movie failing ala theyre buried web hinterland henry sheehan noted berlin film quote worst video work shown filmmaker seems chosen video simply cheap alternative film sheehan wrote hasnt made creative use new medium add done anything else creativesheehan pointed movie first big mistake start domestic drama thats supposed ratchet half hour action moreira reveals father one friend professional hit men waiting thirty minute add nothing movie seems like perfectly arbitrary decision least waste time ratcheting moreira ever like little kid who gotten tool kit birthday go around banging everything sight without rhyme reason skill devastating truewriting london festival kameracom metin alsanjak tried look positive side nonetheless gave away lack redeeming feature calling performance easily film best feature yes easily given everything else bad alsanjak admitted lowbudget violent seedy account lawless sao paulo devoid likable character result hope dark cynical telling account human condition film helped poor subtitling alsanjaks connecting contra todos dogme mike leigh didnt help mattersapart meaningless first half hour nothing redeems boredom wait first act violence come banging everything sight without rhyme reason skill moreira clumsily try redeem abrupt finale adding appear outtake right followed implausible ironic concluding scene one character get married doubt director wanted exhibit banality evil lowlevel hit men working class neighborhood cant make character see generically come alive u structure film show also cant edit material seen san francisco international film festival april,neutral
im type person watch tv show acting normally suck unrealistic dramatic show perfect everyone act relate character situation everyone personality lorelai gilmore best sarcastic comment make bad situation seem little funny rory gilmore good role model girl take pride wanting attend harvard boysboyfriends always come second book shes loyal friend always peace maker there subtle romance like personally mushy gushy romance many people get life realistic type romance every character eventually get dont find prince charming first glance dont fall love every guy come way realistic show watch better brush movie pop culture random fact lorelai gilmore always making reference fell love show give chance,neutral
film far enjoyable rating would suggest many way like version valley dollswith much excess sleaziness valley polished bit audience like later film three young lady fasttrack successthough time publishing world instead entertainment industry though one lady best everything aspiration broadwaythe film begin hope lange coming company first day work shes assigned toughasnails bos joan crawford appearing first supporting role decade despite nasty crawford seems lange determined give make job time quickly move rank secretary editor time two new roommate also try move ranksone stage one relationship rich playboy like valley doll ups down mostly down end film hope least make itbattered bruised neverthelessin film men mostly pig guy seems decent played stephen boyd naturally hope lange neglect neer well exboyfriend guy played veteran character actor brian ahern rest sexist scum eventually understand crawford became bitter nastythis film alladultery premarital sex abortion etc certainly artistic triumph however thanks excellent production value juicy script one joy watch dont expect shakespeare,biased
definitely worst columbo ever dreamt murder abandonment tried tested formula make real drag falk look bored throughout waste anytime watching,biased
afterlife somewhat arrogant reasonably wealthy man discovers mother dying find looking sister down syndrome cant bothered basically want get hand better thing one point find take car doesnt like flying across countryif sound familiar probably seen rainman film far superior imitator afterlife copy basic premise heck nick character even scene fundamental problem film fundamental problem care charactersthe brother kenny kevin mckidd bit womaniser girlfriend come go story learns like down syndrome sister taken rainman journalist trying get interview doctor facing scandal end looking roberta sister doesnt much time sometimes leaf alone little long wanders becomes even angrier towards spoiling anything saying becomes nicer loving person end filmroberta determined normal normal wish people would stop treating differently played paula sage actress down syndrome performance easily best thing film screenwriter explore character well probably would mean character would get way story surely already know story anyway didnt filmmaker see problem creatingfor film dying mother handicapped daughter father absent think dead im sure surprising little impact film emotion viewer scene performed standard dull way standard predictable dialogue found rolling eyesi nothing sentimentality film really work care character character uninteresting twodimensional didnt really think much care rain man emotional climax moved cared characterstalking climax film stinker sequence end film start unbelievable situation end even worse territory unforgivably cruel trick played audience sequence designed move audience end horribly manipulative offending intelligence viewer audience arent stupid know film cheating cheap shotthere one scene film impact sequence funny yes character talk practically see screenplay front moving predictably uninterestingly never hitting anything touch mind heart phoney argument reserved especially movie character know exactly reply dont supposedly realistic film realise real life anger irrational sometimes people cant express emotion might say thing dont make sense able say anything actor film deserve better material film based fact think documentary family down syndrome member would much interesting way might truth emotion reason character film think emotion involves saying something loudly making suitable facial expression,neutral
rendition film miss solid writing kelley sane direction gavin hood take u story ride man journey hell meryl streep convincing role cia today great performance cast superlative actor reese witherspoon jake gyllenhall alan arkin along actor middle eastern descent add reality storyin rendition see terrorism breed terrorism film progress tying story playing middle east reality brought screen external shot add intensity story peter sarsgaard brilliant job playing assistant as kissing way american politics conducted bad larger audience film along valley elah lion lamb rendition play important role showing audience fight protection democracy go seriously astray,neutral
grew winnipeg saw treatment native almost everyday good bad every race make bad go race today john harper educated man graduated high school even year university belt going back reserve know john harper lived family year high school kept contact u year graduation kind gentle soul could fun loving could serious time right wasnt old left house still remember time helped homework brother couldnt bothered even taught grade year came winnipeg none mentioned movie suicide constable cross admission guilt far im concerned happened john unforgivable native community also white community everyone winnipeg think like police knew person inside like person indian,biased
difficulty johnny yuma arrives ailing uncle ranch take day day operation find old man murdered beautiful golddigger wife woman vicious brothergood production value likable performance mark damon breezy action packed script combine make entertaining exceptionally deep average addition spaghetti western genrecostar rosalba neri one hottest european babe ever grace screen shes absolutely perfect coldhearted user abuser weak mendamon neri appeared together least one picture devil wedding night pretty good horror movie thats particular interest want see whats underneath rosalbas dress,biased
think one burt top five movie along deliverance smokey bandit boogie night city heat also directed one talent like buddy clint eastwood wish made film like even sequel sharkys machine like stroker ace cannonball run ii tough gritty cop thriller reynolds top game beautiful rachel ward thorn bird fame helped henry silva bad guy always good job film also great soundtrack highly recommend wish dvd uk audio commentary reynolds would great well,biased
blade runner deckard replicant city lost child augmented sens whatever used abused mostly well giving u far less might dream anddark city really ought addedfor ive waiting animated film might affect much miyazakis stuff one sthmm scratch animated part thati intense lovehate relationship film noir hey dont leave must mostly love right many scifi noir theme totally submerged film wonder watchthese people incredible job,biased
one worst movie ever seen branaugh seemed much trouble remembering accent couldnt deliver line plot definitely worthy john grishams name wonder never published book released theater didnt even watch whole thing decided didnt care done realized whodunit care,neutral
one onlythe really good description punk movement la early also definitive documentary legendary band like black flag x mainstream american repugnant view film absolutely hilarious music diversive country supposed libertyeven year afterfind,biased
one worst movie ever seen however little slave girl alice jared harris imitating christopher walken make movie entertaining alices smoking drinking uncanny way showing name called strange interesting applaud jared christopher walken imitation christopher walken allowing movie,biased
respect alex cox filmmaker really he like kid school think first trying little hard different literary punkrocker dipped foot spaghetti western science fiction fringeculture come world ready take see actually talent raw feverish artistry moment true absurd hilarity capable ready see whatever offer there two side proverbial coin either really hit park repo man sid nancy walker arguably try little hard pull way many pretentious rabbit hat straight hell death compass fall latter category respect mostly original approach tackling detectivekiller story fall face weirdness becomes oddly dullit strange enough setup already irreverent style follow detective erik lonnrot killer hellfire voice red something seems killer leaving disturbing clue victim scrawled blood wall message according eyewitness alonso zunz christopher eccleston looking walked shallow grave without changing look religious significance kabbalah follow lonnrot case method going perp include following first triangular compassshaped pattern map despite protest flabbergasted commissioner treviranus miguel sandoval also look back flashforwards sitting desk speaking audience garbled sad description former employee colleague fact caseoh cox moment creativity interest shot see entire scope harrowing depth police station ecclestons character taken handcuff protection say lonnrot case getting lost wrong room followed long tracking shot maybe best curious taken dark hallway little direction lost maze turn oddity among character never something isnt fascinating look miguel garzons cinematography morbid delight plot go hoolahoops keep thing offbeat might well beatles alltogether performance save confident boyle eccleston end pretty bad especially sandoval seems squirm seat reciting goofy dialog given speak audiencewhile murder plot contains intention audience isnt something weve seen society good many rioter architecture suggesting alphavilles next decrepit wave fizzle quickly whats conflict never much engaged boyle personal mission find killer mildly caught flash deranged scene killer andor killer going people like building early cox amusing cameo started think leading something spectacular boyle eccleston big big think building south section city suddenly give u twist know back mind coming hope isnt deflates humdrum mystery leading cox uncanny touch filmmaker opposition spoonfeeding audience conventional approach respect death compass ultimately cut one brainstem masturbatory,neutral
there part would like give movie high rating considering made courageous movie transvestite tackling issue fairly seriously sympathetically offering viewer lot information subject trying hard stereotype movie clearly make point transvestite homosexual aside wearing womens clothing lead relatively normal life deal pain accepted society plot revolves around police officer lyle talbot desperately trying understand issue recent suicide transvestite give everyone involved movie credit taking controversial context subjecthaving said im also sorry say movie absolutely dreadful trying portray glenglendas edward wood pain movie fall silly time surprisingly given era sensual fantasy make story hard follow acting wooden best none dialogue come across real actor look sound like people reading speech written others worst point bela lugosi movie another increasingly embarrassing role poor man took latter stage career pull string pull string poor lugosi character called spirit credit really coming across mad scientist kept cry nothing really seemed much connection rest moviefor artistic merit movie doesnt really deserve much however courage involved putting ill give,neutral
yes love mario lanzas skyrocket fame still popular today voice strong steady powerful fact mgm decided use great caruso lanza thought reincarnation caruso read book kostelanitz wrote biography lanza explains constant practise vocal lesson became visionary caruso lanza doubt lanza superb job story story entirely true blame hollywood used practise singing song year ago became pretty good lost voice emphysemaasthma ten year ago reaching high note love easy beautiful,neutral
movie horrible reason even made story appealed farleft consider self moderate able see film pile garbage im bush fan dislike gw enough reason see movieto start movie shot lowgrade film come cheap rather artsy additionally character seriously lacking depth chris cooper character poor parody george bush better suited saturday night live dramatic film rest character walking clichés poor facsimile character much better moviesavoid movie cost,neutral
minion well minion servant satan whose goal get key unlock door master trapped sort demon possess human being body dy possess another anyone happens possessed go berserker rage dolph lundgren play lukas member secret order templar tasked keep key away minion movie begin thousand year ago middle east couple knight templar flee minion flash forward key wind somewhere underground new york archeologist assigned studydig place key found needless say minion key movie becomes long winded chase scene minion lukas archeologistthe movie low budget bmovie flick movie lack energy trods along youll follow chase wont ever feel involved story willfully take idea previous movie especially terminator film fight scene minion troublesome never get sense good bad warrior demon skillfully becomes oneman army fighting squad templar suck come oneon one supposed around long time go show sense logic thrown drain convenience whole idea secret order templar door hell key isnt well explained merely accept exist movie seems made feeling there much potential story enough make buck dolph lundgren sure look like wish somewhere elsethe verdict star,neutral
ronald colman play famous broadway actor begun lose mind sense identity year playing wide range part cant remember exactly iswho role self much serious begin see hear play even regular everyday life since he currently playing othello begin act jealous suspiciousjust like title character ultimately lead depth insanity murderi saw film year ago liked saw loved perhaps enthusiasm always liked ronald colman great triumph himand earned best actor oscar looking competition year gregory peck gentleman agreement john garfield body soul william powell life father michael redgrave mourning becomes electra think colman good choice stretched usual comfort zone much demanding rolenow noticed one reviewer hated film hated shakespeareand took half review talking dislike however film isnt really shakespeare doesnt matter dislike shakespeare huge fan shakespeare marveled small portion play colman reenactedthough said really movie shakespeare instead wonderful portrait actor losing mind mixing stage role reality could play though othello excellent choice murder scenewhich get acted real later filmoverall clever film due lovely scriptwith overtone film noir fortunately acting terrific also colman excellent support signe hasso shelly winter edmond obrien particularly goodhe played part right considering great george cukor directing wonder wonderful film start finish,biased
movie funny sad enough think kinda true love office space love movie another mike judge hit nothing like office space told every one see movie wish would theater would gotten recognition deserved love movie would love see mike judge luke wilson also make movie glad alive year movie turn true lot trouble hope people see movie know fall love,biased
straighttovideo movie go without saying going rival first lion king said downright goodmy kid loved thats given love anything thats cartoon big shock liked laugh loud funny part even fart joke lot rather creative tieins first movie even joke older understand without risqué like shrek think he compensating somethinga special note fart joke surprised find none joke toilet noise fact almost noisesimagery reference actually rather subtle actually setuppunchlineetc almost good taste id like kid think there humor going bathroom movie fine regardshmm else music soso nearly creative first second movie plenty fun kid painfully corny moment blessing little action nothing scary secret nimh gave kid nightmare sure g rating appropriate oneall id say great movie kid age one thats safe let watch try overly sensitive ive jump turn tv movie less kidappropriate expected youre safe leave room one id say stick around anyway though might find enjoy,biased
series set year mission abydos movie stargate explains lot stuff movie neglected mention stargate activated without human computer goauld ra race come many first episode retired jack oneill spelled l recalled active duty general george hammond due attack shut stargate apophis powerful goauld killed four men kidnapped one woman meet samantha carter brilliant scientist claim gone stargate first time determined go find daniel got married abydos hundred gate address dial daniel wife get captured apophis becomes new queen continues second episode general hammond announces formation sgc includes nine team jack team sg consists jack samantha daniel go chulak goauld homeworld rescue daniel wife another one captured abydos named skara get captured apophis give order kill many prisoner jaffa named tealc first prime apophis save go earth made part sg beginning adventure course show gone past future gotten transported alternate reality swapped body grown old met alien race include rebel alliance goauld called tokra samanthas dad becomes member asgard cute little race see thor often he jack buddyand avoid global disaster skin teeth countless timesthe show recently canceled lasted ten season season nine new enemy called ori came flaunting brand new power new danger bringing light new mystery surrounding stargate creator ancient season nine ten also saw introduction two new character ben browder cameron mitchell new leader sg claudia black vala maldoran female human another world brings new sense fun team wellproduced interesting character fantastic special effect subtle love interest samantha jack one different way travelling galaxy different kind adventure one show dont want miss unlock gate step wont regret,biased
seeing movie preview thought would witty good spirit unfortunately standard case funny bit preview say bad good bit previewif looking adolescent movie put sleep watch movie,biased
amazing one favorite movie way bottom guess take pride liking general populace tends go jackie mason hilarious movie so randy quaid never get enough strongarm tactic like moving also notable national lampoon christmas vacation love guy,biased
here another western watch whenever come tcm fmc although may flawed historically extremely entertaining well acted plus got randolph scott favorite actor second gary cooperwell ok fourth behind coop charlton heston gregory peck film anyway reasonably historically accurate said well acted flow welli bet ive seen time enjoy viewing one tape tcm would buy minute ever came dvd see havent guarantee youll like,biased
make best picture material oscar come lot stick rewarding overblown spectacle aged poorly ignoring auteur would deified decade come wasnt hollywood art creativity academy award selection made industry least classic era tended reward greatest collaboration sensational meeting creative mindsthe arthur freed unit mgm bound oscarwinning glory several year point matter time freed aided strongest director vincente minnelli finest musical star business would land best picture freed arguably done raise status musical anyone else crafting picture wove story song together without losing dynamic spectacle musical point freed musical lyric song unlike hammerstein lerner dont tell even relate story whats important tone song way presented fit structure filman american paris first three freed musical two singin rain band wagon took existing classic number original context made work completely unrelated story word dont fit plot routine fit show gene kelly sings got rhythm hasnt even got girl yet way done french kid joining great bit characterisation upbeat tune dance give movie little lift need point american paris also us rulebreaking allowed genre add little unconventional flight fancy tell story series dance accompany description leslie carons characterand better director project minnelli painter pianist time wasnt really anyone better feel technicolor director would saturate scene one colour fill screen clashing shade minnellis colour scheme tightly controlled never look forced opening scene tone fairly muted drab particular absence red oscar levant george guetarys meeting café vibrant shade introduced first musical number strauss minnelli gradually brings splash red  table cloth bunch rose  eventually dominates song awoken picture colour scheme song colour choreographed intricately people however number tralala keep shade instead open space song swell character become animatedthe achilles heel american paris story personally find romantic angle particularly unpalatable playing like last hurrah misogynistic love story reigned supreme headstrong independent woman get rejected meek delicate girl harassed loving hero even dont mind difficult connect emotionally story constantly overshadowed song dance compare singin rain doesnt really many great routine memorable setpieces american paris winning storyline singin rain overlooked oscar yet regarded classic genre today think people sometimes forget cinema allencompassing form visual entertainment mean telling story american paris deep engaging tearjerking like certain demille picture top award following year certainly great show,neutral
spoilersi hate one better others keep getting worse hope gibson smart stay next one lot humor ie toilet kid etc much farther watch relationship evolve drug bad guy south africa found unbelievable maybe south american country golden triangle would made script better seems late early blond bad guy ie die hard mighty duck play ice land gary busey last weapon etc hollywood repeat one similar story go top attacking police beach condo scene fight end way top gibson girlfriend killed copper attack much like many part get worse series pick speed downhill,neutral
opinion movie expressed dialogsto serious cant say movie bad moment didnt enjoy either first simply indifferent couldnt get mind ape world even though makeup realistic constant screaming irritating may film changed ape cat cult movie relation fondness latterthe second part interesting talent freshness newcomer macdowell lambert felt alienated story located big british mansion matter luxurious like prison meat last could good adaptation burroughs story tarzan dont know never read book seen disney conclusion dont good moment remember one viewing would enough guessed boredom endless freeze called overture beginning whats meaning director know,neutral
saw movie low expectation didnt know lot wasnt sure going worth itthe story ok job getting curious ruin travel suspense continues mayan show force stay ruinsthen movie turn somewhat suspenseful pointless amount gore found movie balance compared whether truly necessary used shock valuethe fact didnt make attempt fight vine hell fire didnt try burn try cut knife see could destroy quickly jumped victim role helpless attitude real reminded old horror movie people scream yell dont half brain try fight back,neutral
grim hard hitting even brutal film death row break go awry black white photography keep dated mickey rooney excellent twisted yet strangely sympathetic lead one first movie portray psychological desolation death row also quite poignant,biased
young solicitor london arthur kidd sent small coastal town crythin gifford oversee estate recently passed away widow mr drablow attending funeral mysterious lady dressed black catch attention supposedly drablow lived reclusive life local kept pretty quiet head mr drablow mansion reached causeway swamp low tide encounter woman black cemetery back house thing begin get creepy terrifying noise start coming marsh mr drablows belonging listening recorded dairy entry help kidd figure gloomy mystery local fear talk aboutoften highly regarded amongst horror fan one chilling ghost story ever see point dos draw upon tag yes gather left little underwhelmed despite really liking expecting goose bump throughout whole feature thats probably expecting mainly similar reaction haunted house thriller changeling hear many good thing sometimes hard get caught itanyhow british tv presentation woman black effectively bring truly oldfashion slow burn spinetingling premise driven moody location disquieting atmosphere firstrate performance subtly blanket psychologically gripping story adapted susan hill novel name simple mystery authentically open depressingly tragic tone successfully characterises protagonist little seems happen feel drawn fragile randomness catch guard whenever camera focus lady black mostly appears background figure ultimately creepy might appear much talk unnerving also go downbeat conclusion pauline moran play woman black competently get u nervous gaunt appearance sudden positioning pale look minor mannerism seem haunt shes spirit dont want cross path yet alone let see accomplished performance marvelously moody adrian rawlins solicitor arthur kidd hold together support solid turn bernard hepton david daker clare holman david ryalldrawing heavy lushly sombre rural town foggy coastal location add realistically eerie plight centre piece everything unfolds forlorn timeworn victorian house comprehensively suffocates air constant fear director herbert wise carefully fabricates alarming imagery slowly cover one secretive piece time smoothly paved rhythm welljudged contriving instead going shock u scene contain distressing intensity wont let go sound effect masterfully used surrounding disorienting air rachel portmans harrowing musical score know get skin eerie moment stay youthis rarity madefortelevision feat stimulating rich unsettling supernatural spookfest might share much new subgenre competently stick strength deliver count curse,neutral
one spiritual movie ever seen headed people st george saw movie visiting center st george temple one person dry eye audience also non religious antimormon people audience felt spirit movie touched captivating music reenactment story pioneer hardship faced beliefsi recommend movie anyone wish understand joseph hardship pioneer went apart american history,neutral
great great west coast got dirty harry callahan east coast got sharky burt reynolds play sharky sharkys machine enjoyed every minute playing maverick narcotic cop atlanta ga everyone want instead suspension he sent vice squad like dirty harry movie cop movie captain always going jerk kid curious movie meant sharkys machine well knew played sharky wonder machine group fellow cop uncovering murder go find perp turn big time mob bos sharky doesnt play around get prostitute safety sharky fight back hard good despite losing finger thug also like part bad get blown building plate glass window bomb randy crawford street life really put movie right mood movie really great hit always rating star,biased
highlighting acting sidney poitier brooding onscreen presence john cassevetes edge city highlywatchable film fifty directed martin ritt great acting stunning onlocation photography black whitepoitier delight point career tommy tyler character play happy outgoing befriends axel noordman played cassevetes young man suffering poor selfesteem past want kept wrap tyler black man brings friend shell introduces family new girlfriendtyler noordman employed new york dock time worker expected tow line knew good bos charles malik played jack warden one many hardbitten role becomes focus discontent lead climactic showdown noordmanat end movie left mixed emotion however two main character left audience story friendship two different men hostile world,neutral
interesting treatment subject quite controversial read comment film apparently either love hate seems people make distinction based whether believe tribulation end time happen portrayed moviebasically film sequel made production value right plan outer space acting level glen glenda apology ed wood putting aside religious message story scary come add even slightest thought story might actually close something might happen future becomes even scarierthis movie sequel didnt try bring reason tribulation happened left behind omega code tried get everything thief explain politics maneuvering middle east leading net effect thief much better job scary part movie instead spreading thin trying explain happening middle east time forget politics watch movie sequel horror story may horror story told indirectly god make much frightening make think subject done job even never believe,neutral
morning one saturday year ago various reason dont remember entire story remains two standout performance central character dom unfortunate lot manipulated literally working rubbish job eugene torn personal aspiration duty towards sibling tom hulce dom doesnt plead sympathy come naturally ray liotta universe away henry hill displaying soft centre must feel thankless positionin many way deal dilemma many young carers face past future turn work two happily coexist thoughtfully handled sensitively played dominick eugene difficult warm,neutral
im afraid like adaptation started watching strange feeling watching tv series due filter musical score like end scene mr tilney appears dressed waistcoat jane austen would never gentleman ride without frock coat look like producer made modern misinterpretation romantic girl dream appreciate modern ja adaptation much show eye detail make bbc series worthwhile sorry looking forward adaptation hope better show benefit year jane austen adaptation,biased
like really inventive comedy love wedding crasher answer latter stop reading cant believe movie higher rated basically meadow play character unlike austin powersthere many inventive moment gagorama crudity leon playing porch ex boyfriend tricked eating oh well inspired lunacy clown sex broadway routine voice meadow great childish sweet natured leon great line dont blame wang freaky deaky sex world many movie wasnt huge mystery great comedy,biased
movie start somewhat slowly get running towards end bad done illustrate character trait degression main character consequently tragedy movie thought provoking philosophy movie make worthwhile liked dostoyevsky crime punishment probably like comparison intriguing question movie prompt make renowned writer completely disregard publiclyaproved idea another set new idea quite opposed status quoif conservative like movie besides philosophical question must admit movie quite aesthetically pleasing well grassy hillside beautiful scenery helped get past slow start also use coloric symbolism representing mindstate main character sort thing impress skip overall give movie,biased
im sorry see rated low many people series started good first season wasnt goodpeople tend forget beginning something look end good look total end result sad lot usual character died damn lot nice new charactersplease attach character attach series plot please understand didnt like boone died augur died well need done imagine everyone keep living whole series lot danger time come face didnt die would invincible way always keep tension survive die realize people attach self character favorite character augur one could get every computer wanted one mysterious could thing computer one else could doi wish make one statement people vote negative series started good deserve low rating look final season instead total see good series started see much enjoyed,neutral
matter life death really say would properly justice genius beauty film powell pressburgers visual imagination know bound every frame filled fantastically bold composition switch bold colour real world stark black white heaven ingenious showing u visually much vibrant life final court scene also fantastic judge jury descend stairway heaven hold court peter david nivens operation performance spot roger livesey standout romantic energy film beautiful never romantic film havent seen matter life death power love important life jack cardiff cinematography reason enough watch film alone way light kim hunter face make beautiful genius make simple thing game table tennis look exciting sound design also impeccable way sound mute vital point decision way ahead timethis true classic restore anyones faith cinema appreciated initial release today audience one time favourite give film word beautiful,biased
william h macy brilliant everyman caught desperate situation start bang never let twist surprise fresh unpredictable use film noir clip frequent quote reference flick make delightful must movie buff,biased
oh dear say half past dead really disappointed thinkinga steven seagal movie cool well get see kick people flip people break bone might even get see stick fight somebody excellenthowever rude awakening film summed followstake episode ateam remove lovable roguish character murdoch hannibal mr face get writerdirector pen plot even ed wood would ashamed who big fan matrix john woo movie good throw bunch people really bad acting ability dont real name finally add main star who getting saggy around midriff doesnt appear able stunt anymore result half past dead action movie ridiculous least made smile right way plot hole stupendously glaringly large example prisoner jail invaded fight invader rather attempting escape prison armoury contains heavy machineguns rocketpropelled grenade launcher also helicopter bearing striking resemblance huey kind video game machinegun mounted nosethen there seagal like guy fight he even witty way jeanclaude van damme never movie kept hoping one great defining fight scene never happened instead got people firing gun lot hitting whole hell lot mean someone run narrow corridor fire submachinegun isnt whole lot place bullet go corridor target yet somehow miss even ateam would cringe foolishness get kind oneonone physical stuff get treated shabby matrix ripoff without benefit bullettime people getting kicked twenty foot air sundry ludicrous acrobatic nonsensecmon steven youre better career cant say aint sothis instantly forgettable except im forcing remember purpose review watch try find amusing ateam kind way doubt itll high anyones rewatchable list justice aint like lunch,neutral
seymour cassel give great performance tour de force acting supposed washed beach stud duke slusarski always place heart film centered around nerd came beach hope honoring dead brother dream get lame surf hijinks guy cheating guy fighting guy getting drunk going watch surf documentary whole town la friday night duke take nerd try teach playing volleyball like touching woman next time woman talk back pretend im spiking ball back seymour cassel end movie turn good drama since first half film really point duke play wonderful game volleyball best he played ten year way scene shot beautiful feel heart man game love beach five minute go one favorite time bad fair rest movie lame,biased
idea film even knew existed month ago stumbled upon searching film stared dominic monaghan thought film strange insight mind none sleeper hisher mind may going hour spend awake rest world around asleepit interesting film good part played domi believe even though film cannot buy anywhere well ive never seen anywhere must see ever get chance really make think people around u cannot sleep suffer night night able sleep get hour sleep every night overall interesting film good substance,biased
watching revolt zombie starring future academy award winner dean jagger left one burning question society created ultimate warrior fighting machine ever defeated first place thats question youll pondering take time watch revolt zombie towards end world war french discover cult occupied cambodia undead creature cannot stopped bullet form brigade monk go top dislodge hunthis scare living fecal matter everyone concerned international expedition formed find destroy secret zombie nation get hand rule worldbut weve got dissent rank first snidely whiplash villain roy darcy murder buddhist monk secret second dean jagger power ultimate aphrodisiac know he determined woo dorothy stone away rival robert nolandi think youve got idea come especially since race zombie didnt conquer world one country dean jagger got oscar twelve oclock high must shuddered every time thought film awful dialog tried give spark sincerity tomoral story might make ultimate warrior zombie potion zombie chant cant make ultimate love slave,neutral
like british humor believe one best world like almost every british sitcom okay maybe monthy python joke great didnt understand league gentleman something good make sick show good way helped lost weight watching piece garbage make feel im hungry anymore really disgusting sick even funny tv show wonder actually laughing stuff watched minute turned disgusting watching men dressed woman yellow teeth urinating car mean whats funny make wanna puke humor disturbing image cheap toilet laugh dont know like stuff go ahead watch honest people watching enjoying must emotional problem garbage,biased
short nominated academy award losing anna bella since doctor strangelove nuclear war hilarious condie take situation turn ear give spin good measure visual gag abound condies work always see something missed every time watch world greatest animation well worth seeing thisand many short recommended,biased
finally got see movie last weekend disappointmentit barely reach made tv level given list actor would expected something substantially sophisticated movie lack good story well actually story matter credibility instead lot predictability save money time,neutral
read review movie decided give shot im open minded guy i’ve given good review pretty bad flick end credit rolled one searched meaning something nice say go film mercifully short thats gotokay okay set visuals well done music helped lend mood asylum life film painful watch endless dialogue took away good bit find laughing film way laugh best friend embarrassed front large crowdby time chicken dance finale decided tuck roll film let body fall fall dont know could salvaged film acting bad looked like budget wasnt way make watchable even presence beautiful bare breast maybe sparked doobie drank lot beer get full experience film either way im watching film unless im really depressed tell “at least wasn’t ‘dr tarrs torture dungeon’ i’m better guy,biased
oh dear lord earth part film ever approved anyone reek cheese start finish even good cheese scummiest moldiest tasteless cheese cannot believe anyone actually truly enjoyed yes saw load drunkstoned buddy bit might funny sad kind way rest audience entertaining part said group buddy throwing popcorn abusive insult screen watched upforafewlaughs guy beer preparation chuckle away film expected crapness got crapness plenty chuckle doesnt even qualify sobaditsgood movie plain bad bad here look away youre spoilerphobic movie start guy beating another guy death ok minute late sure think grasped guy bit badass dont want mess message behind ingenious scene oh guy witness already ultraevil bad guy wussy cute apparently good guy cue hero big sam step scene usual fashion saving good guy usual inane way poor action film accomplish ie hero immune bullet everyone else fall rather clumsily cue first plot hole bloody hell sammy know guy hed watched murder perhaps answer plothole related question explained minute got cinema doubt fact im going stop poking hole plot right lest turn movie something resembling swiss cheese know good cheese plot generous word use good guy must get la evil guy would rather didnt hero sam stand two cue scenery next vomitinducing hour passenger plane said poking plot hole ill leave passenger plane next vital ingredient missing gem movie make everything snake yay oh pause first introduction obligatory character lame movie must hot horny couple see guess die deadbeforeanysnakesevenappear british guy pesky brit eh cute kid jo brand american thats english comic famous size unattractiveness weve met cast let watch die except course cute kid dont expect anything original snake bite various everincreasingly hilarious really part body use imagination since filmmaker obviously didnt use theirsso thats film wrapped best bit ending expected everything happy plane land everyone sight start sucking face yep icecool sammy included wait plane yet last guy get good guy get bitten guessed snake thing clearly one hiding mr jackson hair whole time since somehow managed resist air pressure trick good old hero employed minute earlier despite ft constrictor one ate pesky british bugger unable sam shoot snake one fell swoop point prayed movie make muchneeded uturn reveal along hero actually traitor sort kind icing cake way stale cheese remember revealed climax film involving bullet proof vest anyone think audience year ago let alone would impressed ingenuity beyond well summing filmactually quite done yet everyone sucked face uncle sam leading actress good guy tiffany token black guy token white girl hot couple heart warming bout necrophilia time good guy hero get onin bali nope wasnt exciting exclamation mark represent utter joy seeing credit roll yes final shot film celebratory surfing trip convey message bit male bonding occurred chance moron actually enjoyed movie whoop time thats first time ive ever posted movie review felt strongly somebody must speak scourge cinematography like plane snake samuel ljackson air hostess bad guy surfing dog bag english people please please dont see movie pollute opinion far youll never want come contact ever go see united instead good,neutral
beautiful woman backwoods inbred monster man super sweet monster truck road kill zombie brother friendsone anal retentive overly sensitive nerd foul mouthed adolescent slob throw together dash jeepers creeper texas chainsaw massacre road trip youve got monster man hilarious horrorcomedy outing never set say something simple straight forward laugh fest unpretentious well made horrorcomedy heart buddy flick film offered hilarious sickening set piece highly recommend fright fan looking entertained,biased
fool love one several forgotten film robert altman directed throughout one screen adaptation sam shepard play feature shepard lead role simply isnt good altman made many notverygood film course fascinating career many time fault think fault lie shepard writing flimsy play altmans direction assured performance ok given actor work inconsequential screenplay go nowhere take time getting thereshepard eddie stuntman lovehate relationship may kim basinger two fight endlessly course evening spent dusty motel middle nowhere mysterious man harry dean stanton may either figurative literal father eddie may quietly observes randy quaid round fourperson cast gentleman callerthe dramatic hook entire plot suggestion eddy may relationship incestuous however hook feel like gimmick anything screenplay doesnt explore relationship detail doesnt use relationship explore universal theme shepard basigner create eccentric mannered character grow irritating within first five minute stanton quaid little provide reaction shot last half hour film especially bad eddy may back story begin play flashback monotone somnolent voice overchalk another altmans experiment gone awrygrade c,neutral
movie could decent bmovie movie wasnt much focusing sex scene mean he sex addict im sure there lot go sex addict outside sex constant basis michael de barres good job considering wasnt much one point another one would laugh character pitiful nastassja kinski alright role concerned sex therapist couldve done though im suggesting sex person stood movie rosanna arquette convincing role loving concerned wife there something beautiful inside strongly appeal played role watched movie start feel bad herdiary sex addict oscar material modern classic anyones standard quite informative fair job showing one personal demon take ruin thing life think highly,biased
movie best dialogue ever written really good line given george c scott man knew juicy piece dialogue saw movie first time year dialogue good ever bizarre goingson hospital imaginative dazzle frequently involve marvelous poetic justice near stroke genius love movie,biased
suppose ultimate curse attending toronto film festival release date time table get messed quite frankly im happy fido got picked u distribution caseever seen shaun dead good lassie able reconcile two well name might andrew currie canadian helmer first ever family themed zombie comedy zomedy seriously thats press book toronto called though violent dry british shaun dead fido remains true root devotion old black white television including lassie infamous scifi pulp pumped periodfidos talented headliner carrie anne moss billy connelly dylan baker tim blake nelson stand testament brilliance script film explores implication premise world zombie converted servant sheer number due strange accident would use new undead servant butler manual labor pet unspeakable act fido tackle possibility sweet surprisingly classy way much thanks work connelly one said zombie young tv actor ksun ray seems time better young elijah wood young elijah wood wasif youre expecting another shaun dead dont waste time there nearly enough gore poke genre satisfy youll leave theater bitter depressed youre willing take look happens shaun dead jump across lake youre treat think fido sensitive often beaten little brother shaun dead rebellious loser youre starting get drift like least tolerate zombie small child load deadpan satire fidos film thats casewell know drill hit em square eye,biased
sjöströms masterpiece movie capture swedish soul also served great inspiration bergman similarites körkarlen smultronstället sjöström leading role isak borg coincidence dont miss world,biased
one funnest marios ive ever played level creative fluid control good graphic time there also multitude crazy boss enemy fight sometimes level get frustrating leave hard level still need get accomplished fight bos annoying another complaint camera angle though work fairly well time pain certain situation big time mario fan one even huge fan id still recommend one big game getting need take satisfying good playing short burst time almost certainly hold interest sure hold mine,biased
far disliked every single jean rollin movie ive seen always bothered he acclaimed eurotrash monument extremely popular amongst many regular reviewer lovely website people whose opinion always value usually concur apparently everybody always appears pinpoint sort gloomy stylistic filming trademark work completely lost rollins movie unimaginably boring feature basic concept lesbian vampire various setting dialog incredibly absurd marvelous gothic setting always underused production value cheaper price bus ticket actually given rollins repertoire already especially enduring iron rose found night hunted allegedly movie doesnt feature lame lesbian vampire stand bona fide horror movie gruesome killing macabre plot twist verdict yes one hand undeniably compelling inventive rollin film pleasure seeing thus far also one watching without dozing hand still remains moronic movie nonsensical plot emotionless sex sequence compensate dullness jean rollin heavily attempt generate atmosphere secrecy suspense mostly lack information vaguely introduced character barely manages hide fact actually hasnt got story tell unearthly beautiful lead actress brigitte lahaie beautifully ominous musical guidance element keep hooked screen nightly drive back home paris young man abruptly stop confused scarcely dressed girl come running wood name elisabeth furthermore cant remember anything running away case amnesia bad even continuously forgets picked next day shes kidnapped old guy taken sinister apartment complex multiple people bizarre mental state held captive elisabeth know nothing sense need escape obviously wont reveal denouement assure quite dumb illogical farfetched apparently rollin realized well explanation kept brief quick there large number overly weird senseless sequence sex footage dire filmed without passion nasty makeup effect look cheap randomly thrown without actual purpose said score mesmerizing brigitte lahaies perfect body addictive glaze,neutral
rented mistake thought cursory examination box timetravelscifi story instead christian story suppose fairly typical example sold message probably overlook awkwardness plotactingetc found rather painful admit im bothered rewriting history story paint sort paradise family value morality character aghast marriage end divorce overlook unsavory side highly moral society rigid racial sexual social discrimination widespread instance one point hero complains clothing store owner thing sound different complaint iranian leader womens clothing style reported recent wsjoverall thought suppose sort thing youll like like sort thing certainly wholesome,neutral
short subject remake three stooge film whats matador boy trip mexico bullfighting adventure although original short made stooge peak period isnt memorable believe one mediocre film curly howardhaving established believe sappy bullfighter pathetically awful like short joe besser moe larry never hired besser whiny almost feminine character completely wrong violent comedy stooge film moe larry marked nadir team short embarrassing watch short released team swan song columbia maybe besser nice guy wrong third stoogei wont review besser short would giving scathingly negative review big favor dont watch instead try catch sweet pie pie hoi polloi,neutral
st watched direugene levy corny comedy murder mystery laugh movie appears based earlier italian movie according credit rewritten two fairly popular american romantic comedy writer one charles shyer nancy meyers cut compared effort story couple downandout traveling american played richard lewis sean young stumble upon lost dog hope make fortune reward money seeing ad paper dachsunds return upon trying return see hand sticking garage door lady residence believe attached rest dead body woman supposed give money freak instead contacting police telling truth make like runaway scene expecting framed murder character film met train prior hang around monte carlo gambling resort various thing pulled story cast member include character actor john candy james belushi cybill shepherd george hamilton others police find death start questioning main character course work thru goofy lie figure really happened none character actor mentioned earlier bring movie mediocre state despite funny moment mostly provided belushishepherd couple isnt horrible movie isnt good plenty average movie another one pile try maybe youll like probably wont,neutral
dvd usually sell around wouldnt pay much dvd known getting regardless pretty good disc display knot glory footage concert playing surfacing wait bleed scissors among track including spit music video apparently banned mtvslipknot dont know essentially symphony damned nine masked men display total chaos stage machine gun drum squealing guitar vocal tear face leave wanting whove never seen slipknot cannot recommend enough get dvd probably ebay amazon get better deala short though well made show knotseven ten,biased
whenever film get mention usually discussion begin end wonderful collection car drag scene often overlooked time eclectic character populate film around three central charactersone character stand rebel played great veteran australian actor max cullen rebel blind drag racer nearly run hero group middle night using headlightsin back story discover rebel master builder street racing car wife seem locked time warp rebel go play small pivotal role teaching mike played terry serio almost spiritual truth street drag racing speed reaction time make great racer one feel car best become greatestthis best exemplified rebel explains mike test drive got agony missing stylegraham bond another well credited actor lending talent crooked police officer looking get financial action generated street racing confrontation bond fox played richard moir add tension story bond expects result also fox drum racing businessfor movie fox display real manipulative evil side yet climax present sense honor turn final minute extremely tense memorable ending almost film refocusing true intention show u culture street racing rather day day activity peopleone major complaint film script although nothing exciting believe complete lack chemistry mike girlfriend played deborah conway mechanic played vangelis mourikis problem scene two interact simply cutlastly term actor one truly standout performance delivered kristoffer greave play deaf crippled member fox inner circle back story never explored injured race born way fox see value keep around reality film simple street racing culture behind car flying action sequence motion time director john clark writer barry tomblin seem really comfortable doingso looking depth exploration human relationship moment life defining drama film pulse race thought blown chev iconic gto phase blazing away street sydney wont find much better film,neutral
height celebrity big brother racism row involving shilpa shetty late jade goody condemned internet forum cbb fan praised show year bashing racist sitcom curry chip love thy neighbour thought hypocritical said aint half hot mum thrown argument pointing starred english actor blackedup well yes michael bates lived india boy spoke urdu fluently show detractor overlook reality brought performance bearer rangi ram noted indian character actor renu setna said documentary perry croft sitcom upset heard bates landed role added indian actor could played role well bates indeedmum perry croft companion show dad army also set wartime sedate english town walmingtononsea replaced hot steamy jungle india particularly place called deolali army concert party put show troop among bombadier solomon george layton first sitcom role since doctor charge camp gunner gloria beaumont melvyn hayes diminutive gunner lofty sugden lah dedah gunner graham john clegg gunner parkins late christopher mitchell presiding gang misfit bellicose sergeantmajor williams brilliant windsor davy regarded poof frustration able lead men jungle engage enemy combat made bitter bullying though nice parkins thought illegitimate son everso english colonel reynolds donald hewlett dimwitted captain ashwood michael knowles rangi like wise old sage beginning show talking camera closing quoting obscure hindu proverb loved bearer much came regard practically british friend teamaking char wallah late dino shafeek went mind language rope pulling punka wallah babar bhatti real indian featured show another point detractor ignore shafeek also provided described credit vocal interruption similar song used incidental music dad army edition closed warbling land hope glory silenced shut williams excellent opening theme penned jimmy perry derek tavernerthough never quite equalling dad army public affection mum nevertheless popular enough run total eight season davy estelle topped chart cover version old chestnut whispering grass recorded entire album old chestnut entitled else sing loftythe show hit crisis point three year later bates died cancer rather recast role rangi writer let quietly forgotten george layton left character gloria took place bombadier providing another source comedythe last edition saw soldier leave india boat blighty char wallah watching go great sadness viewer repeat far mainly uk gold socalled dodgy reputation strange one thing show specifically racism white man blackedup wrong david lean film passage india still get shown television featured alec guinness indian two oscar derived jimmy perry experience character based real people sergeantmajor really refer men poof take view going put history television get right sanitizing past matter unsavoury might seem modern audience fundamentally dishonest mum funny truthful viewer saw thank heaven dvd say time stop review williams would say ill gossiping jungle,neutral
ill honest yall junior high school sitcom first aired abc didnt think would like john ritter felt little potential plus something else liked acting great lot horrible nd rated comedy line john ritter always brings game come comedy great show watch ill tell great show father never watch sitcom watch movie sport law order actually sat brother sister mother watched show think john ritter honestly think show would still running john ritter god rest soul wish hadnt passed away,biased
robot jox great little film ok set bad acting great special effect good film size age remember film year old made cheaply st place cant moan much bad part sit back watch cool film great big robot,biased
tenacious pick destiny tell fictional tale formation band tenacious quest find pick destiny guitar pick supernatural power made tooth satan played dave grohl jb jack black kg kyle gas joined together fate must travel rock n roll museum steal pick destiny become greatest band earth movie hilarious delivers nonstop laugh jack black kyle gas work perfectly together real life friend coworkers year film part musical music written performed song new material many classic soundtrack definitely worth checking film mostly appreciated fan tenacious fan still think enjoy movie fan must see movie acting isnt bad may think laugh crudeness never stop coming highly recommend movie anyone looking get sock rocked laugh hard laughed long time look cameo dave grohl ronnie james dio meatloaf ben stiller amy poehler tim robbins john c reilly neil hamburger also stay tuned extra scene credit,biased
im quite disappointed soul survivor doesnt worth even comment forum script poor well acting entertainment feature pointless plotplease favor real survivordont waste time piece crap someday youll thank,neutral
return cabin lake lacking must low budget fair amount movie must filmed regular video camera within scene youll moviequality camera shot simple video camera shot make odd blend think found way home video type effect think worthwhile see seen original cbtl compare see difference havent seen original cbtl youll never want see see one first probably seem way cheesy turn even caring original one,biased
movie good acting virtually cast gripping story chilling ending great music excellent visuals without significant special effect interesting note though like much science fiction prediction future dont appear likely come pas early depicted thats say wood yet obviously soon condition share failing fairly illustrious list science fiction classic space odyssey compare space station international space station isaac asimov robot positronic brain invented,neutral
bette midler showcase talent beauty diva la vega thrilled taped able view whenever want possesses take keep audience captivity voice beautiful ever truly impress highlight show singing stay movie rose feel emotion song end goose bump show leave urge go either rent bette midler movie go nearest music store purchase one bette midlers album,biased
small town threatened child killer lady police officer go pretending friend becomes emotionally involved murderer psyche begin take beating causing lose focus job catching criminal film high voltage excitement solid police work good depiction faulty mind psychotic loser,biased
oh dear sequel mirror time house evil spirit psychopath murdered entire family shotgun amityville home mirror captured entire ugly incident horrified family time prepare uninvited guest mirror given photographer keyesross partridgeby bumwho happens lunatic father man responsible killing familyand evil soon terrorizes loftsuch keyes painter pal suki portrayed julia nicksonsoulwhere life look soon keyes nightmare looking eye father gun family cold blood worried might follow footstep soon see occurrence father eye like terrible day pop bashed mother head floor institution experiencing moment inside cell doctor administered drug immobilize himpretty solid supporting cast deserve better stuck junk like david naughtonamerican werewolf londonas proprietor loft keyes life richard roundtree eccentric sculptorartist terry oquinn psychologistdetective especially lin shaye hilarious ditsy rather strange secretarynurse asylumthe one held keyes father soon closed downrounding film sexy leggy lala sloatman keyes supportive girlfriend barbara howardfriday ththe final chapteras naughtons betrayed wifehe verge starting affair nickmansoul jack orend sadistic fiend attempt provoke son killing innocent people robert ruslera nightmare elm street freddys revengeas rejected loverof nicksonsoulwho meet unfortunate demise ripping apart painting revenge dismissalthis film poor special effect movie merely using amityville title cashin franchise never great begin sequel greenlit grew worse worse third film furniture infamous house become possessed item tormenting folk cast try hard though materiala mirror causing chaos murder supernatural meansis lacking qualityand rather mediocre special effect dont help matter oquinn little work show he great actor even shine excrement alls lost get see sloatman always wearing super short skirtsor man shirt panty showing leg throughouthey find silver lining somewhere believe amityvillea new generation seventh film franchise coolest part film portrait demon painted nicksonsouls artist perhaps inspired evil mirror looking,neutral
predictable spoiler ill cagey dont read carea dull scriptwriter together half afternoon even run idea let start criminal sought francedoesnt matter done well think later dont second suspense much nothing unexpected requires art half hour needed finish film get rob jeweller take lot time avoiding alarm etc everybody robs jeweller film ike bound work doesnt humour character ok yves montand get ham weeny bit everyone speak quiet deadpan voice supposed make one think noir merely make actor sound depressed silent itll make seem grimmer also save u writing line wed better add something stay home woman going watch stuff let something make empathise hubby forgot put woman film got son gasp marijuana oh attempt suicide particular reason shame dad mafia bos cry loud audience feel fatherly care sod oh crooked cop classmate guy get end wrenching eh let die end well never finish stuff right thats thank god wholl get director,neutral
saw movie friend couldnt stop laughing mean nothing scary movie funny line freddy said hilarious think shoudlnt even made new nightmare gone freddy v jason although part gross like head blowing elm street film sucked best besides number wouldnt recomend movie want good horror nothing else rent youll laugh aloti want see texas chainsaw massacre think would scary freddys dead final nightmare overall grade b,biased
went watching movie knowing wasnt going great witnessed awful word dont mean harsh movie terrible overall bad mean awful special effect acting wasnt bad wasnt good either sasquatch like well sasquatch opinion best sasquatch movie harry hendersons violent horror best depiction sasquatch least suit halfass cgi ripoff see movie desperate really appreciate anyone film go watch boondock saint much better,biased
riding giant incredible documentary detailing history story three influential bigwave surfer gregg noll jeff clark laird hamilton stacy peralta amazing job taking role director congratulated brilliant job structure film edited brilliantly work perfectly narration interview animation surfing footage music soundtrack add overall satisfaction watching film making riding giant brilliant viewing personal highlight include greg nolls comment straighttothepoint frankness laird hamilton footage teahupoo outtake end movie really entire film one big recommended highlight come highly recommended opportunity see shame isnt well known gem deserving attention,neutral
corned beef cabbage herthis little romantic comedy clip along scene scene exotic twist imaginary scene costume party centered around wife husband looking break doldrums played gloria swanson twenty leading men natural air convincing course swanson perfect kind mood frivolous worried hopeful behind game apparent lightheartedness old serious problem staying love straying love there little corniness director demille top keeping snappy believable many film period subtitle tell saying thinking often give kind philosophical insight justify tragedy raciness higher purpose probably better without instructional text part narrative style kind quaint looking visual formal amazement wont find story well acted filmed precision economy really great example event might come total surprise modern love story set almost hundred year ago gas saw swanson perfect,neutral
huge amy adam fan many year also big fan musical said good movie level quite dull acting overall poor amy adam awkward watch act scott g anderson due fact another league come acting performance come amateur music performance pleasant nothing special scott g anderson bad actor assumed put movie great voice case average voice sings key thats iti guess see amy adam movie singing element wish could rant poor element movie ill leave,biased
movie stupid piece crap bad everything love western movie get jilted nine ten time renting western seems dont see name like robert duval kevin kostner tom selleck attached cover isnt worth messing part main action shiloh fall taking place yet revolver used model even shooting bad one scene marshal fanned sixshooter nine time couldnt hit three large men twenty foot away turn minute inanity perhaps participated movie could taken lesson sunset carson school acting,biased
saw sale new local store said hey action film guy bloodsport enter dragon directed guy enter dragon cheap bought oops possibly worst film ive ever seen ive seen dooziesyou know movie intentionally campy like evil dead ii deadalive awesome know movie supposed serious turned awful laugh loud watch like lionheart old van damme film john carpenter vampire pretty cool film ironheart manages neither dont know filmmaker thinking look movie made time shoot budget anything script speak im script note point bolo yeung line movie reason get first billing box fact he actor film youll ever recognize unless youre jackie chan fan case youll recognize bad guy youll want call giancarlowhats also sad film time judgment day come know era campiness quite youll think chuck norris film highschool comedy jasonfreddy sequel work sheer genius thing know nobody film act bean closest get richard norton looking appropriately rich cocky bolo yeung looking appropriately mean cocky everything else dreadful martial art scene forgettable many instance white guy lot muscle taking shirt yelling running britton lee getting kicked britton lee getting punched britton lee falling even final showdown bolo disappointingly short creative design running sock equally stinky rest action pathetic gun look like came toy department kmart indeed fire sound capgun someone get shot bounce around little bit lie still splotch brownishred liquid clothes britton lee apparently get shot side dont see later day see wound ive paper cut worse course girl dress wound kiss next thing know theyre lying bed talking sex huh believable development love interest well kind character development overlooked completely film remember bruce lee character didnt need sex anybody cool car chase far worst ive ever seen look like director sitting curb handheld camera two car weaved road oh dont know mile hour dont try home kid people professional hah really bad writing here scene lee followed girl follows follower warn lee car slow time catch lee bad guy car there gunfight progress lee killed two bad guy third shooting lee girl almost run lee bad guy run away huh girl car stall cant start tell lee shes involved shes coming point cant leave car bad guy trace somehow convinces decide deal problem shoot gas tank blow car remember later night sex huh look closely half nightclub shot dancer much sync music dancer also way coordinated apparently people dance club took dancing lesson girl dj booth microphone never anything except dance bouncer tell people fighting take outside without moving lip one scene bouncer lee stevo pas inside entrance back also apparently youre major character film go straight head line lee notice first time followed doesnt notice second time even though guy car girl however notice bad guy get followed twice never notice lee worried bad guy trace girl car back even though already seen show work twice girl proceeds leave child work care friend sex lee learn parenting filmcant think gripe right get idea ironheart bad aint even funny sad,neutral
maybe im generous ratingbut love movie ive seen many time every time see fall love simple romantic comedy nothing huge monumentous happens im big romantic movie romantic love meg ryan tim robbins walter mathau funny scientist make laugh muchi definitely recommend movie anyone hasnt seen clean good movie rare yearold brother like movie chickflick recommend need laugh youre lonely need watch romance cant participate one good un,biased
nonstop action every conceivable inconceivable scifihorror cliche found blatantly silly fun bigbudget epic pace never let especially shorter u version tightens thing considerably,biased
review film must make confession rather bold statement make film reviewer anyone already read previous review may know ive always controversial lowkey sense giving high mark flop captain america creature panning film classic alistar sims christmas carol shakespeare love mind confession might come surprisethe simple fact christopher lambert probably one favorite actor woah dont start getting crazy yet let explain mean think he greatest actor world clearly confess certainly morgan freeman anthony hopkins would say acting ability probably somewhere least bruce willis admire however human quality brings action hero average guy laugh cry bleeds hero necessarily want take lot opinion able bring quality character especially movie he worked lambert hero far cry schwartzenneggers stallones quite frankly lambert character easier relate hence he greatest actor worldhes personal favoritei cant say however film however much appretiate acting would foolish confess choice film leave something desired quite frankly terrible ridicule he gotten year isnt due acting rather bad choice scriptswith mind say debut film tarzan one best film probably greatest performance mentioned effective becasue humaness brings role seriously director writer actor handle material far leap bmovie action adventure johnny weismeller fact would hesitate call action movie instead serious drama take er burroughs material seriously showing tarzan quest discover real family scotland realizing doesnt fit white ape torn old family new one includes wonderful sir ralph richardson final role attempt adapt human ape instinct also kick cant decide love real family one he always known wonderful commentary society wonderful character studyif nothing else launched lambert international stardom continued film like highlander sicilian unfortunately didnt last wait whilehis latest career move gideon resurrection proven though still long way go he competent enough actor able perhaps make ahem comeback hell pick role betterfor however here verdict first film,neutral
spoiler alerthomeward bound incredible journey important film life first film remember seeing cinema home town year old scamp story based sheila burnford novel reason possible write one brainless lassie clonethe basic story two dog cat happily live seaver family new husband mother three child get job city temporarily move inner san francisco animal sent ranch live couple month bond animal child watch especially strong shadow golden retriever sassy himalayan cat heartbroken child though young happygolucky american bulldog known chance little less concerned somewhat cynical due part voiceover explaining abandoned pup picked animal shelter bought family though growth character story provides much important storytellingthe three pet escape ranch head wide dangerous wilderness fantastic wilderness setting way driven shadow instinct direction meet several peril along way hoping make home family ranch host suddenly concerned animal disappearance funny moment way great dialogue three animal hilarious line see memorable quote touching comradeship grows main character course storytelling punctuated moment sadness sassys arrogance trying cross river without getting wet cause fall river get washed waterfall leaf moment loss felt deeply viewerssomehow though fail see inclusion saving girl lost wilderness add story journey take somehow seems little unnecessary part storythe ending crank stake higher shadow fall pit trainyard hurt leg find hard get give exhausted followed chance climbing persuade climb telling important he pushed far shouldnt throw away easily way scene brilliantly done isnt concluded leaf ambiguity carry final scene chance sassy return home shadow nowhere seen seems lost slowly appears reunited family chance conclusion end speaks comradeship developed fellow journey realisation home really long journey get leaf fine epilogue demonstrate much character grown also two well hang second think im going cryanyway havent read sheila burnfords book dont pretend know difference book film lie film family watch tot love talking animal older viewer understand plot line better found watched film several year without seeing film masterpiece cinema suggest havent seen go get itand please avoid sequel see review homeward bound ii,neutral
one reason movie watchable till schweiger good actor movie isnt completely terrible uwe boll please take another career special effect action acceptable aspect disappointing say kevin smith evening talked tim burton ever reading batman comic showed uwe boll must ever played video game keep making movie two ever want know done go see andrzej bartkowiak doom one best video game film adaptation ever people may disagree watch movie see guy id lot doom doesnt seem like anyone ubisoft even near production,biased
say band hooked ten year old kid grew blue though dad guy midland came along fusion country rock heavy rock blue wish could got see live early year lucky enough knebworth best concert ive seen date hope full version hot august night realest soon cd gave chance see boy song remains great cd get nitty grittylong live zepp,biased
send freezer solution two butcher find discover popularity selling human flesh incredible story humor possible allegory make much horror film complex character defy superficial classification make story intriguing worthwhile stand definitely dark film also bit redemptive,neutral
radio flyer one loved american moviesthe really great job two boy joe mazzello elija wood spite terrible performance thanks beginning ending marvellous script dmevans powerful emotional directing rdonner plus absolutely incredibly peerless music score hzimmer allowed radio flyer win one first place family rating moviesits pity good movie underrating movie criticsi cant help waiting see dvd,biased
buster keaton arguably enjoyable short minute film dont come ribticklingly funny gem dead pan comic get involved photographic mixup wanted felon lead elaborate evasion several street cop fellow passenger recognise face wanted sign goat chocabloc brilliant site gag opening scene bread queue right wonderful elevator chase end keaton film never feel though silence lacking sound never something needed movie explain wonderful yet incredibly dangerous thing isnt hard see influential really man every bit thoroughly amazing today,biased
ive got much testosterone next bloke raquel welch finest certainly worth look fact cardboard cutout could act better hour half m w showing considerable asset movie makeconsidering cast surprising bad ive never big fan wagner tough guy harry convincing dollar bill godfrey cambridge vittorio de sica usually enjoy seem sleeping line edward gwell assume paycheckthis film mess nonexistent plot stopstart action unfunny script puerile slapstick annoying caper music werent miss welch id given said treat eye even better delicious cameo bedazzled reason alone gave,neutral
ok even cant stand liza movie truly hilarious scene john gielgud make liza one true romantic comedy classic th century dudley moore make drunk irresponsible look cute amusing damn fun watch oneliners best,biased
superb initially thought given amrita pritams communist leaning dr dwivedis nationalist leaning film frank novel read novel surprised find reversekudos marita pritam pseudosec dr dwivedi objective movie touch sensitive topic sensitive way casualty war woman poet said movie personifies also sad commentary hindu psyche cant stand kidnapper girl hindu brother burn field tormentor hand also show economic angle behind partition fact girl kidnapped first place think kidnapper thought kidnapping girl become legal owner house thus new govt able ask return house apart one salute courage character puro bhabhi two simple village girl unmindful outside world risk everytihng trying come back dishonored many documented case woman accepted family indiano wonder required woman understand pain woman,biased
well short wrongbalanced nonconvincing film could little bit better script seems know way go funny clichewise serious bit silly plus much sentence heard hacker florida madrid screwing signal,biased
second movie based life time ultra hung porn star john curtis estes better known john holmes boogie night also roughly based life maybe someday someone going movie life tommy byron insteadthe problem story well told many law order episode twist turn wonderland director never get criminal case going kind gusto val kilmer two problem nearly hung holmes prosthesis time around unlike boogie night much better looking mope holmes director introduce one single likable individual among cast racist immature lowlife hang wife police dont get much way characterization best part movie eric bogosian telling paris hilton get lost said anyone interested sleaziest side porn business true crime shouldnt miss,neutral
ever happened michael keaton great actor prof movie movie actually funny reason movie funny two reason excellent script michael keaton movie one funniest comedy history hollywood movie ultimate spoof gangster movie movie hollywood actually poke fun using gangster movie genre basis truly original comedy rest cast funny especially supporting cast like laugh want watch movie contains nonstop humor movie,neutral
except brady variety hour hokiest television ive seen video production quality werent bad overall look feel unmistakeably early marie osmond look like battle avon lady lost big time way much eyelinerit kind embarrassing watch veteran danny kaye eric severeid take part even interesting watching alex haley talk african pavillion world showcase would opening yearas writing year later hasnt opened yet unless count disney animal kingdom though shortcoming still interesting visual piece disney history,neutral
fail recognize hanekes aboveaverage filmmaking skill example appreciate lingering unremarkablenaturaldaylighted setting powerful way force strong sense realism however regarding content film sad see st century still urge pathologize dominationsubmission relation feeling andor bdsm practice problem main character mother unbelievably topical alienation uncomprehension felt walter dont mean frustration lover loved back way understandable mean look upon crazy monk come mean d something new world think rather silly treat subject something freakish pathological isnt general film dealing subject really lagging behind timesso feel film end quite programmatical film worried outdated psicoanalitical theory isnt nearly embarrassing really relate reallife life experience engaged d relationship personal experience forum irc chatroom even recent scholar study show,biased
discovered patriot dvdstore thought could real action thriller it´s instead low budget movie ridiculous story it´s doubt cablemovie one theatre fortunately minute movie stop otherwise audience taken antivirus sleep one thing came nice country film shot really feel american air that´s hope steven seagal finally succeeds big hit must see wife voted average,neutral
start wooden acting film disaster grown ny tell film insult anyone familiar community people im even defender culture way found hollywoodized piece trash fit fictional ridiculous culture presentation language anyone watch seinfeld know inaccurate colossal waste time even worse exactly interesting since outcome obvious scene confrontation laughably bad act way nobodythe writer name sound israeli something nature clear doesnt clue subject writing looking bio shocking lived new york wonder much real connection community even mediocre film like stranger among u better closer truth dreck reading guy credit wonder written script c grade film somehow feature star shocking perhaps know someone script even par bad dolph lundgren film,biased
fan bad horror film sfilms ridiculous silly good laugh natural id choose filmespecially john agar practically guaranteed bad sadly bad film worst type bad filmdull beyond belief unfunny least stupid overthetop bad film laugh atrocious monster terrible direction acting never really see much monster mostly due darkness print acting bad low energy badlistless dullthe film begin young adult going satan hollow neck well considering name place surprising later found chewed piece duhdont go necking satan hollow well report sort crashing object sky teen go yep throw dance partya slow dance party kid almost dance slow motion sheriff agar men ensure teen dance peace without fear masticationas monster guy gorilla suit silly maska bit like monster robot monster exactly original exactly high tech make worse make snorting noise move slowlyso slow even corpulent teen could easily outrun manages kill repeatedly beyond meoverall dull likeeven fan lousy cinema,biased
one worst movie ive ever seen acting terrible kid adult character showed little enough emotion lighting terrible many mess ups time day film shot river scene get boat destroyed there shot sheriff dad evening boat jillian molly evening swimming rest kid daytime supposed evening river bank doctor beatrice simonton night evening getting boat best acting movie probably sheriff cappy although there slip character pulse detector whatever thing people die beep show cappy died still move still heard beeping nurse extra check pulse manually show pulse finally dy guess going perfect since independent movie still could better worth watching honestly even kid might well watch something good like lion king toy story youre going see anything youll remember,neutral
guess remember nicole eggert little girl day tv show tj hooker charles charge who bos pervert maybe remember baywatch grew got breast implant matter certainly forget supposed comedy maneating aliensthere many thing make sense never explained recognize alien alien hot paprika cinnamon didnt alien eat get picturebefore alien eats boyfriend assumes identity get see body alex meneses mexicanukranian beauty reason watch trash stay shower scene boyfriend go business,biased
officially first martial art movie ussr cinematography featuring actual martial artist like tadeush kasyanov russian bruce lee talgat nigmatullin bad people highjack ship high sea fortunately everybody board trained martial artist collectible martial art aficionado,biased
although series mini film particular important time release feel series whole actually fairly poorly written weak cast issue heart extremely well portrayed yet difficult relate understand problem within film acting script isnt convincing enough especially looking mini filmi also dont believe mini film series stood test time many scene quite laughable issue still crucial boy blackstuff cannot fully aid cause understanding problem britain,neutral
three kid born solar eclipse turn vile murderous little tyke whore suspicion everyone save joyce lori lethin younger brother timmy thats story nutshell acting one tolerable part notable mtvj julie brown downtown one showing skin early part albiet small michael dudikoff great film stretch imagination killer kid subgenre bit guilty pleasureeye candy julie brown show ta film thus far claim honor sylvia wright get topless dvd extra r minute interview producer max rosenberg wherein insult director canada great stuff biography ed hunt trailer kiss taratula dont open door redband one homework feature nudity grade b,neutral
im black man living predominantly black city said major misgiving tyler perry work realize people feel need praise he black trying portray positive image culture honestly believe perry white film would naacp al sharpton jessie jackson assi forced watch movie one whole hell lot recently repeated viewing make blood boil character poorly written acted joke bad actually told something supposed funny im going break big pile sht downmadeasuck character may appeal doesnt anymore thing ever seems smack around child threaten adult violence less useless unnecessarythe situation wife beating fiancé horsesht woman scared death husband would try run away he sleeping bed wouldnt made sense leave work rate character arc annoying overbearing hoped would throw balcony royally ticked didntthen two lovebird bus driver asks woman harassing he making round couldnt believe really couldnt believe agreed go even take cake grown man reduced tossing pebble window passing note like ten year old castrating mega bitch dont use term lightly woman two mode morose victim psycho momma matter two face showed however one constant bus driver wasnt going get even married without sampling goodswtf there family reunion scene weve got mother load includes implied incestual taboo grinding sake grinding shirtless overly musclebound bball plus great taste maya angelou babe dragged butt outside called meeting wrong wish oldest claimed heart attack crap going reunion laughably easy separate group ring bell everyone drop theyre head stern talking like pack pavlov doggieswtf final five minute film see abusive fiancé get manhandled longtime victim around bad actress impromptu wedding black people dressed like angel hanging ceilingwtf reason watch far besides testing threshold pain hope second villain story get as handed well guess doesnt happen instead perry take testicularly challenged way play safe ending movie tone forgivenesswtf im pretty sure given day could probably write doctoral dissertation way movie suck dont even get started rest tyler perry film im going say opinion black guy dw griffith legacy life irony black man praised birth nation selling u river wish perry film dude could kick nut thanks lot dude going follow comedy raping savage beating slave colonial america,neutral
big struggle story surreal movie couldve great great rated mixed acting director relative playing major role due financial reason reckon found although calling acting stretch word giving new meaning whole new meaning surreal movie like actually see japanese strange circus example might able overlook flaw see enjoy great idea many great metaphor ambiguous scene watching group friend almost u couldnt stop laughing intention director course everyone liking one see high rating movie could recommend movie youre aware work alejandro jodorowsky done andor fan,neutral
first saw picked suggestion tivo system like danny elfman thought might interesting top im fan max fleischers work started look feel cartoon thought would hold interest wrong minute fast forward button ran minute thought itafterwards read review figured didnt give enough chance recorded watched there minute life im getting backi cant believe arent bad review personally think hard get line comment minimum many way say waste timethe movie come across though made junior high kid ready outrage world thinking breast profanity puke joke character flat parody swinging alphabet lame essentially cobbling tune getting e hitting obvious profanity f idea go trip intestine expected landing doesnt work first time let alone following one across board entire movie would expect someone trying outsouth park stone parker without ability determine isnt funny might amusing youre high otherwise,biased
first saw film around month ago considered interesting little stuck interest grew grew wondered whether initial boredom response actual vhs quality rather film purchased criterion dvd box set turn right second time alexander nevsky great film rousing im sure succeeded main aim propaganda germansthat common criticism film eisenstein merely propagandist nothing else untrue amazing film artist one important whoever lived world far enough beyond joseph stalin able watch eisenstein film art,biased
understand movie made low budget excuse monstrosity grendel deathstalker throne fire barbarian queen conquest invincible barbarian done shoestring budget poor special effect yet still managed create cult classic adding scantily clad woman warrior good sense humor primitive costume dark castle beautiful bulgarian landscape gave grendel potential good low budget sword sorcery film maker completely ruined opportunity using extremely poor cgi effect colorless character compare film beowulf may citizen kane good example entertaining low budget scifi adventure movie made using credible special effect appealing character,neutral
young big fan chuck norris begun getting old movie video see adult eye remember really liked one particular thought one best im little older say although thoroughly average still consider one better film acting stretch norris play cop haunted participation arrest capture dangerous serial killer movie serial killer rage nowadays people would like think wholly invention contrast good see current infatuation sprung obviously action movie well stalk n slasher norris attempt humour form human compassion hamfisted laughable nobody could kick someone head quite like chuck big fan steve james also recommend film ditto genre legend billy drago well seeing mitch blue brother supporting role great better anything norris,biased
movie stink majorly reason gave graphic semi charming total disregard plot lack even insubstantial surface character development made seem like bunch nice drawing far worse anime came japan cant believe actually put name garbage rip selling thing havent seen dont bother pity,neutral
prom night girl named donna brittany snow chased psycho killer trying kill prom night killing family friend enemy begin let say tired pg horror movie havent scary lately tired stupid girl dialog oh god talking girlish thing really tired girl relationship cry last thing tired u remaking asian japanese chinese film pretty much sum prom night im still done reviewthe reason see prom night crack laugh kill dont see prom night never see kill hear screaming see blood wall way death repeating like arent scary obnoxious time met cast think ready hurl much girl talk much guy talk lot oh gosh prom understand fun seriously much ask concentrate put prom night list worst film without seeing film id first one im going surprised get released dvd cheap quick seriously dont spend money time dull acting cheap scare night die watching film star p could give film zero star would,neutral
first saw movie year ago never forgotten beautifully filmed story keep one riveted entire time difficult believe made tale still fresh today really make one think im knowledgeable regarding film technique however special effect film terrific considering made addition acting superb use english american actor quite astounding recently purchased dvd im able watch whenever wish highly recommend anyone interested postwar british film watch,neutral
major fault film impossible believe people would ever cast professional production macbeth hearing david lansburys soft voice struggling laboriously famous tomorrow tomorrow tomorrow speech made impossible believe anyone would ever consider role kept believing therefore didnt get part lousy actor bigger name available see portion play rehearsal difficult believe director parodying thing hopelessly miscast misdirected travesty actor unable articulate even understand verse director see play screwball interpretation sometimes director anxious film done writer think ability direct worksthat settle less appears example,neutral
huge fan cracker series waiting year next addition episode im afraid live legendfitz return manchester year daughter wedding get involved murder investigation soldier tormented flash back tour duty northern irland go killing spreewhat like episode extremely convenient way set fitz led murderer fat farfetchedthere however good scene flash back northern irland filmed great,biased
shut front door thats said told blockbuster got new movie called snake train okay maybe thats exactly said get point didnt need know movie anything else knew renting moviei probably asked though retrospect dont know would really wanted watch movie mayan curse cause woman give internal birth snake spit mouth would want see movie feature guy look strangely enough like pedophilic version leif garrettanyways curse might interesting level well maybe still promise annoying character getting eaten least killed snake willing sit first hour little happening texas ranger forcing girl nice little titty grope keep cocaine hispanic shaman like occasionally stab people hell broke loose girl started spit snakesspoiler alert everythings going well end im willing overlook fact snake sudden turned foot long people getting eaten good sudden im going tell would ruin best part one snake foot long proceeds squeeze devour train graphic artistry serpentaur old gi joe cartoon unfortunately could make nemesis enforcer connection movie anyways would think snake big ate train would pretty unstoppable well know mayan voodoo rock ability summon tornado heaven yeah thats ill say thatin short movie bad really bad point might numb watching brain might hurt didnt give one matter stupid still wasnt bad date movie like camp badly constructed b horror movie one think actually cool like bigger infamous brother walk away box see ill leave quote movie basically sum upsnakes cant get train thats silly like make stop anything,biased
best movie time sorry hollywood ive seen early soon appeared bulgarian tv loved immediately year later bought video tape month ago finally appeared dvd bulgaria live movie year already friend family son teenager saw first time loved immediately generation grew watching practically hollywood movie speaking understanding russian make masterpiece danelia special difficult say difficult describe beauty fact watch movie dozen time pleasure first time cant remember movie matter many million cost great cast chapeau maestro danelia bulgaria love,neutral
okay didnt get purgatory thing first time watched episode seemed like something significant going couldnt put finger time costa mesa fire tv really caught attention helped writing essay inferno let see hasnt discussed yeta twop review mentioned tony flight stair go broken elevator yeah significant number lot reason especially religious here one ya hunch consulted wikipedia guess dante divided level purgatorio excluding antepurgatory paradise stuff bottom stair tony cant get allegedly random monkslap scene soon monk appeared fit perfectly place tony trying get purgatory tell got worried christian commercial death disease sin came he getting desperate christian heaven looking kinda iffy time meet monk he thinking hey maybe guy help sound like contemplating religion eg buddhism wondering path could take salvation tony necessarily literally thinking becoming buddhist appears finnerty tried messed slap face basically tell tony there quick fix cant suddenly embrace buddhism get tony initially concerned getting heaven conference entrance realizes thats going easy first saw name v driver license problem tony led sort double life killing people sleeping around kept secret people feel free affair quasimelfi he kevin finnerty figure fool people kfs card like hotel receptionist wont get purgatory helicopter helicopter heaven keeping track everything doesafter reading theory infinnerty though seems like kfs identity reminder infinite different path tony couldve taken life possibly along car joke involving infinitis made sense otherwise aaaand point brain fizzle,biased
great james cagney topbilled big letter doesnt show till movie second third probably less screen time dudley digges play eeevill reformschool potentate jimmy arrives deputy commissioner somethingorother reform reform school slash air hand jump ball foot spit punchy warnersfirst national dialogue customary expected panache psychology crisp antique one warner many effort assert place socially conscious studio doesnt run deep digges bad script requires there quaint notion juvenile delinquent turn swell kid theyre given dash autonomy made spare fast style studio specialized never bore frankie darro got kind onscreen trouble brief tenure warner favorite rotten street kid ideal jd handsome charismatic toughie pug nose hatefilled stare could wither steel kid actor today touch,biased
wonderful romance comedy drama italian widow cher who planning marry man shes comfortable danny aiello fall headstrong angry brother nicholas cage script sharp plenty great line acting wonderful accent ive told letter perfect cinematography beautiful new york never looked good screen mustsee primarily cher olympia dukakistheyre fantastic richly deserved oscar got beautiful funny film must see,biased
ouch one ugly movie badly acted absolutely destroyed book well horrible could mess classic book beyond sure dont even think even renting,biased
thought movie dont fantastic past ive watched rob estes suddenly susan melrose place also josie bissett melrose place loved seeing together dont great chemistry together guess married real life help movie widowed child career fall love try blend already busy chaotic family together without dropping ball course stumble keep together working raising family many people talking movie good movie left u wanting would make great series appealing many age would nice see real life earth family show like portrays reality many life today instead called reality tv station overwhelming u day someone tell people abc family start new series,biased
glad got chance see rare little gem movie saw independent film festival dont expect come town anytime soon film noticed people get walk bad south folk dont like read subtitle movie start slow rich dialogue never felt bored action finally arrives found glued screen riding roller coasteri also got big kick chapter title appearing chapter especially one introduce character appear screen reminded zelda ocarina time face level bossesif future video gamecomic book movie welcome,biased
best mock documentary dog show seen long time long time well let face itever isnt part charm idea actually going trouble make movie mocking documentary event people would find odd first place even big laugh one would still smirking thought movie attempt something new score highly proverbial book loved dog,biased
think sort film either love hate im really type go arty movie mother rented mullhuland dr night nearly ran room ha love filmwe recorded beat one night let tape run got great film way accident saved tape watched lot eventually got vhs add collection ive watched many time one point copied poem even tried preform one scene high school drama class said could scene wanted cut bad word refused let could upset drama teacher much good honest never treated thati liked acting came true honest wasnt clean polished better true life anyone would truly behave display emotion hollywood great acting especially one playing rexthe story original character get drawn world typical person meet inner city kid save knowledge film simply caring friendship make thing bit betterthe thing even gun violence less simple stuff like rock throwing little bit innocence didnt hurt filmi think must see either love hate either way make impact make good film remember talk later,neutral
movie long buildup climax people refer swordfight end great must either mind none way often movie got soft saying soft movie bad matter fond sugar space tbone steak movie supposed vengeance crime committed culture ended petty barbrawl one actually knew sword tim roth character yes play well rob roy weak hero knowledge use sword way disgrace drama movie period best performance go nature scotland one tad breath short termed soap book,biased
thankfully brief mystery telephone operator discovered kidnapped daughter railroad tycoon discovery brings attempt life foiled charlie ruggles crime deflector thing take turn dangerous everyone end title location another attempt made girl life enjoyment film depend upon tolerance rugggles nonsensei normally like ruggles something role rubbed wrong way actually think didnt help mystery wasnt good nothing beyond character keep watching yes finale train exciting didnt make everything went worth searching stumble upon give try,biased
review extended cut moviei first watched dragon lord bought dvd many year ago always liked movie read positive review get general ideathat said ive always found storyline bit confusing movie love story always seemed strange love story end minute fight scenewell extended version longer old original version begin huge barrelclimbrugbylike sequence new ending sequence extended version opening sequence dragonjackie chan hanging around house pretending training reciting whenever father aroundother sequenced also shift prolonged extended cut story make lot sense watch pacing also better overall work better feel like love story doesnt leave asking question end drastically dramatically regular version doesi suggest everyone hongkong cinema plain jackie chan fanatic get hold extended version watch movie way originally intendedor least thats think intended else would make rearrange scene done watching felt like watched completely new jackie chan movie although sequence,neutral
st watched dirmark dindal fastpaced frantic animation effort ted turner feature animation group play lot like tv cartoon leaf lot desired area likeable character definetly extremely unlikeable villain im even sure kid would like movie many reference old movie star kid know little nothing mediocre effort best despite raf box comparing disney effort like aladdin lion king dont let fool comparison story quality,neutral
though cant claim comic book fanatic read share guess im part audience film wasnt disappointed run steam near end almost overflowing idea seems like lena olin one favorite actress left cutting room floor also little hank azarias blue raja go long way still easy forgive fault film much fun actor seem blast role especially william h macy straightarrow shoveler janeane garofalo bowler unlike found design city make joke even funnier also liked disco music choice bad guy somehow seemed appropriate,biased
although admit laughed watching movie last comedy sawthe budget must consisted pocket change actor production value low actual made kind fun watch reminds robot monster made guy gorilla suit cardboard diving helmet onin one scene hapless victim get arm leg cut geez hard believe black knight scene holy grail realistic kept wondering victim didnt start shouting none shall pas flesh wound ive worse one funniest scene ive seen past yearthe gladiatordemon stitch horribly cheap costume geeky look guy end result hystericaltruly movie bad enough watchable kind like seeing slow motion auto accident film,biased
charlie wilson tom hank hardpartying womanizing texas congressman discernible legislative record find becoming interested plight afghanistan midst brutal war ussr auspex old flame archconservative texas socialite joanne herring julia robert travel afghanistan assess situation stunned see return u determined help afghan find colleague extremely indifferent situation investigation allegation drug use undeterred wilson recruit herring vulgar outcast cia agent gust avrakotos phillip seymour hoffman begin convoluted arm deal involving israel egypt pakistan saudi arabia mostly unknowing u congress ultimately afghan defeat soviet america celebrates victory wilson avrakotos find warning instability postwar afghanistan falling deaf earscharlie wilson war slick brain candy really neat film intellectual viewer fun entertainment average filmgoer movie assembles astonishing array talent front behind camera delivers promise one hell good time film one flaw well arrive later examination improbable way th century largest covert war waged perhaps way thing get done cia intelligence agency fascinatingthe movie interesting number level story portrayed movie outrageous doubledealings sneaky covert operation perhaps success would outrageous work fiction could easily dismissed satire thing really work way least within reasonable bound film portrays three protagonist interesting way highlight virtue without obscuring flaw wilson person unapologetic vice even embracing yet willing embrace righteous cause herring something elitist bornagain attitude righteousness offputting yet shes deeply committed cause afghan people avrakotos cia outsider attitude problem looked upon street background yet love country hatred communism unwavering fact odd trio could play major role downfall ussr proof anyone make difference also truth stranger fiction also interesting played comedy surprising given writer aaron sorkin interesting way approach storythe movie however one drawback bit surprising film seems unabashedly celebrate wilson co achievement fine nothing wrong defeating soviet union one considers ash soviet defeat afghanistan came taliban eventually alqaeda regardless us level responsibility happened movie portrayal wilson success almost unmitigated fair movie address issue towards end rather topical speech wilson us inability clean done tertiary manner average viewer probably take much overall impression three remarkable people helped afghan defeat soviet isnt fatal drawback mind one troubling aspect otherwise brilliant movie film talent remarkable legendary mike nichols delivers slick gorgeouslooking production material perfectly suited understated wry directorial style sorkin delivers yet another brilliant screenplay film dozen quotable line classic sorkin exchange best scotch bottle discussion wilson avrakotos keep something political historical perspective behind film cast marvel tom hank give fine performance lovable rogue cause julia robert alternately charming repulsive obnoxious committed joanne phillip seymour hoffman steal every scene par usual abrasive gu alwayslovely amy adam take another step road stardom wilson long suffering assistant ned beatty om puri emily blunt christopher denham ken stott flesh supporting castcharlie wilson war intelligent fun movie wonderful bit abitmorethanlight entertainment fact decides shouldnt held brilliant,neutral
enjoyed mr magoo cartoon saw growing enjoy leslie nielsons comic skill thought marriage must produce funny childi couldnt wrongthis movie awful dont recall single funny moment one two three time hundred film year ive wanted money back leave film dejected wont ever time back use better way comedy plot must draw viewer serve framework gag plot neither kinda lie gasping like beached fish,neutral
whats robert pretentious altman saving lighting everything dark boring movie laughable mean ever seen lawyer office everyone work candlelightdont waste time fact dont waste time anything altman make pretentious waste film,biased
according john ford lyrically shot fictional biopic abraham lincoln life greatest fault may obtuseness woman ability dance worst way ford camera praising view reveal mr lincoln early life film lack character complexity make beauty depth vision uncharacteristically beautiful composition early film could series gorgeous still frame ford unique eye telling story film sings life hopeful young man henry fonda play contemplative spontaneously clever lincoln tee one best rolesthe film concern two young men brother trial murder claim committed classic angry mob style town decides take justice hand lynch pair honest abe step fray charm humor telling rob first big case good lynched boy lawyer follows seems become outline courtroom murderdramas thereafter abe cunningly interrogates witness delight humor judge jury town stumble upon missing linksthe film play like many john ford movie tablespoon americana dash moderate predictability hint sarcasm arent sure put recipe ford despite overtly hollywood feel film overly patriotic banter alluding lincoln future presidency film entirely enjoyable enjoyably well constructed take drama grain salt,neutral
best movie released bollywood upto date best comedy best acting best direction till rajkumar santoshis writing direction proved one best director industry aamir khan absolutely amazing salman khan looked good way acted shakti kapoor good jagdeep acted usual comedy still copied people writer director able make thing even rajkumar santoshi hasnt able make cult classic movie flop released cult classic since released loved kind peoplestaracting dialogue screenplay direction music lyric overall movie strongly recommended didnt watch till missed something big laugh riot best comedy seen till date classic film like hera pheri golmaal jaane bhi jaaro even half funny thisgreat movie hat,neutral
film absolute classic camp elvira mst classic everyone know story scientist keep girlfriend head alive lasagna pan basement cruise town try find body checking local chick finally find real hourglass body scarfaced chick head top severed head make friend failed experiment closet conehead come closet rip assistant remaining good arm right scientist earlier failure whole place burn downthe movie scared u much kid friend wouldnt go basement year seeing kid ranked scariest movie time one number four one scary movie really good original hauntingi give movie seven rating tremendous amount entertainment value offer eerie effect crappy production weird sexual angle scientist look body complete porno sound track scare hell innocent child ridiculous aspect make prime material watching talking laughing could watch film tonight enjoy id rather go dentist watch chicago againseven give entertainment value mere luck film cinema disaster,neutral
real classic ten ten every actor perfect screenplay haunting succession suspenseful scene scene car scene mountain breathtaking wonder film already dvd must seen widescreen version saw film late fifty maybe three four time never since forgot iti remember one first warner like cinema cope feature process called warnerscope gave neat cinematography shelley winter jack palance deserved oscar performancesthe thing could criticize directed someone like say nicholas ray increase rhythm tension,neutral
saw movie giant person labeled monster movie understand called monster movie movie drama expecting lot destruction get movie relationship problem people thinking woman loony saw spaceship crash giant inside unexplained reason action started minute toward end since woman killed isnt murder couldnt done anything else besides murder watch expect action labeled monster movie dont watch monster movie drama,biased
spirit classic sting movie hit truly hurt heart prim proper female psychiatrist hungry adventure meet dirtiest rottenest scoundrals vulnerable doctor fall career badman begs involved operation movie move kind slow climax ending stunning youll especially enjoy doctor forgives,biased
student nurse excellent film deal four woman bonded friendship career first time one able see realistic portrayal relationship inside work place outside work place risk relationship consequence film also offer rare chance see veteran stage television actress katherine scottie macgregor nurse instructor miss boswell m macgregor best known performance mr oleson television series little house prairie direction music print color good well opening theme song performed clancy b grass iii film offer rare opportunity enjoy theme centered around late early offer softer side life appreciating beauty female sex,biased
saw trailer film said loud one particular film going bomb also said matrix look happened box office guru stretch usually pretty good gut going good going really suck case blinded complete utter apathy towards david duchovney let put different way dont like person read interview unbelievably premadonna like full considering done xfiles actor playing god really poor film came thinking reason deserved big buck big screen happy say even though thing may still true man return delightful heart right place bonnie hunt directed beautiful story told class grace one romantic film seen even though may seem bit sad maudlin premise give chance hookedit said pain reason film work well story cast duchovney driver wonderful believable honestly wanted cry along one particularly powerful scene duchovney come home wife died slump floor house always family dog look door wait wife come walking doesnt shirt collar still stained blood rob duchovney tell coming home ever call dog seem share cry together dog let small moan rob cry one realistic moment pain ever seen character movie feel pain moment forgot watching actor generally dont like felt watching someone knew moarn loss beloved powerful stuffanother strength film supporting cast bonnie hunt combined ethnic melting pot irish italian character share common bond share pub called oreilleys italian pub delicious name heading diametric scale clashing culture carol oconnor robert loggia two proud old men love homeland love granddaughter niece think respectively character played minnie driver scenario ripe comedy hunt doesnt miss anything herebonnie hunt james belushi also share funny moment together middle aged married couple belushi get top point accepts humility gracefully show ample keg stomach laugh family consisting three four kid little time wife quality time hunt handle perfect elegance wonderful story finding true love knowing lucky true love power friendship family return wonderful romance even though still dont great admiration david duchovney admit perfect role could picture anyone else playing character sensitive believable movie good sure added flavourif sucker good romance want good cry film see anything bonnie hunt put director chair,neutral
everyone understand perfectly without device like universal translator translator microbe creator show realize people taken different part earth different time frame attilla hun wasnt contemporary preliterate hellenic culture viking contemporary pyramid builder speak different language never develop language similar modern day englishexcept inflection use influenced latin ancient greek danish french cultural difference cant overcome easily trust yet everywhere team arrives welcomed without suspicion start ordering people around like appointed leader course real fan would comment perceived god people meet shocked technology accuse witchcraft like historical background none visually might vaguely remind greek viking culture anyone dress bunch tablecloth run local costume rental plastic helmet horn claim look part smalltown theater group probably better prop boring another lame canuck production inexplicably ran ten long year kid show could make grade anyone little knowledge human behavior language couldnt bear even watch first twelve episode season like much wanted believe found decent scifi show otherwise would shut cleansed computer refuge first five minute,biased
gwoemul host due pollution han river mutated beast go rampage youngest member park family snatched beast rest family find becomes beast latest mealfirstly love monster movie mutated bear oversized alligator pack ravening komodo dragon whole lot creature feature favourite kind horror film really wanted like host wasnt three major problem itthe first seen quick look imdb pagegenre action comedy drama fantasy horror scifi thrillertoo many damned genre took seriously comedy yet light hearted real message though seem trying make kind statement antipollution antiamerican antigovernment drama misplaced mixed confusing mishmash stylessecondly initial monster attack nothing happens almost entire film central family wander looking one government korea america apparently nothing thats wander occasionally hitting one another presumably bit comedy relief lack action made attention wander apparently director whole plot thread go unresolved mystery plague invented evil american completely forgotten never resolvedand lastly film clumsily political paint american stupid evil give u american character depth cartoon villain opening scene obvious stupid american v wise korean moment korean morgue assistant asking bos coroner pour chemical han river american coroner cackle maniacally order assistant carry well racist lazy filmmaking excuse thaton plus side monster good kind mix relic deep rising movement effect quite cool initial monster chase park lot fun also nice shot film remind strangely way firefly filmed shuddering camera focus shot etcthere also nice scene end hero little boy saved sitting family mobile food stall nighttime snow falling streetlamp giving cold light food stall warm glow coming itoverall really disappointed film id looking forward decent creature flick instead get pseudopoliticalhorrorcomedy lite looking comment imdb cant help think u production would slated cause foreign flick doesnt mean good great movie korea recent year vengeance trilogy brotherhood example certainly isnt one im favour remake tighten directing improve scripting could nice film worth couple hour anyones time,neutral
movie industry tricky business decision made everyone involved private life thats original thesis feeble attempt making insightful film film indeed better proof industry trickiness seeing anouk aimée maximilian schell trapped inanity insight consists talking head rattle bullshit like make studio movie pay lot make indie item stay true artistic self latter please relationship professional private well rather complex situation handle isnt yes dear insipid dialog one get glimpse palm tree hotel lobby american movie poster sign nonamerican film presence croisette recurrent slumber session inevitable making minute film feel like age jenny gabrielle spectacularly unconvincing justifying presence frame,biased
really enjoyed movie relationship sometimes developed american serviceman japanese woman postwar japanas well obstacle prejudice created brando go contempt japanese natural considering ww falling love japanese woman wanting marry performance okay major fan acting style movie marvelous throughout red button received oscar touching performance another gi fall love japan though japanese woman play opposite also remarkable jobi dont want spoil movie good one watch box tissuesthis movie manages say something entertaining time mostly underrated gem,biased
lana turner proved could really dance storm charmer ultimate sacrifice sister joan blondell make herwhen sister come new york follow blondells beau wonderful george murphy film fate would director show impressed turner see nothing ahead blondell except job cigarettegirl blondell miss stardom boyfriend murphy eddie fall turner well hurt sister turner ready marry producer show wealthy womanizer wed timesthe story concludes best possible blondell taking fast exit back nebraska look paul ford gossip columnist film hard recognize due date film fact much thinner film leaf question whether ford blondell could ever get togetherblondell devoted sister sacrifice career love sister film sentimental might worked better shot technicolorfew realize george murphy future republican senator california quite song dance man day,neutral
definitely needed little work season virus max logan ames white along ancient super cult season two however thing kept watching see max logan would ever get rid nasty virus infecting max good drama season two course like tv show there something little wrong broadcasting company take air seriously hoping third final season season leaf hanging unless read book max allan collins know happensdark angel put back air one season even though might cost lot get original actor since jessica albas carrier sky rocketed show would case movie complete like show firefly course fox canceled well,neutral
vonnegut word best experienced paper tale weave gossemar silken strand word expression easily translated world marilyn manson jerry bruckheimer explosion word treated well remarkable slaughterhousemother night probably one three novel vonnegut written could take desert island along slaughterhouse bluebeardthe film version deserves book permanently part interior landscape cant itsome scene left film part memory,biased
best bit dull mobster nicholas turturro call runaway matthew modine shane come back shane older wise guy asks replay simply enjoying time actually like moment creepy part ive wondering time watching see girl till found closing credit ohh god shes elizabeth berkley showgirl fiasco couldnt recognize clothes tell truth felt brief tremor shes really cute nice maybe hollywood mercy sexy bit berkley say mean stuff give boner dull thing retarded assistant day night back car still alive healthy end moreover mexican smuggler took bullet car he dead either ugly thing murdered people well numerous f ward boring extent beautiful thing crazy clever script funny character tumultuous situation acting looked sweet also especially paul rodriguez stole show best dialogue also disappointing thing although direction didnt mess story wittiness time didnt give unique touch matchless signature kind insane hilarity like one story however maybe low production wronged well course easy tasteless music could like cheap production confusing part matthew modine talented guy exactly hollywood list star could possibly thing made didnt make end light independent jest like shipment absent scene jose mexican smuggler go last thought well see end smuggling surviving little criminal brief gimmick like could materialize continuous disorder world question end well see shipment im eager see fine small comic hurlyburly atmosphere answer interested giving answer questionnaire please email,neutral
film really weird mixture genre toilet humour action one doesnt really pull stuck one genre best thing say movie dog cutethe disturbing sequence middle film moses sandler carter wayans decide stop hunting lodgemotel im quite sure point sequence seems gratuitous extreme proprietor hunting lodge charlie nerdy looking guy reason moses start conversation charlie porno jacking homosexual sex sex threesome charlies photo wife appears charlie dressed drag reason really juvenile dialogue scene anyway whole scene seems directed moment naked moses end carter gun butt charlie see window reek school boy humour homosexuality horrified titillated time dont find funny alli friend always raving adam sandler movie first one ive seen im sure want see morebtw husband account he seen happy gilmore tell quite good maybe give sandler one chancecountess skogg,biased
back youth old man wanted marry first cousin family forbid many decade later old man raised three child two boy one girl allows son daughter marry child soon sister bored brother jump bed brother one might think three sibling stuck somewhere remote island upper class european going college busy social worldnever see flirtatious moment nonrelated female two brother never see flirtatious moment nonrelated male one sister flirtatious moment shared brother sisterthe weakest part gladiator incest thing young emperor commodus would hundred slave girl city full marriageminded girl wanted sister movie incest cup tea sunshine slowly thrill end,biased
casual listener rolling stone thought might interesting film age someone born look hippy purist propaganda crap sure film made people active th expected drug galore th stone disappointed actually showed real life hard work studio much felt working get conclusion god awful film seen director film suspect follow similar style directing sort amatuerish gave feeling like tv show eurotrash badly directed tackily put together lacking real entertainment value good opinion didnt waste money came free sunday paper,neutral
violence whether real always impact film violence crass could ask great ecstacy director successfully demonstrated extreme violence people capable point violence look like mix noës irreversible kubrick clockwork orangeboth remarkable film dont get wrong im opposed screen violence ive seen nasty stuff filmgoing year film whole totally juvenile story never developed enough offer reason extreme violence rizla paper thin reason give robert demise introduction drug danny dyer play character partly responsible robert drug fuelled demise however screen less minute lesley manville robert unable cope mum sure either actor film low caliber acting wooden scene kitchen tvcook wife instance painful watch shocking finale wrote dialogue comment boy makelooks like shes enjoying trite tempt one laugh clay ardent desire bombard u harrowing image mutilated female genitals need shown detail possibly director adolescent obsession sadistic pornographic imageryone wonder young man psychologythe political meaning film repeatedly brought attention due amount scene bar outside tvcooks house war iraq report perhaps obvious opinion yes war violent social determinism cause frustration prone horrifingly violent act whether youre politics street popping e juxtaposing thing part underlying issue evading actual issue meaning violence man issue one still havent managed grasp certainly filmmy opinion derivative badlymade pointless,neutral
tvm seems polarised opinion amongst commentator page perhaps settle everything saying stupid well made television movie bad teleplay cant even decide name everyone america call linda known britain lust murder usually bad sign movie change name also point tongue cheek spoof somebody else claimed honest say plot rather sound linda paul cowley meet another couple called jeffries get well get well go holiday together make mind there wife swapping going paul see wife kill jeffries plot take shock twist writing paragraph suddenly realised large amount potential story wont say anything put premise story continues event ive described thing become unlikely bizarre production value fairly unimpressive actor playing paul cowley wooden voice irritates scene exterior interior look like theyve filmed foggy day,neutral
couldnt relate film im surprised people lauding realistic many people school victim incest many closet homosexual jock many quiet people never noticed committed suicide hmmm ok wouldnt know even really explosive problem many u never deal yet many teenager subtle problem could explored hey wheres entertainment thatwith regard girl committed suicide found exploitative actually think many people high school stage feel invisible ignored unwanted possesses someone violently commit suicide another day ignored unnoticed filmmaker decided girl would suicide make film provocative graphic nature suicide make even provocative didnt buy real life scenarioand problem student didnt fully relate bullying explored thats done death know go truly matter resolve within person closet homosexuality pfft another cliché get rolled thats thing really many clichés guessed ending start predictable unpredictability make sense youve got character explosive problem one apparently none thought point character unless shes unsuspecting suicide victim surely enoughone thing say saving grace film glamourise suicide suicide graphic heartbreaking watch powerful scene regardless contrived isand one dismisses suicide easy option film really imaginative used stereotypesnot bad certainly groundbreaking worthy minute standing ovation cannes,biased
another great film critic love problem good moviethe film premise simple nine convict escape prison tenth one go crazy tell treasure isthe first half lot slapstick broad second half character driven descent fantasy melancholythe two half simply dont mix individual scene work well guy crashing friend house new filipino bride hilarious later scene big guy working restaurant tug heartstrings simply dont mesh otherthe movie well missing entire setup one scene show guy desperately looking change deserted vending machine buy snack next scene whole crew drag sitting restaurant get dress wig crew includes big guy midget get clothes money buy meal puzzling drag clearly guy drag let face anything memorable witness big guy dwarf eating meal dressed woman mention big guy dwarf besides old guy everyone else seems blend fact wear matching white jumpsuit throughout movie movie little character development first half result second half really lack emotional punch often trying figure individual payoff scenesspeaking drag second half wonderful sweeping camera shot big emotional moment great symbolism make great film also excruciatingly slow make boring movie soul big disappointment review gush great film somewhere good luck finding,biased
needed excuse get house paint dried left movie hour return watch paint dryi dont recall ever walking movie really tried stay script cast kept going going badly come uma thurman stuff fairly lame special effect older character actor superficial horny something life sort annoying wrong feelingthis review base first hour might gotten better get home see paint dried darker shade went,neutral
reason rented article fangoria magazine article made film look interesting well isnt boring amateurishly written directed movie actor movie awful except faye dunaway always joy watch much time focused gina phillips ridiculous encounter raven duilio marzio marzio thick argentinean accent understand every couple word say also hand nicholas paul play ultrabland love interest gina phillips bottom line movie scary one good scene last five ten minute movie would given one star gave three like faye dunaway much even wasnt great,biased
isnt worst film ever made actor arent apalling script director completely inept isnt best film ever made actor arent excellent script director completely brilliantit fall somewhere middle fun somewhere enjoyable well constructed somewhereno need say dont take seriously bad good wasnt scary none comment relevant cut atmosphere atmosphere actually unique one really original aspect movie personally make film,neutral
movie well made beautiful wise heartwarming great show great peter falk fantastic even get better older get thank peter falk thank much gem movie movie entertains lot wisdom movie lot humor movie life movie meaning movie show life bepeter falk movie great oscar peter falk deserves muchpeter falk turned sincerely hope movieswalter j langbein,biased
edward furlong christina ricci excellent couple demonstrate unique charisma featured moviethis typical alternative indie movie plot feature rare situation suddenly becomes really importantpecker average boy old camera main hobby take photograph exotic habitant small town life suddenly alternative artist pay attention work hire order expose work important festival morebut pecker life change drastically fortune fame seem infuriate town people pecker main inspiration even sexy girlfriend get mad pay adequate attention herwell indie movie edge everyone may seem boring pretentious people still think worth watch offer something different hollywood typical standardsto describe word typical christina ricci john water movie thats itoh almost forgot mention full grace line really annoying geez,neutral
also saw amazingly bad piece anime london scifi festival watch thing large audience preferably beer may glean enjoyment found dialogue hilarious lodged mind introduction cremator animation awful badly designed badly executed may good idea producer hired least one person colour blindtheres nothing else say really film failure every level,biased
guy anything usual suspect total bunch likeable oddball want see get away itbut hapless little chance thatno one better william h macy portraying man big heart luckthis probably best performance since fargosam rockwell played meathead boxer perfectionand rest gang uniformly good alsoluis guzman brought great comic relief cosimoand george clooney stole every scene cameo rolethe heist scene end absolutely hilariousthe direction also spot russo brothersthere certainly coen brother feel film throughout interesting see develop careersthey long way go match coens excellent start look forward next celluloid outing yo muthas whore,biased
plot mood love simple enough married man married woman though eachother slowly develop romantic attachment one another film pace numbingly slow precious little actually happens two yet backdrop hong kong early director wong karwais keen sense capturing beauty setting well principal character make film joy watch actor tony leung maggie cheung excellent wong karwai done extraordinary job capturing feel nostalgia past something many film director try usually fail miserably many little detail add charm film trademark director color cinematography send otherwise simple story top marvelous cinematic achievement,neutral
film simply appalling talent involved made beyond human beliefiguess must boozing thought ideai feel hour life taken meharvey kietel try distance rubbish great crime movie develops gory mess vampiresi would recommend film people like sleep movie wont miss thingthe humour set appeal lowest common dominate movie uplift u remind u life worth living film depresses youas deniro said one movie saddest thing life wasted talent film perfect example statement,biased
think complete savage good tv show make many episode one favourite funny really good acting say give chance episode iknow put complete savage nickelodeon im sure many people agree like tv show good programme people age funny also like complete savage isnt always thing thing happen could real unlike yv programme advertised didnt like sound watched first time loved complete savage excellent comedy miss tv cant really compare complete savage tv series different,biased
rented film see might bloody non stop action movie got overly sentimental super cheap low budget actiondrama make kickboxer look like die hard lou reb vietnam lou save reb gook get shot head easily one worst effect ever vietnam scene shot someone backyard swear lou brain damaged reb live together bar super homoerotic lou convinced fight cage money reb go killing spree get back good fight scene punch two inch away person character personality change matter second one guy bad next scene he good acting horrid music overly sentimental frank stallone sounding song would make sick hated film,biased
may contain spoiler ok wasnt exactly good expected fact lot different thought would still turned pretty good moviei usually dont care much type music movie worked perfectly mean duh he rock star anyway loved stuart townsend aaliyah although small part movie amazingand even though tom cruise played lestat interview vampire admit glad turned role even though normally hate use different people play character like sequel stuffoverall movie great enjoyed watching even part could better great vampire movie,biased
giallo fan seek rare film well written full sort usual low life populate film dont want give anything away wont even say anything plot whole movie creates bizarre atmosphere dont know expect suspect recommended place ive seen get film english european trash cinema,neutral
reviewing movie extension love filmand horror cinema particular review ive written thus far film love respect admire eagerly rewarded glowing accolade perfectten rating lifelong horror movie fan tremendous pleasure able share others thought idea great horror film hopefully hand exposing people movie may otherwise seek recently began reviewing film imdb initial intention concentrate personal favorite examining believe substance lasting value horror genre however existence film like graduation day without pun thorn side completely devoid merit whatsoever hodgepodge unformed idea amateurishly directed poorly acted every sense unmitigated embarrassment horror cinema brief couple year movie release saw appearance domestic canadian film halloween ii prom night terror train madman bloody valentine prowler dawn final exam hell night among others film though varying degree quality clearly strove achieve something term story line plotting acting direction overall tone every movie released bountiful season slasher era would artistic merit commercial success original halloween friday th film wellmade clearly contributed ongoing development horror cinema graduation day abysmal farce masked killer stalking member high school track team directed herb freed one hope never attempt besmirch horror genre travesty task creating worthwhile horror film best left genuine love respect genre movie fails miserably every possible level least dreadfully wooden performance dimestore special effect irritating musical score story lacking even slightest hint tension suspense pointless exercise waste film graduation day utter disgrace horror cinema,neutral
spinal tap funny knew little heavy metal saw injokes place know anything porn mock documentary leave cold everything ring falsespinal tap funny took familiar world pushed top film decidedly funny paint picture porn made bear relationship real worldthe acting uniformly awful would matter much core idea movie good,biased
carrier follows exploit two guy two gal stolen mercedes word road warrior hood hightailing highway beach surfboard strapped top car brian chris pine star trek driving girlfriend bobby piper perabo coyote uglyhas shotgun brians younger brother danny lou taylor pucci fanboys friendnot exactly girlfriendkate emily vancamp ring occupy backseat quartet twentysomething character living nightmare apparently viral pandemicwhich codirectors coscenarists alex pastor david pastor tell u absolutely nothing abouthas devastated america naturally lack exposition shave least fifteen minute would slowed cynical melodrama human degenerate crisis become worst enemiesthis lethal virus give shingle bleed die everybody run around wearing white mask strapped nose mouth thin rubber band initially foursome encounter desperate father frank christopher meloni runaway brideand cute little daughter jodie kiernan shipka land lost blocking highway suv brian swerve around frank try waylay process oil pan mercedes rupture wind foot reluctantly hitch ride frank seal jodie rear suv wear mask nose mouth speckled blood frank heard doctor curing ailing people hospital head sadly somebody lied frank hospital physician giving last couple kid koolaid put misery cure improve condition everybody else town dead kate try without success get dial tone every phone frank realizes hope daughter let heroic quartet appropriate suv take offindeed carrier qualifies relentlessly depressing movie effect pandemic four sympathetic people degenerate homicidal murderer protect reach country club frolic around golf course another four show suit mask pumpaction shotgun incredibly protagonist manage escape without getting shot brian scare almost fall water floating corpse eventually discover one become infected later run gas brian block highway like frank outset danny try stop pair older christian woman driving car danny lie pregnant wife give birth need help brian throw caution wind blast away lady automatic pistol refuse help brian catch slug leg passenger kill nocarriers beer pizza movie either laugh laugh humor virtually nonexistent end minute movie hero turned villain care plight chris pine make quite impression funloving brian energetic performance reason hang hokum wellknown actress piper perabo relegated inconsequential girlfriend role bobby make tragic mistake showing compassion dying little girl pay awful price testament pine performance change character point putting others essentially pine role give ability pull oneeighty happygolucky guy heartless guy two director spanish brother never let momentum flag since relief sight carrier sink predictability irréversible cinematographer benoît debie fantastic job widescreen lensing unsavory road trip becomes debie make look like dynamic film aside lack happy ending closure sense word carrier suffers horribly cynical scene german shepherd attack danny conjures suspense even could improved unfortunately pastor brother scare either much tension suspense fadeout really dont care happens anybody,neutral
mummy curse last series kharis mummy film seems creativity run somewhat dry time made one kharis mate ananka end bayou louisiana resurrection search beloved princess end louisiana isnt made entirely clear various people trying find viewer assured mummy murdersthe mummy curse watchable really wasnt anything special feeling throughout movie id seen quite frankly apart original mummy boris karloff mummy movie favorite among old universal horror theyre bad get bit repetitivethere great scene movie scene ananka coming life swamp instance overall didnt much meits worth seeing want completest see mummy movie otherwise might want pas one,biased
film scaring since first day saw itmy mum watched telly back remember woken middle night tearful ramblings dad helped stairsshe saying something like dont let get something like asked made upset told shed watching woman blackso obviously watch even though eleven let scared ive immune horror film since watching,biased
remember wooden undramatic literary adaptation worst see broadly acted unintentionally hilarious piece chocolatebox adaptation culpable catherine zj undeniably easy eye substitute swishing big dress looking sultry actually turning performance played pofaced like melodrama cold comfort farm without joke effort helped scriptwriter tin ear dialogue miss entirely novel sense irony tragedy shame given quality acting talent offer joan plowright claire skinner steven macintosh deserve better,biased
story ed gein interesting interesting movie however interesting fact actually made kane hodders portrayal ed gein far even slightest bit funny ed gein behave psychotic public calm collected always extremely polite everybody talked anybody would listen one major thing movie failed show audience biggest mistake movie side even one frame ever shot ed never killed anyone without told dead mother thought speaking beyond grave killed people dead mother said god remorseful though didnt stop experimenting cannibalism wearing people flesh officially gave movie rating simply wasnt given optioni highly advise stay clear movie want see movie accurately depicts ed gein doesnt try put subplot love story cop fictional woman never existed highly advise see original movie unfortunately seems imdbcom though could wrong yet find original doesnt stray actual event doesnt try twist story understand telling story different perspective movie tried straight change true story something find horrible someone made movie based gave twist canada behind wwii movie saying hitler good guy helped fight nazi,neutral
ive never seen original movie others commented perspective movie without comparisoni found message movie worry right world everything fall place lover love friend respect like employer want pay even child parent love morei find message reprehensible totally falsekudos funny birthing scene end isnt mother wont laugh sceneoverall disappointing movie plot didnt find rooting anyone movie thought pathetic self absorbed individual didnt care happened thats movie people want see,neutral
film based novel john fante could someone please tell see absolutely reason fine book adapted way want make romantic melodramatic hollywood production colin farell selma hayek could possibly make connection ask dust novel wanted make story film would want make romantic melodramatic hollywood production colin farell selma hayek dont get itthe adaptation story poorly made read book liked im almost sure wont like towne beginning film youll maybe find casting odd acting bad cinematography bit overdone hope best really hoped lot film actually wanted good get worse simple whether read fantes novel good film another romantic melodramatic hollywood production combined bad acting lack structure course plenty shot colin farells naked butti could complain lot film waste time ive seen alright see like book much curious im disappointed colins sweet little mustache end film sweet worn whole time id given,neutral
bought toy story tape came video released theater saw trailer said creator toy story soon saw knew gonna good feature right bug life like toy story great story great character great animation favorite character dim rhino beetle voiced brad garrett hemlich caterpillar voiced late pixar storyman joe ranft favorite scene slim walking stick david hyde pierce lift hemlich trying distract bird hemlichs like hoo mr early bird nice tasting worm stick slims like im going snap im going snap died laughing scene big fan insect think bug life favorite pixar even though know lot people consider worst pixar film ever dont know could hate pixar film think theyre pretty good film good job pixar,neutral
victor sjostrom grandfather swedish cinema directed stark existentialist film atonement betrayal death forgiveness guilt redemption bleakest moment human condition star david holm goodnick responds moment kindness returning drunken way later bargain soul driver phantom carriage deathunlike many silent film period film nearly absent scene overacting pacing becomes tedious overly familiar dickensian narrative however examining film retrospect comparison others time daring unique film audience time exposed subject matter cinematography tremendous symbolic accompanied double exposure effect multilayered flashback genuinely creepy frightening film youngster surewatching film easy see later influence film swedish master ingmar bergman great bergman theme full display sjostrom course later starred bergman masterpiece alienation loneliness wild strawberry would sjostroms final performance actor sjostrom based script novel swedish writer selma lagerlof star,biased
ive never really sure whether liked documentary shown channel cut version revelation revelation video tape uncut show documentary basically friend bill saying great hour video clip show mixed bit like trailer film youre watch also feature david letterman grovelling like worm dumping bill show died reason bill made joke prolife people picket funeral letterman prolife advertising anyway look video revelation bill ranting best,biased
person wrote glowing review misguided project must related writerdirectorstaror fact person defies rational thinking movie would appealing anyone connected tightly woven inner circle want make movietell story entertain draw vivid character sure artfully without bowing commercial element designed mass appeal however address element artistic expression vacuum audience continual struggle grasp skimpy narrative thread im moved dreamy psychological thread make concrete fabric easier buy,neutral
ugh bad bad bad seen worse gave instead got finished watching movie thought rotten flesh dr chopper face worst line movie like introduce someone meet inner btch consisted lone survivor fantastic group throwing trash dr chopper falling stage second worst line im park ranger thats gonna fck freak aint even cop anyone else notice everyone instantly dy magic gut stab one dy quick gut stab know cause see frequently operating room except super park ranger dude like bucket blood poor wound writhes around floor come finale take parting shot dr chopper inner btch lie cowering floor dont beat doesnt even decency die like everyone else inner btch help limp outside proceeds tell die run help cause he like friend left alive since two become friend dont think frantic meeting wood tell head city qualifies getting know time whatever watch movie there nothing else nothing else time,biased
first came dad brought home amazed different anything seen looking specific movie last night found mind eye box falling apart surprised tape still work although finding nemo quality graphic still good sell landmark computer animation imagery highly recommended,biased
first let say wanted see movie year knew angelina jolie love love nothing opinion movie anyhow video store carried low behold local library watched absolutely loved yes italian stereotype done well funny degrading wayevery actor actress superb job laughed hard sexual humor overall think movie well worth seeing find adorable plain fun watch rarely rank movie give one go find watch,biased
would enjoyed movie slightly jason herb evers constant harping experiment many early reviewer seven samurai accused toshiro mifune overacting yet critic viewed film saw purposefully done jason evers obviously toshiro mifune overacting exactly thatmost actor b classic rather good actor minus evers showgirl watch movie would noticed evers shouting almost every line smoking blowing smoke coolly nose special effect par course b movie one hindsight isnt much stand mind fantastically good bad movie,biased
first read pearl buck splendid novel ninth grade history class enjoyed every thrilling page almost inevitable hollywood would get hold considering made result excellentcertain thing accepted question casting asian actor major hollywood film way render end product rather interesting able use authenticlooking castwith obstacle overcome executive producer irving thalberg director sidney franklin among others took trouble handpick splendid stellar cast paul muni play wang lung muni peak power actor period could nearly play anything put mind get past makeup good one going really mistake chinese man performance verisimilitude best workthen luise rainer coming oscar win previous year performance great ziegfeld viennese actress star rise given plum role olan despite lack experience hollywood performance second consecutive oscar first time history happenedmuch criticism leveled rainers performance oscar win called wooden onenote small grain truth however said need go back book rainer though chinese played olan pretty much buck wrote fact splendid performance one best transfer book screen ever witnessedas rest cast well mgm biggest roster star character actor hollywood time big budget pay best end got bestthe film softens wang lung marriage olan somewhat novel wealth come lust flesh take concubine move devastates wife feeling mere woman concern film contrite wang lung return wife deathbed two pearl taken year realizing late true lovecorny yes thats hollywood considering obstacle film might well opened scream laughter despite noticeable dearth real asian cast film worn surprisingly well passage seventythree year fact amazing thing film good might easily disaster,neutral
acting horrible film make fast furious look like academy award winning film throw boob butt try keep interested despite extremely weak far fetched story reason people internet arent even downloading movie movie sunk like iron turd waste time renting even downloading film always permaturd dumber watched fact title referred permaturd calling film travesty insult abhorrent abominable appalling awful beastly cruel detestable disagreeable disgusting dreadful eerie execrable fairy fearful frightful ghastly grim grisly gruesome heinous hideous horrendous horrid loathsome lousy lurid mean nasty obnoxious offensive repellent repulsive revolting scandalous scary shameful shocking sickie terrible terrifying ungodly unholy unkind,neutral
ok say actium maximusthere bad movie horribly awful circle round awesome bad movie suck right good movie soso movie movie fun there actium maximus cant make spoiler movie would understand action enough comment particular movie worse turkish star war one sequel movie bad circle round awesome make feel drunk even youre stone cold sober actium circle round bad awesome doesnt stop take another trip badville round awesome finally set little feudal kingdom border bad stock footage paint drying harpy scream incoherently self punishment movie actually cause brain hurt,biased
fine romantic comedy errol flynn show deft touch comedy possessed talent probably show true prankster self comedic writing film excellent eleanor parker nice job flynns ex wife errol trying win back eleanor also easy eye set exude glamour style appropriateflynns comedic timing wit displayed full effect watch double take ability verbally counter punch snappy comeback act straight man total believability sincerity required guy could act shame errol get chance role like throughout career multitalented extreme enjoyed happened one night gable colbert william powell myrna loy comedy enjoy thiswell paced lot laugh lost diamond movie,biased
poorly acted poorly directed congo unsuccessfully try recreate feeling jurassic park truth book wasnt great either still movie first problem tim curry character added second problem talking arm added main problem though cast member dont create realistic character guarantee movie make think killer gorilla anywhere earth also starring laura linney happy birthday laura dylan walsh ernie hudson grant heslov joe baker james karen bruce campbell im guessing dont wish emphasize movie resume,neutral
comedy moral occasionally gentle touch bitterness occurs lightness soften sarcasm irony flow till sudden one moment halt heart change everythingthis film marvelously written directed gem shine perfectly beautiful acting jeanlouis trintignant exquisite usual romy schneider pearl perfect glowing missed truly wonderful film,biased
highly original decent movie brave move involved dont care well puttogether movie time fact eddie murphy something nonformulaic dont know happen next make favorite mine wish movie imaginative one rather old formula entertainment,biased
naturally didnt watch gi jane choice less forced watch film round exgirlfriends housegi jane loses credibility straight away trying convince viewer potentially real scenario course isnt result story becomes automatically bound constraint restricting amount humour none entertaining action scene soon becomes serious film therefore becomes extremely boring predictablegi jane fails action film succeed mainly film james bond dirty harry various others larger life yet never proclaim otherwise escapism therefore entertaining gi jane try real failsthis disappointing film ridley scott noncredible storyline unremarkable acting reason give instead technical work,neutral
shame movie didnt get play theatre rich textured love story believable alltoohuman character busy gaming protecting heart recognize real thing experience one pleasurable aspect movie setting chicago among hip artistic literate middleclass africanamericans discus poetry music literature another royal fineness larenz tate even half fan need see film boyish cockiness vulnerability perfect role darius nia long also shine nina longs tell darius love afraid break rule great movie watch curled couch sweetie,neutral
spoiler alert son review movie wanted posthe wrote swearwith malcolm middle frankie muniz nickelodeon amanda bynes get go show business team actor paul giamatti stole jason shepherd essay big fat liar make movie jason frankie muniz kaylee amanda bynes go la get back jason dad believe wrote essay every time see jason asks wolf paul giamatti give jason dad call want essay back wolf make movie president company make end family kaylee see movie made wolf picture based real story written jason shepherd,neutral
final installment see sho aikawa riki takeuchi looking cooler ever reversible overcoat pitched one last battle time future plot owes lot blade runner done takashi miikes low budget frenetic comic style feel weakest three doa film although ending still outrageous lacked shock value previous two compared like ichi killer visitor q doafinal nowhere near extreme faithful two film trilogy said fan first two fan miike get lot tie three film together give final explanation relationship two protagonist,neutral
bar hopping seems trying stereotypical bar tender lay shrink serving pearl wisdom followed example vignette played cast however turkey jumbled mess script full simpleminded cliched nonsense hard follow herkyjerky flow unsatisfying worth time,neutral
saw movie last weekend silly mindless ancient curse turn man mummy pajama victim scared senseless run slow moving old man drop torch shiver instead attempting ward orduh burn quentin alias mr fabersham honeymooner married diane brewster alias miss canfield leave beaver fame unhappy marriage wow love plot rest cast follows tomb wait scream react run aid egyptian girl bad looking lend much film mummy really curse unleashed hold torch universal mummy film leastwatch movie need sleep dose,neutral
thought called movie white instead height godawfulthe kind film make people hate new yorkers people self obsessed think life importantgive break lily white cast glenn close ethnic character film cry someone real come steal itand introduce get character even whiter rest cast thought albino firstwhos supposed welshim still trying decipher accent intellectually dishonestthis movie kind film thats able fool many people thinking worthwhile trapping something ambitious better fill theater mi pretentious crapmust better play cant fall floor,neutral
sequel one asked movie one wanted obviously many flaw movie name ill concentrate acting mile okeefe would better suited play spritely asian sidekick thong mainly would dialogue lisa foster delivers line displaying one emotion dullness charles borremel brings life part pausing every five word finally flamboyant john saxontype guyno comment neededsee conan barbarian need dont waste time lowbudget loser,biased
infamous ending koen wauters career came attention night bad taste judging comment index wasnt first last person western europe learn musician undoubtedly one best contemporary pop scene even dutch agree tried actor whether made attempt cannot judged intensive care he quite likable seems uncomfortable flick participating one blame deserves ranking verheyens hall fame mean standard story murderous maniac supposed died accident alive wrathful told dozen time even without original twist director deliver mediocre story innovative setting cinematography ic content hospital wing couple middle class house pace dull tension loos last bit credibility musical score every appearance murderer accompagnied tedious menacing melody followed orchestral outburst murder largely suggested case bloodless small budget make sex scene gratuitous least appealing couple amsterdamned could made work though dealing couple subject whole subplot wauters girl work effective emotional connection could established screen fellow victimstobe loosen nerve halfway physical intercourse even grant cast member dignity mentioning chopped tiny greasy piece matter fact one recall obvious genre pretty nurse two cop hence slasher cavalry come time need rescue anti hero take villain mostly clever thinking former red beret dont often get part film might overcome illusion invincibility surround killer translated event wauters kill doctor save dame distress people finished story go wauters make heroic attempt get beaten fury come close clockwork orange girl pick driller killer act pierce doctor brain though method ensures killer death usual round mm bullet doctor survives order enable ic reach min marki made point intensive care bad movie enjoyed bad taste lover verify verheyens catchy statement make way try sit example unintended parody value doctor clown mask halloween final confrontation park chase end friday thhowever let conclude giving overview measly element give ic little credit george kennedy one endure horrible monologue fellow doctorfrench actor look horrified let go flame order tag big name standin could played naked gun part end beef longer screen time finale may one never seen maniac brought launching firework gut order crush flexible fence good laughname one good truly point intensive care koen wauters learned lesson devoted entirely musical career make wonder many edition parisdakar race abort coming sens,neutral
tv right long enough finish panning comment previous comment let know movie get better matter much hope pray concur movie colossal waste time would timeit going get better cant believe screenwriter atlas shrugged hope improved millionfold see credit resume good review im still convinced familiar work please post something really want see atlas shrugged would hate guy turned garbage movie turned,biased
looking movie listing area yahoo seen movie advertised looked closer noticed peter falk paul reiser watched mad fan paul reiser however big fan peter falk spouse took chance swept story beautiful scenery heartfelt acting sense family moral value seldom seen movie world today sappy emoted junk real life situation real lifelike people even say paul reiser excellent although still wont watch mad dont know movie gone heard put limited release shared world one finest movie seen,neutral
big fan movie usual reason think travolta winger performed higher average rate think set representative location era liked sound track charlie daniel band however think photography amazing since interior scene filmed actual club gilleys low ceilingsperhaps foot high smoke supposed simulate smokefilled bar hung foot ceiling camera managed get shot smoke focus actor bull bar woman dancing lowlevel light actually bar feat sure auxiliary lighting order maintain atmosphere bar lowlight shot ray villalobos camera operator outstanding got shot hope achieving impact brought sense reality film thanks raygreat work,biased
alright got passed horrible acting got passed fact lil kim blasting cannon arm hand werent moving got passed weave got passed colored contactsthis killed scene four rose sitting table arguing lisaraye monica calhoun stand lil kim get break hostility saying whoa whoa whoa hold let chill hot second fan western movie genre never heard anyone talk slang like clint eastwoods moviesif anyone think movie deserves rating please tell another movie thats worse gang rosesim,biased
im follower certain movie genre classify movie industrial nonindustrial valentine second industrial movie director jamie blank urban legend unlike urban legend screenplay story line weak yet unlike urban legend basic element movie dashing iconic make valentine best first basic iconic element growing hatred serial killer downtoearth since secondary school year grown wound accumulated soul classmate girlfriend made fun concentrate enough first element watching movie come see point view humanism noone entirely good evil fact somebody known evil secretly kind hearted story line direction weak satisfied deserved second iconic element course magnificent togetherness late super starlet favourite jessica cauffiel killed within coolest way killed arrow shot bow broach tummy stay stuck playing hideandseek blind date never able met katherine heigl first starlet getting killed biology laboratory trying hide human body model lying surgical operation table denise richards killed third found valentine day gift whirlpool bath jessica capshaw killed last confidential unseen way calumniated serial killer marley shelton unluckiest one vicissitude fortune going killed within confidential way never know cause movie coming end getting killed finally benita ha luckiest one since classmate serial killer david boreanazthe third last iconic element soundtrack blind date labyrinth scene valentine day celebration dorothys house scene ultimately killing theme everybody loved soundtrack far know hard rock never suit better within serial killermystery movie,neutral
loved episode great team stop luthercorp save world also love episode kyle gallner bart allenimpulse justin hartley oliver queengreen arrow guest starring hope clark join justice league well get follow group hero across globe really exciting keep viewer interested happen next think chloe also join team watchtower would coool thing besides daily planet doesnt super power also want find type subject lex going use wonder type power people world,biased
golden era disney cartoon dying time end show quack pack shouldnt even considered ducktales spin show barely anything ducktales teenaged huey dewey louie make trouble uncle donald talk hiphop lingo fully dressed unlike ducktales prefer little adventurous nephew ducktales human duckburg duck animal living duckburg there reference scrooge mcduck story repetitive plot boring animation good want lot slapstick humor recommend want better disney show watch darkwing duck ducktales,neutral
ive heard comment particularly prisoner war changi historically accurate disappointing perhaps actually live stuff much worse rest u really idea prisoner treated japanese world war ii changi remarkable introduction changi isnt war documentary historical accuracy aspect would paramount miniseries drama fictional character fictional situation though based loosely actual event ive heard read centre story ideal mateship group young australian soldier taken prisoner japanese held appalling condition year became mate adversity strength friendship continued throughout life war also cultural study difference japanese time western world music game entertainment part becoming clear japan lose war germany surrendered europe japanese prison camp colonel insists country must study culture prisoner order defeat people one must defeat culture one must understand australia continues rich tradition producing exceptional television miniseries unrivalled world leader regard vyeing afi award changi brother jack adaptation george johnston novel also worthy winner miniseries recent year include day rose story investigation glanville train crash king grass castle adaptation mary duracks historical account pioneering ancestor kangaroo palace group friend country town australia travel london change grow apart somewhat disappointing adaptation bryce courtenays powerful novel potato factory less recently nancy catos sweeping saga life murray river run cusack james brilliant novel postwar life sydney come spinner colleen mcculloughs outstanding pioneering saga thorn bird river king ruth park novel harp south bodyline eureka stockade anzac etc etc course notsogood production instance moby dick die beach thorn bird missing year etc generally though australian miniseries come way make sure see go double changi superbly directed masterpiece rating,neutral
great gangster filmsam mendes directed beautiful movie showing another fatherson camaraderiebrilliant starcast leading tom hanksmichael sullivan done terrific jobgreat acting againhe acting legendgreat acting paul newmanjude law daniel craigcasting goodthe plot quite goodyou enjoy moviea great portrayal gangster sset sthis surely stand zenith gangster movie erasoundtrack pretty good apt moviea great flick totality showing father protect sonway underrated likingdeserved fully deserved,neutral
seemed great year satire duck soup instance one fit well even though obsession contract bridge tone like humorous piece new yorker appropriate since film begin going town page magazine thing odd casting made year later william powell myrna loy would perfect however wouldnt adultery handled sophisticated fashion young beautiful loretta young shear slinky outfit group prostitute listening bridge contest radio even know nothing bridge may still want check rare example hollywood satire,neutral
good movie absolutely unfair judge without taking account time released movie get older clearly date however saw film boy twenty year image story unforgettable friend could appreciate dvd actually remember movie topic several chat meeting old boy talking thing common therefore little feeling disappoint even sadness finally dvd firstly theory naif generation secondly think something would asset movie something interesting modern film maker specifically focus decaying horror genre mutilation idea give coherence film fact human mutilated produce deeper horror death torture remember sick sensation monster rip kurts arm end creature bite doctor neck take piece vein another remarkable thing morbid atmosphere prevails without decaying intensity scene matter action secret lab lonely street man car looking female body striper dressing room may reason longer good movie technical thing example scene accident man saving fiancées head accurate work made another modern second unit director could interesting thing action scene including one kurts arm furthermore something could done monster make remake good think case attempt would worth nevertheless black white tone conserved,neutral
always loved old movie one top ten favoritesit charm quaintness good old fashioned romance hilarious boot barbara stanwick play independent single woman writes cookinghome life article famous magazineunder premise married homemaker even president magazine delusion enter handsome gi played talented dennis morganjust rescued raft along buddy simple wish stay homey inn writes eloquently relax famous homecooked meal frantically find way save job reputationadd fiancé hurry tie knot doesnt help humor superb chemistry leading character lot fun throw characteractor nicknamed cuddle fit name completely becomes even adorable become mustsee movie snuggle cup cocoa christmas season wonderful enjoyable movie enjoy christmastime anytime,biased
movie two brother supposed alike way expect smart one surgeon able write computer code genius like call sound exaggerated compare personal characteristic perceive material titlei honestly didnt like style movie believe anxiety confusion deep blue brings purpose dont get much movie cheap scene tell story basically human aspect give comic book like experience however visually numbing viewer somehow brings inside blue brief dialog monotonic scene dynamic cut music abrupt noisesthe movie storyline simple whats going dramatically pictured long minute mostly confusing delirium simulating effect drug use dynamic cutsi say openly movie didnt meet expetations tiny bit,neutral
could rate zero would coming someone like shockexploitation film time water overall must say uselessit nothing serf nothing idiot camera urge prove cleverness rebeling social standard come asits entirely amateur principle execution doesnt point digusting sake disgusting obscene wit neanderthal uselesssomeone said water probably chuckling bad press disgust others gave film made short film depicting man bathroom taking sht ten minute straight surely would receive accomidations would proud chuckle would unintelligent resort say ha take censor mainstream im rebellious ill whatever want film nowaters shouldnt proud mess fan water shouldnt watch useless without useits doesnt even fit criterion art art saketo like defend movie defend something designed purposely anticulture pushed mainstream audience modern term film hot topic filmsuseless obsolete poser film demand acknowledged rebellion,biased
code one scifi movie government control allowed love fact punish try procreate wrong person have havenots live completely separate territory power remove memory etc weve seen stuff thats ok movie original kind premise always fun contemplate unfortunately imagining future interesting actually watching code character boring rarely say anything interesting maybe thats commentary dehumanized future still dull watch sloooowat time imagery nice usually coupled evocative soundtrack look like glorified perfume commercial code also sometimes us kind television camerawork find annoying know two character talk camera artlessly float one side two second later floating side vain attempt keep attentionmy friend liked movie tried get watch probably would unless agreed pay,biased
amidst many problem make dire piece celluloid stupidest plot device recent cinema history richard gere determines jackal real target form revelation work anything come doubt he going first lady film blow chunk,neutral
direct cinéma matter fact opposite second installment filmmaker gatlifs gypsy trilogy french work produced michèle raygavras film masterpiece pure documentary fiction mean instead gatlif chosen different location route india spain wherever rom people strong presence help art director staged several musical number tell u gypsy live sing dance struggle survived movie may strong opposition question hypothesis rom tribe indian origin mostly challenged see direct link hebrew way come surprise also persecuted nazi anthropological argument work great beauty strong color wonderful singing dancing,neutral
man white suit another feather cap expert scottish director alexander mackendrick whisky galore sweet smell success star film alec guinness whose comedy include kind heart coronet lavender hill mob guiness brings usual class film make much typical comedyin fact comedy isnt entirely overt end picture nearly become complete drama sort ealing studio comedy calculated produce laughter sense general amusement like best british comedy timethe whole idea suit isnt original way executed film highly original recommended fan guiness britsh comedy,neutral
voice person finished watching second season rome almost one go grabbed opportunity see happened next film conveniently take rome end find rome abomination foul mouthed screwfest little historical accuracy might enjoy imperium augustus feel rome good thing enjoy complicated intrigue ambiance decadence work actor imperium obviously appear overly timid superfluous tedious soap opera many redeeming factorsthere actor taste look somewhat better rome especially disliked rome image cleopatra drugsoaked sex addict must great deal strength dignity woman actress imperium suit part much better otoole rampling good others come know love atia super cool bitch youll find depiction imperium tearjerking mother goose apron absolutely ridiculous supposed bitchy character imperium actress rely heavily upon staring men nothing much youll find interesting female character epic there also painfully comic maecenas see screeching drag queen even though little historical evidence he referred effeminate pleasure annalsthe interior rather meager rely clichés upon clichés cleopatra big hall look like something computer game childrens play room egyptian theme park there looooooooot really poor graphic standardsthe action presented series flashback aged augustus reliving get quick look historical event presented well whereas disproportional amount time wasted show livia eternal flame augustus affair doesnt sizzle even moment dialog superlame everything seasoned tacky tearinducing musical score whatever amount reality show aim capture every last shred destroyed dry synchronized dubbing actor non english speakerseverything lukewarm epic true historical accuracy rome dramatically speaking plain boring character lack depth dialog sharpness camerawork often reduced static shot lighting offer nothing please eyetheres really noone love noone hate imperium regardless whether liked disliked rome much better film miniseries around ancient rome rise fall empire would one thing recommend,biased
enjoyed still crazy film seen year successful band decide give another try start playing gig seedy european venue hilarious result music fantastic script acting terrific character spot especially lead singer high heavy metal voice makeup personality problem concert end unreal go see preferably cinema good sound system,biased
thing great movie title case snake plane example judging book cover title say nothing movie went theater wasnt expecting citizen kane expecting independence day movie thats pure popcorn fun instead got horrible roy liotta movie called turbulence yes bad soap thing make soap better title even apporiate title movie wasnt even glimpse snake plane minute movie false advertising wasnt title soap would another unforgettable cheap bgrade summer movie r rating undeserved r rated movie time maker movie add f word make r violence kept pg level know whats really r rated r rated superstar edge see summerslam instead waste money snake,biased
dont understand many given film upward star understand lower rating reason sure may zombie flick splatter thats im hater zombie film awful really actually call like zombiesoap thats acting production well okay barely attempt plot development awful acting silly effect clichés abrupt ending go ahead like zombie movie dont ever give honestly though reason want watch movie laugh seriously,neutral
starz free weekend switched station see movie howling ii acting terrible eye candy great sybil danning marsha brown afore mentioned eye candy laughing lot scene sawmy friend wonder never want go horror movie saw film would know would get thrown laughing hardjust couple trivia note reb brown played ben white played captain american made tv movie marsha brown mick jagger inspiration song brown sugar mick great taste woman sure,biased
story film truly remarkable virus cut loose human race survived thing know animal rule land poster everywhere say twelve monkey thats right human race hide underground sickness killed billion people apparently animal contract disease day day present scientist try discover type sickness caused created nature mere human created know bunch animal running around city death began twelve monkey something least thats poster say current convict named james cole bruce willis sent volunteer get sample volunteer work asked sent back time year figure happened world cole accepts story twelve monkey beginthroughout story time machine get date wrong quite time time middle war throughout time traveling back forth start mess james head twist story whole story well done would gave higher grade wasnt ending personally didnt like ending movie disappointed expecting explaining ending happen isnt everyone think way gave everyone opinion would give whole acting film give bruce willis great role act good brad pitt completely excellent acting great get character well never really cared brad pitt till saw fight club character similar film little insane film overall think film completely worth checking people great science fiction film dont think masterpiece,neutral
movie represents time made much original suppose really sad deeper level title vanishing point original ironic im sure wasnt intended way original filmed released real vanishing point end era pretty much ended early remake countercultural element stripped away rendered pc attempt reach broader audience presumably sanitized protection inserting american indian scene gratuitous idea noble purpose trip subtraction addition im glad watched however made appreciate original much original cult classic golden remake dreadful,neutral
knew even aired ron moore miniseries battlestar galactica thats fine mean must stand cant lean battlestar galactica good good merit ron moore something proud report true moore wanted however miniseries rot shamed excellent actor performed onscreen mention myriad offscreen personnel he doneyes miniseries remake wouldnt even call reimagining new production inspired battlestar galactica take place galactica universe place jargon technology doesnt tell galacticas search thirteenth tribe rely legend mystery underpinned galactica ron moore miniseries spaceopera action flick ceremonial nod battlestar galacticamaybe say another spaceopera action flick plot go little thats original even interesting could relay whole thing without spoiler warning wont inflict ill hit important point ready watch trailer tell everything storyyes creation man turn man seek destroy man guess forgot azimovs rule look like human there whole aliensamongus thing least there timetravel oh lot fighting scene random act sex violence end result moore draw galactica ceremonial nod came corny respectful mean couldnt even think anything ownfrom first minute wanted watch something else didnt care moore character since couldnt identify fact hit face cylons began attack armageddon planetary scale didnt give damn depressingmoores hero faced insurmountable obstacle instead overcoming rather tucked tail saved butt way save humanity yadda yadda yadda took safe way rather risking life defend others least disgust apathybut end ron moore miniseries activity without purpose movie treadmill forever running yet going nowhere wanted time lifeforce sucked turning mindless soulless zombie probably type miniseries would appeal needed replenish needed toand swear truei needed watch episode babylon two episode fact felt much better happier,neutral
dont understand exaggerated good critic film except lot people venezuela understandably excited based venezuelan cinema really bit behind country regionthe movie first repetitive lot scene almost identical leading role get impression time filler time filler also good point movie definitely long minute start get tired watch clockall actor quite bad exception venezuelan guy edgar ramirez brings bit slapstick play role venezuelan recruit pedroby way representative movie people region caribean zone tends ridicule,neutral
movie cure start find young man named erik brad renfro erik teenage boy living paranoid mother living next door young boy named dexter joseph mazello one day erik dexter connect head supermarket dexter get first taste butterfinger erik learns dexter aid try leavesandwater tea make better front cover national enquirer say new orleans doctor found cure aid two boy stop nothing get new orleans curein opinion cure easily one best friendship movie ever made show unconditional love boy new best friend best friend mom everything well done nothing need changed give fantastic friendship movie also sad humorous fun aid movie tragic finale dexters contraction aid enough make shed tear well done,biased
maybe get better wouldnt know made first twenty minute cutting entering period mourning obvious plot familiar one man paul lematt professor entymology columbia drive dog small town ohio search ex wife diana scarwid encounter people either ignore hostile oh may smile there something going underneaththat sort arrangement home turf movie maker viewer alike pregnant possibility turn neatly drawn commercial success like bad day black rock would made probably make nice twilight zone episodethe cast includes seasoned performer well formerly prominent name kenneth toby veteran science fiction superficially amiable motel manager diana scarwid give impressive performance say silkwood others range limitedbut poorly directed shabbily writtenexample shabby direction dog lematts disliked kenneth toby right bat lematt walk street toby sneak window room peer dog something zap cut lematt street hears dog howling away pov shot presumably dog zipping along towards lematt past wind blow lematt gawk camera cut identical shot coming direction whatever camera represents whatever lematt staring never shown maybe nothing suddenly wind stop lematt alone street looking little bit puzzled never brought dog first place remark smiling toby porch question hell scene example shabby writing well two example sit write stereotypical waitress smalltown diner without exercise craft whatever youd come expressionless babe hair piled top head chewing gum sauntering among table right anything resembling believability thrown window favor special effect lematts car chug halt explodes waiting fixed garage chugging halt believable exploding supernatural even edgar allan poe would endorse eventand invader think modest masterpiece like invasion body snatcher something going wrong dr kevin mccarthy small town take half movie mystery unraveled time suspense building doubt growing twenty minute movie stranger walk motel room tear plastic face revealing pulsing lightemitting naked brain pregnancy abortedi wont tell ending dont know care suppose something insect else would paul lematt entymologist way who handling class im even sure bug involved entirely possible bug business adventitious writer may made specialist insect forgot wouldnt surprise,neutral
stupid getsa classic case twodimensional character always act exactly contrary sane person would situation reminds scene scary movie carmen electra flees killer two sign one marked safety one sure death reciting memoryand like scary movie character always run direction marked sure death oh girl start fire teller booth hold door shut prefer die fire instead killed guy oh cutting overpowering driver sit seat watched wounded guy instead plain shooting least knocking running friend killing minute yet scruple oh hundred thing movie road could drive single yard hole everything farfetched starting physically hurt timesadd mercilessly overplaying actor small budget here get looking rating comment get feeling people watching entirely different moviethe one thing missing really infamous red toolbox movie similar unrealistic plot stupid behavior character,neutral
ok one thought trailer quite good hopeful film plus cast line sure couldnt get less book however got annoyed half hour story normal film get good film hit rock bottom spoiler guy everyone trying help caring people getting hurt middle hustle turn colleague save tramp lock inside one armoured truck constantly try get people attention end endangering people long story short outcome responsible tramp death also police officer getting shot kidnapping younger brother oh colleague dying disgraced death end happy came sens halfway endeavour colleague dead rather sticking plan millionaire film tried politically correct make sick ruined good story shame really,neutral
say movie guilty pleasure loved flick dont feel guilty tell whole cast crew fun making movie jack frost wont go well people right beginning tell movie cheesy definitely amateurish look well get privilege watch movie watching remember jack frost revenge mutant killer snowman pleasure guilty pleasure cant fill ten line here great scene spoiler three woman beach great death first one jack tree trying drop icicle one kept missing dropped anvil next woman fell bed icicle last one stabbed eye tongsthe great one two surfer stoner hanging near frozen pole one get tongue stuck course jack frost pull back rip tongue saying cowatonguea dude well see yourselfand course snowball child kicked assend spoilersinfinity star,neutral
movie could lot better hadnt disney film thought young girl playing shirley right could tell really trying job right teenage shirley temple wasnt right think spent last time childhood first hour young shirley last hour older shirley boring movie good shirley temple story,neutral
problem married mob funny dress exactly like romantic comedy almost nothing happens funny look film almost nothing funny happens youll really good time glitzy mob film per title extremely glitzy director jonathan demme one prevailing cult director fully completely embraced work decade rather understandably pretending still sthe opening credit combine animation italianamericanism miseenscene lathered top despite sness feel right lighting demmes frequent cinematographer tak fujimoto jukebox soundtrack rife widely varying pop alternative jam gaudy indeed controlled nuanced part atmosphere demme good colorful instant characterization visual sometimes seemingly impetuous composition fun mix style plot couldve gone way smooth fbi agent played bland matthew modine trying infiltrate mafia family see chance gun moll played comehither allure michelle pfeiffer try leave criminal lifestyle triggerman husband would hope alec baldwin performance wackedthe way go work awhile demme seems firm hand wheel know significance showing u subjective relatable lifeathome scene pfeiffer well care longing morally conflicted mom although relationship son joey taken bit granted mobster son listening partypooper mom dad bos played dean stockwells trademark naturalness far scenestealing standout cast giving awesome gift whole though demmes latheredon stylization easily viewed novel take fun crime thriller taleultimately though find weve going wrong way inevitably modine pfeiffer fall love thats inherently bad every actually feel bearable romantic subplot handled interestingly well hardly hopscotch across various sundry clichés fulfill initial expectation cheesy date flick audience think right impact someone found genuinely interested story aesthetic approach letdown state tediumso decent movie huge misstep certain point date movie nostalgic piece grew perhaps saw lot date movie entertainment value likely fluctuate except said deficit true laugh maybe scoff broadly tongueincheek wouldnt leave comedy aisle high hope id initially entered whatever case anyway additional joy bit role great character actor begun fade like nancy travis joan cusack oliver platt,neutral
lot already said movie like join praised highly unique film us element different genre drama comedy gangster film without making mess point laugh loud point feel character whose mistake failure watch sabus genius shown regard sequence movie one three men chasing one another erotic day dream young woman passed street sequence beautifully done illustrates character three runner well erotic funny time another example sabus genius part film runner get tired first one typical loser among three guy hallucinates woman left someone else back see dancing one another next shot dancing deeply moving runner get point think something back lost track one part movie stop chasing running line laughingso beauty ludicrousness call life sabu manages show throughout film character fail end doesnt rob dignity monday postman blue justice sabus claim genius go watch,biased
guess rating title review dont like johnny test think know people going say know bad ever watched watch show couple time studying film animation doesnt hold candle standardsi want first talk animation one confusing thing ever seen like first two season first season hand drawn animation thought nice show look hand drawn switched flash animation quality went huge amountso one strike eye let look story show try way hard like dexters lab difference instead one red headed scientist two female talking dogwhy parent attitude switched somewhat others dont think write dont mean cursing mean dont know limit word everything else though spot even deedee character johnny try hard dexter seems like heartless knockofflastly want talk joke remember dexters lab joke involved yelling yes yelling good joke two dexters lab also sly remark made go back check get joke johnny test forgets yell time stop music whenever stupid joke one liner appears isnt comedy thats stupid comedy know people thinking isnt three stooge stupid comedy watch johnny test back back laugh first option sometimes joke based bizarre situation like chowder make mad rule cartoon comedy together much bizarre doesnt equal comedy make think watchingso strike account dont watch show respect comedy anyway shape form,neutral
saw movie blockbuster thought might good sunday evening movie nothing else bought used dvd although cheap money would better spent nail drive footthe film started nicely kinda dark mysterious always enthralled vampire samurai movie kid thought combo would really cool first fight scene pretty cool excited rest movie movie took serious nose divei understand big hit east guess twin dont see though movie aside first minute absolutely horrible many movie genre potential great blow terribly another casualtyjacki chans role film doesnt make sense whyyyyyyyy complete silliness probably made buck thoughthe cool thing movie sword use nice ideai wouldnt recommend movie anyone,biased
watching film thought really glossed errol flynns life movie really nice eye candy really got atmosphere hollywood right costume great woman looked glamorous men looked handsome debonairis serious film errol flynns life nah fun movie based scandalous stuff lifewhy critiquing film film lot promise failed deliver duncan reagher really good errol flynn good looking original made believe flynn handsome playboy take seriously man although gifted great talent kind disturbed unhappy inside flynns love life disaster considering many failed marriage also lost lot good friend life also suffered unrequited love elegant olivia dehavilland last scene film showed errol kind begging olivia stay instead walk away shown tux looking really empty slowly walking around pool pours drink pool sad way end film kind fitting everyone know eventually fell apart alcoholism dissipated lifestylethis film couldve much depth couldve better wellwritten sure showed scandal never showed errol flynns human center surprisingly duncan reagher able put emotional depth character errol flynn even though film writing didnt put depth thereill probably never see film still remember viewing film gosh couldve much give film,neutral
reason bothering comment movie save minute life maybe moneyi bought exrental £ looked interesting took chancewithin minute turning realised id made mistake entire cast stored away winter thrown nearest log fire could meet kindas devin hamilton writer director shot sadly done made rubbishavoid film see shop run away,neutral
police story brought hong kong movie modern day cinemajackie play policeman try catch drug dealer time take care young woman bad guy still take care relationship girlfriend selina brigitte linthe movie feature plenty stunt jackie also actor jackies stunt clubthree jackies stunt member went hospital filming filmthe movie also incredible fight scene like car park fight shoppingmal fight rank one jackies finestthe movie also award best movie best action design jackie chan hong kong film awardseveryone love jackie chan andor martial art movie shud see,neutral
expectation somewhat high went see movie thought steve carell could wrong coming great movie like anchorman yearold virgin little miss sunshine boy wrongill start right movie certain point steve carell allowed steve carell handful moment film made laugh due almost entirely given wiggleroom thing he undoubtedly talented individual shame signed turned opinion total trainwreckwith way ill discus went horrifyingly wrongthe film begin dan burn widower three girl considered nationally syndicated advice column prepares girl family reunion extended relative gather time otherthe family high atop list thing make awful movie family behaves like almost theyve transported pleasantville leave beaver caricature think family reach point become obnoxious simply frustrating touch football crossword puzzle competition family bowling talent show actual people behave almost sickeninganother big flaw woman carell supposed falling observing first scene steve carell like watching stroke victim trying rehabilitated imagine supposed unique original woman come mildly retardedit make think movie taking place another planet left theater wondering saw thinking dont think much,biased
wesley snipe james dial assassin hire agent cia pure badass special operative free time dial don cowboy hat breed horse macho name beautyenter agent collins supervising officer enter new assignment kill terrorist uk custody course united kingdom allied state great place covert ops headshot outside courtroomsthe assassination big success apart fact escape plan blew dial partner local liaison get killed action trying escape police whilst dial becomes hot property london copper trying get cia trying dispose himfortunately dial safehouse routinely visited teenager emily day eliza bennett love hanging coldblooded killer arrest warrant help escape evil uk law enforcementwith script like need say plus side wesley snipe wesley snipe pro con movie quite engaging minus editing disjointing hurl effect stomach,biased
title song movie greatest free spirited ballad ever written first saw movie back first subscribed cable cable starting become common place home least becoming common missourithis might well first movie ever watched pay channel called movie channel called star channel back changed name movie channel early si received free month star channel new cable subscription van one movie heavy rotation network timei remember watching movie back thinking typical teen flickalong line medium budget teen flick one plot revolves around nudity partiesi totally forgot movie even existed recently seen movie seeing decade found copy dvd sale cheap bin recognized bought mere seems like remembered film much better wasis however watching back different experience watching year laterit fun see kid listing rock n roll music smoking weed sex back fancy vanoften time good teen party movie bethere isnt much plot fact main character fantasizes sex arch rival good looking girlfriend blow college saving money purchase tricked dodge vanwith shag carpet wall mirrored ceiling water bed itto get attention eventually get sex arch rival find come looking two settle difference drag racing vanshe arch rival end wrecking van instead stealing away arch rival girlfriend win heart preppylesser attractive girl halfass date movie decides happierbetter movie endsthe movie funny moment watching movie year later becomes trip memory lane still remember pizza parlor pinball arcade also brought back memory cruising around small town smoked pot would yell good looking girl hoping get laid sometimes id get lucky get decent looking girl share joint wed screw backseat afterwords also remember many song movewhen newthis movie serf perfect time capsule era regard brought back lot memoriesthe one thing depicted movie honestly remember never remember time full sized van popular film depicts remember era well dont young men going around wishing van instead remember young men self included wanting pontiac trans chevy camaro hot rod ford mustang never van movie make appear van popular item going every young man wanted onewhich wasnt true era,neutral
please save money go see something else movie piece crap didnt want go thought id laugh least nope single laugh horrible chris kattan never get good comedy role night roxbury movie completely obvious smart humor repeat listen stray far away movie possibly,biased
one worst waste mm movie film ever unleashed public sequel least entertaining pseudodocumentary original film legend boggy creek bad script worse acting etc etc dawn well hoping gilligan would come rescue take back island escape piece claptrap,biased
john pressman micheal shoulda called ditech lerner work doctor office orderly mother zelda poltergeist rubenstein hypnotizes people see think wronged turn movie within movie line soon blur john go movie theater kill prompting guy who watching movie lerner suitably top zelda repeat line dialog get annoying fast annoying two girl watching movie within movieas horror film one fails busy trying clever trying impart message seems forget slasher film must evoke sense tension least jump two worst kind slasher arthouse onemy grade,biased
perhaps one worst teenage slasher film ever see ill start bad point movie pretty much cover entire film first something one avoid terrible acting swear picked random kid street based looked secondly badunconvincing character workdevelopment hardly even know half kid killed figure deserved one way another scarecrow character overdone cheap ripoff great fantasy killer freddy pinhead next bad dialog scarecrow full horrid oneliners would make laugh terrible line like let go find small animal torture really leaf eyebrow raised last least next bad casting old guy played lester like back head balding god sake much could say film like cheap special effect high school film class effort point understood bad film making worst found good movie entertaining low low low standard would help put insomniac sleep cheap laugh even giggle,neutral
perhaps worst nemesis film say lot mess feature many flashback part might well say youve seen even youve endured entry making matter worse two wisecracking cyborg absolutely entertainment value word perfect fit endlessly boring cinematic mistake,biased
saw preview movie thought may dumb least funny well wrong even though somewhere deep producer interesting message convey parent left alone reevaluating life way tried deliver message horrible first fifty time something silly happened couple relatively funny end could almost predict stupid mishap going happen nextthroughout movie like total maybe five line dialogue everything else best mediocre still say movie,biased
surprised well average comedy score imdb voter dan ackroyd usual satirical turn con seizes great opportunity steal contract prison physician retreat california start work giving advice radio show pretending infamous dr lawrence baird person know he imposter drunken priest walter matthau come along pampered ackroyds new found wealth blakmailed charles grodin throw good supporting performance genre think film deserves crediblity ferris bueller trading place,biased
telling entry comment female submitted vote kind movie surprisingly cheesy science fiction doesnt appeal quite much like good b movie especially like satirize watch like dont fun watching bad movie one,biased
joseph h lewis one finest director film noir surely bestit doesnt standard feature call film noir though americanmade set entirely england lack gangster lack femme fatale lack crimethe title character answer ad overjoyed shell making money secretary instead wake day later pawn frightening plot strong person could survive terrifyingly unsettling ordeal nina foch give sense strong woman juliapart excitement come casting type m foch elegant manner screaming cowering victim actually bit icy patrician albeit impecunious make character plight believablesurely single fascinating element casting dame may witty probably famous charming title character lady vanishes sweet manner harmless slightly dithering manner far heroinegeorge macready excellent extremely troubled son whole cast fact superbit seems famous brilliant movie made almost accident undoubtedly director knew exactly low budget thrill charm film noir real film noir small convincingly lowlife case unforgettable,neutral
love stephen king work book great disappointed bought movie dvd one worst bmovies ever seen feel like tight schedule took one shot every scene even turned bad one find actor,biased
really really liked one know rampant cliché plot line plenty overacting hell lot funin quest horror cheese come across many flick bad theyre good also good suck bad bad definitely bad goodsome teen traveling come across oasis middle nowhere forgotten slice roadside america decide check cross every line inappropriate absurd pay pay dearlyi would normally give movie like girl one type miss ditzy scantilyclad fit arent anorexic broad today horrible horror look awesome booty shortsi give kid,neutral
japan story year old ryu begin death father revealed later parent died tuberculosis desperate situation ryus aunt arranged marriage japanese man hawai know picture arrival hawai ryu discovers new husband much older photograph life humble circumstance beside sugar cane plantage work ryu used hard labour plantage despair situation new home think running away soon discovers nowhere go friendship kana female coworker give new hope strength picture based real event thousand asian woman married men america knew picture well known picture well written acted location breathtaking film also feature mifune toshiro last screen appearance benshi narrator silent movie film give insight japanese culture across ocean must see,neutral
back day one rn emergency room skater would occasionally land treated well brought asocial personality knew talented bunch wonderkids even deserved better care received im afraid attitude spadesim glad caught documentary ifc tonight ill watching againlittle attention given rich dying kid able talk parent draining pool film really highlight taking pointit amazing time deserved recorded stacy peralta due praise heaped long may zboys enjoy memory contribution real sport skateboarding sour grape review contained herein always always wannabee hangerson never dreamthe zboys lived breathed itnice see vintage film even lone girl peggy talked female win respectthanks ifc get really take occasional drugfree head trip youth relive heart pounding excitement,biased
remember show swedish television year age scared beyond beliefi would love revisit series see excellent remember though suspect taste demand changedalthough released alien plethora spacethrillers suspect root scary movie political climate think real scifi movie trying discus scientific political question term scifi since become bleak come term movie spaceship,neutral
feel like uberrare disease one heard finally come across support group net finally found title asking answer expert site web saw movie youth struck atmosphere especially ending never forgotten never seen since one know saw film almost given ever finding title ala even knowing name shall probably never see film impossible find commercially small stepsg,biased
sensitive topic yo girl abandoned mother baby go visit continues ignored raped mom boyfriend becomes pregnant enough depth displayed situation much time taken chase trucker transporting baby interesting baby asthmayou never see cry except fed diaper changed whole truck transport ordeal would liked seen interrelationship focus fact girl minorthis stood court immediatelyand true story deserved better telling thatif werent subject matter would given closer rating rented library later found made tv movie oh well,neutral
people need give show chance people write bad review clearly people havent seen many episode one need really sit pay attention show appreciate character realistic many flaw make mistake realistic mistake uncommon thing see television today also part acting superb lauren graham snubbed emmy six year someone need give woman credit deserves go kelly bishop play emily gilmore perfectly also nice see show young girl center filled teen angst rory smart girl also seen lot television today show could capture wholeness show,biased
betterthanaverage entry saint series hold interest mystery keep guessing end several suspect choose frommany film golden age taste especially younger viewer date clothing car setting etc nowadays asks highball wear suit tie everywhere legal process much simpler must dearth lawyer back frankly much value missing daysin case go enjoy good oldfashioned sense,biased
true many movie much worse movie movie manos hand fate troll yes seen twice time movie alien predator even alien v predator yes even movie surpassed movie like make battlefield earth look like star war bad razzie award lookout biggest competition arrived theater film im talking course alone dark ill try take though step step process film badacting ill first start perhaps best component film next ending credit played wish angel acting christian slater must proud successfully proved possible act decent film worse drinking antifreeze though awful dialog speak made wonder didnt walk set halfway perhaps stephen dorff film well somebody wish could fails tara reid bad actress good looking thats really matter film like say acting perfect though average good perhaps thing film goodthe soundtrack except wish angel soundtrack pointless bad heavy medal pumped viewer ear perhaps disguise awful story something get soon long expensive cd soundtrack sale musically challengedthe directing directed hollywood favorite director uwe ball brought u classic house dead telling u yes movie get utterly bad thats beginning deadly saga awful movie least said directed uwe ball without told would guessed monkey kidnapped congo brought forced make opinion make movie penalty shocked director photography probably camcorder taped onto skateboard pushed forward hit wall scene camera stay still constantly moving allowing u stop anywhere moving action camera stop reasonthe producing earth stupid enough put money towards bomb pity fool sometimes sometimes im glad taught lesson never put money towards garbage worse dog dung tied bagthe writing storyboard trying analise story painful jamming ice pick big toe kicking soccer ball hard possibly could right still attempt itedward carnby escape child orphanage child go science experiment escape hide electrical outlet electrocuted point got bad started laugh loud fastforwards many year later he paranoia detective get attacked zombie cant shot death kill move life later get attacked crazy looking monster discovers secret nobody else knowsyeah plot bad really really bad film being expecting u read approximately minute felt like random text untrue civilization called abskani film go one twist another audience handle audience want handle audience could ever care storyline rock bottom bad even double dragon betteroverall miss movie gave,neutral
contains spoiler original movie versionsi huge fan notre dame de paris musicali also read book summer watched movie todayin beginning hopeful watch good film especially saw imdb pointfirst scene good actually waited fortheaters scene directly bookbut normal esmeralda kiss gringoire felt something wrongthey dont even kiss bookeven musicaland huge gap esmeralda judged sorcererin book teach goat respond number clock write word phoebus wait phoebus werent movie soldier junk nothing morethe creator made quasimodos love show around even canceled frollos lovebut notre dame frollo thought struggle love god love human movie cant find anything like issome villain really bad kill people whose clash thoughtsand mentioning phoebusnot mentioning love frollonot mentioning jehan brother frollo mentioning mother esmeralda maybe okthe storyline would chopped muchthey even mentioned real story another psfrollo wasnt opus dei cult member actually interest alchemy try make goldhe stuck science religionfinally dont watch movieit kind director edition real masterpieceand watched read bookgod mercy youyou must read book immediatelythis movie worse hunchback notre dame ii animated moviespend time watching notre dame de paris musical enough said,neutral
well typical straight toilet slasher filmlong story short bunch teenagersyoung adult becoming stranded middle creepy wood get hacked naked nymphomaniac demonsthis movie basic slasher fromagenaked woman teen young adult marooned someplace spooky gory death scene last survivor well built young woman always show midriff never bra less creepy crazy man know evil lesbian kiss scene sex killer ploteven cheesy slasher film really terrible atmosphere totally dead nothing even sexually explicit scene nudity enough keep male lesbian female audience interested watching felt like watched nasty head congestion nasty head coldgive demonic,neutral
shame there interesting idea get completely lost confusion commodore style computer effect bad storytelling plot concern bounty hunter soul fairly straightforward hunterhunted kind story director andor writer seem like forgot movie supposed three day shooting thing arent helped fact main baddie look like he wearing cheap darth maul mask tried disguise flowing cg color much recommend even title seems propel obscurity,neutral
difficult evaluate comparable film early sound era term one might use ordinary film commentary time almost desperation many film personality silent era try wing sound surely fearing left wayside happen rintintin however pertfectly natural vaudeville unrelated sequence sure stand john barrymore soliloquy richard ii moment certainly worth preserving large earlier stage training exuded confidence however reasonably entertaining must film buff especially interested silent sound transition,biased
tv show possibly pathetic display crap tv today horribly predictable obscene usage slow motion photography cheesy story line chuck norris abomination never allowed filmed anything way chooses make episode public service announcement really annoying acting suck bad make person cringe embarrassment give series credit thoughit get entertaining time enough make difference negative point series still prefer reality tv cant really get worthless,neutral
series shown local tv southern california many others petering bbc tape dvd ever since sudden amazon preordered january march arrived long wait year worth far watched richard ii ive dvd since oclock truly say yea totally worth wait acting direction production superb even better remember production b w somehow fit video clear good sound flawless proof timeless shakespeare truly isi gave star even though seen play sure seen change rating least currently stock amazon u region reasonable priceid better stop get back watching next henry iv part time favorite shakespeare play,biased
space snippet kind dumb guess supposed shocker unexpected ending imho huge letdown joseph campanella rest earthbound actor great job one performance done justice silly ending though ending could ever made kind review producer beyond comment correct tongue cheek vignette came second season thing supposed taken seriously producer writer could little creative ending rest episode justice,biased
got laugh one lot called comedy big ship knockout getting see lot scenery fun getting see dyan cannon curve wasnt height lemmon mattheaus career wasnt total dog suggest,biased
saw movie lowland festival th august friend mine said cool movie history skating didnt expect movie recorded couple skater thought could couple cool trick documentary skatingso went waiting hour whit expectationsthis movie really nice piece work beginning skateboarding started zephyr team fine group surfer taking place nice area live certain point wave good surf try something else skateboarding fact part zephyr team time one cool guysgirls lot people saw escape place living zephyr team trying new trick skateboard time skateboarding popular couple competition one national competition zephyr team taking part several competition also national one skateboard unbelievable jury didnt judge put whole skateboarding world headanyway tell rest filmdocumentary must see one youre eye feel vibe movie movie got lot style rewarded greeting gijs rest holland see,neutral
film bad people saying think got decent horror plot acting seem normal people way overexagerating wrong simply classic horror type without plot think forever forever sit back relax scared,neutral
two noteworthy thing wont play academy award best tworeel short film directed silentera leading man crane wilbur plot runofthemill short inconsequential dialogue lack spark acting better worse found warthemed hollywood movie word awful admittedly moment wont play funny janis paige totally artificial look line delivery precious one laugh picture,neutral
simply another bad chuck norris movie norris play cop trail twisted serial killer woman put guy away three year guy somehow get bar nut house he using look like dental floss killer escape cleaning van drive foot cliff survives spend time around theater undergoing renovation irish jack ohalloran best thing movie like superman ii doesnt say word somehow thats supposed make menacing ron oneal super fly fame steve james wasted playing city mayor norris sidekick respectively film also contains idiotic subplot norris girlfriend child wedlock coupling norris serious acting turn overthetop musical cue signaling every forthcoming scene predictable fashion film becomes chore sit buildup searching killer theater interesting enough norris crawling shadow discover hideaway end fight disappointing beginning promising way yet another disappointment cannon film play like movie made television star,neutral
please make forget please please worst film ever misfortune watch consider film insult brain well backside suffered sitting watching film yet see damage caused sight ability complete sentence load garbage dont get started acting someone please help forget weird science come back everything forgiveni proud give film first imdb ive voted hundred film many cp bad cant even believe someone actually came idea thought worthy becoming film someone actually read script decided produce film someone read script auditioned someone saw film decided put shelf collect dust eternity question want answer philosophical question tree wood well know,biased
movie downshift th st without bothering rd nd grinding gear way sappy bmovie finishline con beginning easily best cleverest part movie worth seeing scene harlow bathtub occurs fast may miss definitely worth ballyhoo provided robert osborne tcm intro badtomediocre confusion real conflict character supposed fringe society turn saint especially unbelievable character al wonder he got job cincinnati,biased
saw concluded likely chick flick afterward found keiras mother wrote screenplay pretty much confirmed however chick flick appeal men one really seems appeal well either woman looking dismal box office receipt one item believe gender agree upon stupidity scene movie whereby analogy made pain childbirth pain limb amputated wo anesthesia though men undergo pain childbirth understand painful process yet natural pain whereas amputation certainly woman understand even better suspect woman trying make feminist statement poor taste fact lot thing movie poor taste though movie nowadays known poor taste one really excels department could good movie show struggle dylan thomas wwii strong sentiment men somehow managed avoid serving military keiras screen writing mother try show sentiment used dylan really muddle instead get chick flick two young mother bond together sort way perhaps somehow note fact soldier husband friend dylan wife sent back home serving combat yet unclear war ended lot thing movie similarly unclear though stated already seems central motif mess,neutral
think consensus pretty unanimous recent tv miniseries okay far cry lonesome dove get compared latter simply prequel famous story commanche moon definitely worth watch fan western dont expect intense lonesome dove steve zahn karl urban robert duvall tommy lee jones character play arent strong duvall jones portrayed two guy say unfair criticize movie comparison compare story two leading texas ranger character woodrow call gu mccraethe main difference found prequel lot slower relational two ranger woman time yet didnt mind two main woman pretty lady generally likable agreeable people played nicely linda cardelini clara forsythe elizabeth bank maggie helped make long movie palatable youve seen picture woman old west none looked half pretty cardelini bank though joy male eye ogle maggies son newt wonderful kid kind boy every parent would wantthe interesting character thought turned inish scull played val kilmer western film tombstone kilmer almost steal show lead scull really original ever saw one strange dude indeed actually supporting actor fine job keith robinson deets wes studi buffalo hump always find studi fascinating matter role play wish bigger role miniseriesone thing film common lonesome dove good western scenery photography beautiful time joy watch also excellent director film simon wincer directed lonesome dove another outstanding tv western crossfire trail also two favorite feature film based home country australia phar lap quigley underunfortunately although enjoyed commanche moon nothing good abovementioned filmsyet still watched sorry ended make sense made want watch woodrow gu time tommy lee robertnote title page say minute must included tv commercial twodisc dvd version saw hour minute,neutral
largely forgettable tale mercenary kerman employer agren travel jungle search agrens missing sisterdespite connection cannibal movie family film extreme version rene cardonas guyana crime century lenzi clearly aim exploit time topical jonestown massacre depicting rogue self righteous zealot penchant bigamy hint megalomania played ruthless intensity ivan rassimov leading motley crew flock self inflicted oblivion sister toe kerman agren attempt stop rot several failed coup end fleeing green inferno run afoul local notorious appetitesone string excessive gore fests emerged late seventiesearly eighty every new addition seemed engage oneupmanship contest predecessor attempting contrive gory graphic display ever brought motion picture inferior instalment employ motif gimmick others much less successwas called amazonian native looked like bollywood reject film made location sri lanka inept decapitation castration scene seriously diminished authenticity apparent cannibal holocaust decide without spoiling conclusion appeared though lenzi put emphasis shock awe climax basic requirement cohesive ending loose end resolved unsatisfyingas others extent graphic depiction violence toward human limited thankfully filmmaker spared extreme inflicting worst possible cruelty hapless animal pursuit sadistic shock unfortunately thing shocking film rate mention among others ilk deal subject matter convincinglyif redeemable feature kerman affable somewhat onedimensional leading man bevy scantily clad costars agren lai senatore provide visual respite relentless slaying,neutral
please dont kill im actor play dead difficult describe show like crime dramedy bad cop as literally whats great show assys perfectly awful oneliners cracking gem adios blimp assy mcgee provides great laugh point sadly time show seems drag along slow pace making almost hard watch definitely kind show youll love hate there essentially middleman best show adult swim strong point worth looking see enjoy know,biased
series get worse worse poorly written plain funny premise excellent writer inexperience shine trying hard offend one end insulting everyone second season desperate cast stopped waving arm resorted patronizing smug oh silly style acting come laugh script roll eye shake head say arent zany isnt funny well actually gum disease less painful wonder exception corner gas canadian generally avoid canadian tv come cbc youre suppose leading station showcasing best canadian talent pull plug amateurish mess,neutral
film isnt comedy expose ive always hated dog show considering ridiculous getup people put dog idiotic name give hence reason uncontrolled cackling watching film get kick something taken seriously even though gain small insignificant like miniature golf jump roping championship need set obscure world record acting much refined film waiting guffman mainly due fluidity character seem comfortable specific acting partner film previous eugene levy great michael mckean fred willard however dog eventually stole show want see bunch human film dog anyway,biased
hilarious show many great story reflects world today know funny way literally stole laughter show laughed hard found comedy show unfunny unique confession character great original technique make show funny humorous may think average comedy show hard life family thats thought first found hold new unique technique completely set apart average comedy show michael rapaport star sure wish show wasnt canceled,biased
although acting excellent spent whole movie waiting nasty boy caused much grief many character get final nemesis instead everyone else suffered except get job husband whose wife death cause running away friend win girl gave overdose tried rape even friend give money father butterfly effect completely fails return causethis dark film character get affected suffers never ending depression none normal avenue relief seem effective thing authority seem give quantity stress pillsif normal behaviour finland im never going go back case affected amoral butterfly end destroyed character film,biased
saw movie recently said movie bad william shatner great actor director acting bad terrible instead plot bad storyline called plot really thought bad beginning kirk mccoy teaching spock sing row row row boatdo something william shatner come director suck film one worst movie ever seen worst star trek series noticed shatner return direct another film series apparently want direct another film happened overall movie suck,neutral
nightbreed definitely favorite movie ive worn one tape makeup awesome story lovely take different twist isnt quite deep story based cabal clive barker movie adaption stay true source material problem movie producer vain attempt turn teen slasher movie hence changed ending allow sequel eye roll apparently someday going getting director cut hope clear bit nonsense id suggest anyone like dark fantasy type horror opposed freddyjasonmicheal type slasher really dont know would comparable,neutral
kid ideal try change thing around boy forced become man system system hide truth violating right existence boy inspired martin luther king stand tell truth family falling apart fighting movie cant hide see thing hear thing feel thing till day die hope never happened real violence frustration abuse power parent cant anything boy sorry ball boy accept thing let anything happen kid power kid act like pro like never done anything else caries movie end anyone want see abuse found place back y,biased
saw film toronto international film festival based novella science fiction author brian aldiss film attempt tell story tom barry howe conjoined twin plucked family impresario order form rock bandalmost deliberately gimmicky film also clever half youll pardon pun mixing genre style mood director whose previous film excellent documentary lost la mancha lose way pretty quickly never sure whether meant take seriously flashback dream sequence bit much plus promised rock roll didnt move reminded bit much time hedwig angry inch film found original moving case song werent good main character sympathetic unfavourable comparison would similarly disappointing velvet goldmine,neutral
movie boring swear almost died boredom theater wasnt funny didnt really hve much action either boring hope whoever liked movie god future find movie really like try jump bridge something like,biased
two year wrote directed arthur steve gordon minor hit screenplay crackpot comedic vehicle henry winkler tv fonz college thespian allaround jerk woos coed get married without employment prospect horizon make end meet turn flamboyant world wrestling eventually becoming gorgeous georgelike celebrity turning likable winkler obnoxious goofoff probably sounded like interesting idea time sure way separate television alterego joke situation often wrongheaded mean staged rather sloppily director carl reiner particularly crude wincing bit involving hervé villechaize fantasy island putting move polly holliday flo alice henry beloved kim darby look little elementparticularly surrounded tv hamsrendering romance aspect script inconsequential,neutral
movie terrible terrible one worst movie ever cannot even imagine gigli worse preview made u say looking something amid dreck right decided go ahead give shotstupid usaffleck actor he image look good explosion even kind bruce willis got die hard stripped shirt ran around fighting bad guy would comedythe best part catherine ohara shes always good gandolfini flop werent soprano hed washed like mexicanaffleck hog every scene others said character motivation whatsoever action avoid movie cost,biased
close experience one patient probably best reason heart rushing throughout entire film intense sensible moral revealing dont forget check marvellous sound track really good,biased
great africanamerican classic comedy one many great american cult classicsi recently purchased collection edition rudy ray mooreif love old school karate movie black comedy dont make movie like anymore entire family movie buff site extreme help solving many debate deployed iraq right help stay connected world know state thank imdbi recommend site friend dolemite rule dont take word check ten line lot commenting one movie think get point across im,biased
happens someone much social anxiety cease function alone one man get mundane crap order part society get much happens frownland explores question definitely startling original debut bronstein tone strange claustrophobic get inside mind guy named keith messed hardly form proper sentence follow around try make contact people function day day u known people like people say sorry much appreciate there nothing appreciate know people like would someone want make movie well interesting bronstein lead actor dore mann excellent job film uncommercial film get friend filmed course year saved money shot mm scratched film look beautifully low budget distributer may tough one find think screening randomly past year hopefully itll dvd point saw silent movie theater la people audience among crispin glover tell anything weird movie highly recommended,biased
first introduced john water film seeing female trouble ifc disgusted sick reason enjoyed picked pink flamingo dvd john water boxed set movie babs johnson filthiest person alive life trailer maryland obese egg obsessed motherand deranged son cracker movie see sick sight sex chicken dragqueens people eating feces torture sort random humiliation film soundtrack rock roll artist problem part film seem drag get little boring found female trouble little fun rated nc explicit sex violence disturbing image enjoy,biased
thumb idea isnt winner second time round thumbtanic wasnt good thumb war number reason primarily think mr oedekerk far less work titanic sendup unlike star war movie titanic hasnt yet become cultural myth far fewer reference made resonate audiencein thumbtanic hole filled oneoff joke dont really seem related anything example hero insinuation heroine isnt clean jump end ship scene funny rather think miss something original movie many type baseless joke cf arachnidby contrast sendup smarmy ship designer meaning funny also funny send bloke movie wanted go faster maniac running around demanding everything faster including sinking ship first die sort joke meant something titanic context lent meaningful humour thumbtanicthe thumb medium face voice still amusing prop set cg animation worthy appreciation overall although thumbtanic prof quirkiness alone wont work filmette still keep amused chuckling end,biased
one best best film seen long time enough action satisfy fan yet plot good really enjoyed filmand hooked start finishadded blood gore brought realistic nature happens front film even tear jerker ending many people thinkit must watch anyone seen many review slating film fair film get bad review turn best prof againrent film buy film go watch film disappointed,neutral
planning watch partner imdb reading review already wasted much time stupid idiotic awful movieits horrible horrible horrible copy movie hitch choose ignore warning bad review heard movie wasted precious minute thought david dhawan making govinda bad minute watching nonsense couldnt take turned computeroveracting everyone movie stupid dialogue total time waste gave star rating thats lowest could go lower would given rating,biased
ive trying remember name movie year consecutively course saw local dollar theater atrocious almost walked think didnt realize one allowed leave movie ended anyway stuck mind worst movie saw growing finally give rating deserves strangely satisfying,biased
ali g character work brilliantly within confines comedy show movie doesnt work waydont get wrong funny movie full biting witty dialogue caricature modern british chav wonderfully well whilst providing viewer hilarious unrealistic storyone problem film script content either fantastically brilliant embarrassing watch say embarrassing dont mean funny embarrassing la office extra rather youll wish hadnt included final cut one example inclusion music video film ended tune whenever watch film stop dvd say end leave thatoverall ali g indahouse good film worth watching couple time script enjoyable extent issue far acting go however refinement key word hereali g better television programme borat better film,neutral
gédéon jules naudet wanted film documentary rookie new york city firefighter got film footage inside world trade center september worked james hanlons ladder company jules went captain inspect repair gas leak gédéon stayed firehouse case anything interesting happened airplane flying low city distracted jules pointed camera second plane crashed tower onejules asked captain follow tower first thing saw two people fire something refused film stayed site next several hour filming reaction firefighter others therethe brother naudet took great care making movie violent grizzly gory language firefighter little coarse cbs showed lot ball airing uncensored brother naudet mixed footage filmed oneonone interview firefighter could explain thought emotion particular moment crisis unlike feature film similar title money dvd sale go related charity well made emotional moving completely devoid political propaganda best documentary sort date,biased
would really need remember monkees clear understanding fitted second half order fully appreciate moviethere plot basically crazy mixed pastiche various unrelated sequence interesting entertaining peculiar way get onto wavelength short classic cleverly conceived well crafted example late experimental cinema contains good song ultragroovy cinematography plenty worthwhile idea term film techniquei give several reason first took lot courage make unorthodox movie commercial mainstream star producer firmly ensconced time feature movie flop box office consequence dire concerned secondly part creative success finally already mentioned unquestionably classic genre historically importantunfortunately head came late monkees career would allowed make earlier essentially pointed cynical satire image clearly member group knew well whole monkees juggernaut run race started work project way swan song determined let hang tired treated like mere pawn high powered corporate game manipulated exploited preceding year short wanted going say thing lefthistory however vindicated band let critic damned monkees left behind best polished successful pop record decade yes plenty help end day stood front studio mike fronted movie tv camera concert fun little bit crazy unlike contemporary never threatening could safely introduce monkey elderly aunthead probably borrows bit heavily beatles hard day night still worth another look around time younger retrophiles ability appreciate significanceenjoy,neutral
elegance class always first word come mind folk least folk might thing sit around talk film noir yet best film genre past killer lonely place night city manage level sleek sophistication elevates beyond moody catch phrase connotation foreboding shadow fedora femmefatales sidewalk end fairly difficult find film copy perhaps best stocked video store manhattan rough bootleg amc cable channel belongs category classicsfrom moment black cloud opening credit pas curtain drawing around rogue loner detective marc dixons crumbling world moment pas inch ever closer threatening suffocation sure he familiar cop dark past dana andrew give dixon bleak stare troubled intensity make uncomfortable seems yeah he smacking around suspect long newly promoted chief karl malden typically robust commanding outing warning last time yet dixon hate thug much stop boy didnt coming hood duster mug gutter nickelrats spit tough nut bos demotes roll complaint bureau receiving dixons right hook advice cool good instead take matter hand world trouble find relies instinct fall back nature may may passed generation right away he deep cop syndicate partner dixons questionable involvement murder investigation threatens job make wonder whether simply base sworn bring like bogart lonely place escape iswhen nowhere else turn discovers virtually doomed unexpected relationship seraphic beauty marvelous gene tierney seems turn barren bachelor existence something worth coming home pacing superb film taut gripping group writer contributed production polished script high gloss dialogue snappy without disintegrating dated parody fodder passionate without becoming melodramatic sappy topnotch direction acting isnt slick buffed loosen film emotional hold gene tierneys angelic softfocus beauty used great effect show actress considerable range gentle kind nature boundless psychosis leave heaven scene tierney andrews dixon grow intense touching closer seems selfdestruction near end rope cut bruised exhausted dixon summarizes lot innocent people get terrible jam say one false move youre head perhaps make film totally compelling sense thing could go wildly wrong almost anyone especially someone trying hard right one slight shift wind one wrong decision punch frighteningly due factor control noir always reflected darkest fear brought surface sidewalk end realistic fashion one nitpick aside otherwise sterling film glaringly poor dub blonde model wouldnt seem place mystery science theater odd noir fan heck movie fan havent seen one terrific treat,biased
one worst movie ive ever seen robert de niro fan pointless cliché exercise slasher flick try spin twist genre preposterous plot line crazed fan turned psychotic movie meander nothing spoiler believe knifewielding idiot access murder baseball player lavish hotel witness security camera movie nonsense trying tug heartstrings hoopla baseball ending mockingly unsophisticated gimmicky sure actor thinking got onboard razzie big dud come stay far away prefer thought movie,neutral
eyeliner worn nearly year ago egypt really much stretch around th century also didnt realize series flopped second season airing isnt amazing commentary made either illinformed dont watch show waste space board others time first show series maybe bit painful cast began fall place expected show remainder first season excellent hardly wait second season begin united state,neutral
start first story suck acting suck effect really suck guess ill start story story komodo v cobra number one doesnt explain komodo cobra even got matter created acting terrible seems like director pulled people street probably last definitely least effect horrible komodo doesnt even look like komodo dinosaur look incredibly unrealistic water doesnt even move cobra appears terrible piece crap dont even think renting,neutral
harem suare best film saw year bravo ferzan ozpetek sensually shot stunningly portrayed harem suare bold film tackle interracial romance taboo hollywood woman shape size color populate film cut outside world woman entertain telling story intrigue rivalry jealousy within rank,biased
adrian gone asylum rich parent life seems empty one day meet gonzalo poor boy mother prostitute desperate earning money gonzalo help adrian search life parent movie new director perfectly clear film scene correctly directed dialogue little forced incoherence scriptanyway ending unexpectedly well done well little save little film actor known great quality nevertheless inspired enough make movie interesting done better paper film film result boring probably spend time thinking much time pas end course lot worse film sure many many better one,neutral
well sent tv midnight seems like right time watch go bed afterwards really living expectation think dogma concept good film get closer whats really happening involved character cut unnecessary effect moodmaking music concept requires interesting action charactersi cannot say know king lear shakespeare version well known play would probably able predict much filmwell crisis bring best worst side character display certainly see bad side oh yes paint civilisation culture thin behind paint may find animalif compare italiensk begyndere italian beginner mifunes sidste sang mifunes last song see opposite thing crisis certainly bring people view life constructive way dare may winwhen film ended thought oh thats havent seen film beauty quality work cameraman actor etc good script could need something plot maybe wouldnt hurt,neutral
today standard di might seem little hokey lee emery version accurate graduated boot camp parris island sc jim moore close real thing could put screen cant comment plot thought ending unrealistic mcrd pvt owen like many found lot difficult situation bargained like many joined marine corp wrong reason drill intructors like gysgt hartman tsgt jim moore lot di korean era full metal jacket viet nam era today movie allow sort thing screen di collection recently found dvd,neutral
remake orginal filmo book good part commend fine performance fine actor however scorsese opts toward end formulaic plot twist embarrassingly overacted shakespearean demise looking watchdeniro superb actor dedicated giving work however need direction focus talent sorely lacking last five minute filmgregory peck cameo serviceable nothing whilst robert michum always fun watch even line thisnick nolte turn better performance lorenzos oil form weed joe baker great line juliette lewis prof yet talent sometimes skip generationsome good point start credit first view cody back dip prison scene cody attacked baseball bat sam bowdens decent fullfledged panic cody outwardly calm unnerving prescencethe worst cleaning woman really part clinging barehanded underside car hundred mile high speed speed bump u he dead really part aforementioned rambling endingi may watch original ive yet tempted watch remake four year since seeing,neutral
slow incomprehensible boring three enthusiastic word describe movie book surely case movie never made expense book best part movie scenery excellent worst part slow moving interaction actor combined endless meaningful glance editing abrupt patchy however despite actor worked hard least trying little believable terrible script startling although set peru hardly person peruvian descent wandering set even flashback scene depicting peru th century sense history try avoid movie,neutral
andie mcdowell beautiful ish woman whose late start serious relationship lead considerably younger man subsequenet fallingout longtime best girldfriendsseeing gigologolddigger sincere young man girlfriend deadset terminating silly relationship go beyond call duty helping friend obviously blinded gigolo tricky gamea short succession situation absolutely ridiculous far fetched longer cover without unbelievable scene may hope sweet love story instead viewer left involuntary shaking head thing dont happen without giving away cliffhanger detail warn viewer high expectation film like disappointed scale one rank weak much better material one isnt worth time,neutral
road movie least movie yellow anf think suggests road movie cant say much positive delivery bad acting certainly english camera look like done kid there bomb counter suddenly beetle falling sky since cliche actually laught whole time fun movie movie released america im sure go might suggest quality produce explosion look boring basically everything top everything much yellow quality sound babe etc find cliche part movie put together delivery,neutral
according budget information given web site dark harvest estimated budget money spent im exactly sure let seecostumesnolocation setshmmm think notspecial fxnotacting lessonsah dark harvest tell epic tale young man inherits family farm hill west virginia girlfriend talk taking friend check place intrepid hero learns great grandfather used unique method getting crop grow revenge time killer scarecrow revenge ewww scary well really know terrific movie made little money one film contains pretty much worst acting dialog ive ever seen terrible clichés terrible delivery fooled half way decent cover avoid cost id like give film maker least trying im afraid didnt even good job grade f,biased
woman aunt go scotland locate evasive fiancé muchmaligned film denouement point interesting wellacted eerie fine set design william cameron menzies developed projection veronica hurst captivating genteel sort chic british marilyn monroe still love richard carlson hiding family secret forbidding castle even bat belfry move leisurely final extraordinary setpiece hurst aunt katherine emery also narrator sneak castle night venture maze find theyre looking center kid always remembered sequence there nothing scarier claustrophobic finding way foot high maze hedge naturally two woman get separated setting stage engrossing suspense horrific music final result mildly disappointing really since carlsons epilogue end make sense goingson even provoking sympathy worth seeing,neutral
movie released originally soft x apparently explicit sex deleted later producer relented smelled money rereleased excised scene restored apparently minute guess since kristine age held promising career came grinding halt guess timing witness pam anderson careerbut ronald reagan charge kristines debacle heard nancy reagan affair bill clinton monica lewinski full swing pams coming outthe sex icing cake version satisfy naughty musical way similar others released time,neutral
watched dog go heaven learn there sequel dont watch horrible absolutely awful rush character develop sasha example begin singing count love end seems like dramatic romance flick comedyadventure film rip charlie character replace gushy soft still rebellious version himselfthe humor behind carfaces character completely lost he totally different dog doesnt cool voice anymore isnt villain love hate anymore he wimp voiced none mermaid man spongebob speaking voice actorscharlie completely different voice isnt horrible dont like terrible comparison excellent job burt reynolds character first film dom deluise wonderful always itchy character stay true thats film get purely dom deluise still voicing itchyoh last complaint know annmaries movie done gone parent etc charlie completely forget mention second film mean even small mention itchy would acceptable ex charlie get back cant take care every kid need rescuing something sort mean died living deserves kind mentiondont watch youre looking wonderful sequel,biased
alfred hitchcock saboteur one bestregarded film made two vastly popular critically praised picture suspicion shadow doubt generally regarded lesser effort agree later film groundbreaking drawing hitchcock wholly american mainstream first time saboteur way least lively suspicion chief flaw less charismatic star player bob cummings priscilla lanein saboteur find hitchcock feeling way around america literally lead character travel california new york search arsonist whose crime accused cummings youthful quite engaging boyishness immaturity perfectly suit character portraying seems appropriate director though middleaged process reinventing older established star might thrown thing priscilla lane spunky heroine typical type director much common type american film time cummings provide openness youth director needed life work time cannot imagine older solid typescooper stanwyck instancedoing better would carried well much baggageas norm hitchcock film nothing appears saboteur differs better known film audience let game early though cummings accused arsonist know innocent villain become apparent fairly soon movie hinge plot irony pleasure incidental master disappoint interesting tod browningish interlude circus freak help cummings elude capture another scene reminiscent james whale bride frankenstein cummings spends time cottage blind man turn lane uncle director perhaps studying key american film previous decade whatever case offbeat discursive aspect movie give playfulness variety one add factor quite youthful lead make picture seem like work younger man still learning craftthe film later scene new york suspenseful typical director picture gradually becomes hitchockian move along end find satisfying work neither cummings lane dark side actor neither movie one deliberately lightweight suspect semiexperimental attempt hitchcock see could pull american setting sort story done well england succeeded admirably next logical step shadow doubt film main character travel east west wholly different set value plan,neutral
even thought im biggest cher fan movie crowning achievement granted long term sideeffects risk brain damage memory loss intellectual impairment upon screening film survey moonstruck fan uk advocacy network revealed onethird moonstruck fan surveyed believed moonstruck damaged astounding claimed irreparably destroyed mindscher play someone uncher movie dowdy young widow named loretta living new york extended family theyre antiamerican proitalian always someway going johnny camarary nice mamma boy man asks marry say yes loved mom question love loretta good love hell drive crazy know like oh yeah he sweet man johnny go sicily care dying mother asks loretta make contact brother he estranged yearsthis victory human right carry even greater significance sicily birthplace electroshock treatment italian psychiatrist ugo cerletti saw slaughterhouse worker using electric shock device cause epileptic fit pig easing job slitting throat cerletti inspired began experimenting electroshock human developing first electroshock machine broken bone fractured vertebra resulted convulsion appeared little concernthis wasin many way antiamerican movie love sure also infidelity secret lonely people strange behavior brought american policy character frumpy bobo favorite restaurant aunt uncle parent problem ancient grandfather dog well developed intrinsic character somewhat chick flick loretta stop dowdy stuffed shirt awakens flower inner vamp cinderella story many way every little girl dream emerge ugly duckling beautiful swanassuming free fully informed consent well reaffirm individual right pursue happiness brain damage chooses might ask whether fan cinema though way sworn hippocratic oath offering,neutral
movie go one funniest movie history cousin mighty wind spinal tap waiting guffman terrific right best show take cake movie idiosyncrasy dog owner show dog competitively intricacy character make good watching movie time come conclusion weak character actor film little interaction group character seems add beauty film watch movie dont find funny billing watch first time saw thought serviceable overly hilarious film grows defininatly movie find quoting frequently character hamilton meg swan get dvd check character born amazing two could hit head find really didnt go script sort made went gerry cookie guggleman cookie especially funny fantastic job selling cookie character gerry eugene levy delivers standard stellar performance hilarious discombobulated type weaker half stefan vanderhoof scott donalan find funnier character scott donalan dare forever typecast character natural didnt seem forced point stefan micheal mckean good well interplay brief appearance gugglemans go show always film great actor razor like wit harlan pepper b dont want seem like isnt funny sure solo act cant quite funny others use dog others idiosyncrasy going himthe rest great well weak character see film least twice buy regret,neutral
fact part liked lot interesting twist left seen feeling saw movie granted ending different typical saw let face ita group guy unknown believe tossed together abandoned chemical factorybut loses something there intensity there poor group dynamic there sense urgencysome nice twist end definitely worth watch there nothing else plate left emptyit passed time didnt satisfy,biased
always pleasure see character movie wholly goodhearted wellintentioned even theyre surrounded neither film moderately silly premise conservative religious franklin family mother father teen boy girl involved accident wherein parent brother neardeath experience meet jesus pleasant somewhat exasperated soul remove burden original sin return life many view attitude changed much consternation daughter didnt share experience religious side think presented good balance good jesus starkly awful follower obsessed sin others utterly oblivious movie make think give good laugh along way leave pleasant feeling world might nicer place think,biased
cleos second husband amateurish attempt psychodrama fault praise plot hacked story monotonous acting poor execution second rate etc worth time unless maybe relative one actor pu,neutral
movie fascinating example luis bunuel storytelling ability comedy comedy social drama social drama even though dont think particularly funny made laugh also despite fact never take bunuel seriously movie made think religion importance people life bunuel tell story catholic priest devoted faith like one else viewer witness happens priest undying commitment serve others put test usual bunuel target catholicism dont think tried mock church often least didnt take film mockery institution think trying make interesting point religion could nuisance today modern society faith bad people always mange bastardize concept message aside think one bunuel clever work francisco rabal superb priest definitely one filmmaker best movie,neutral
girlfriend really cheesy horror flick especially one lot unnecessary nudity saw box cover movie blockbuster thought would perfect movie night began watching already expecting great thought would least catch interest minute movie realized pace would eventually pick incredibly boring movie tried get plot made little sense even reading back dvd box film shot dark pretty annoying try figure going shot violent scene hard make never get actually watch violence youre expecting definitely film without motive shot poorly drawn scene minute thing felt got point first skip film rewatch another freddy jason flick youll way content,neutral
success part another sequel natural move however stopped began alice survived part find pregnant seems freddy using unborn child get victim course alices friend strange nightmare movie heavy religious imagery bad acting special effect good movie,biased
dont think ive really ever given walter matthau due comedic performer he certainly wonderful plenty lighthearted role guess always put success character grumpiness ruthlessness gruff contrast flamboyant personality frequent costar jack lemmon suppose natural extension earlier work dramatic picture watching gene saks odd couple adapted popular neil simon play realisation suddenly clicked matthau right absolutely hilarious initially striking audience filthy crude generally unappealing oscar madison eventually manages worm way heart culminating hilariously overplayed confession emotion matthau rasp voice entirely time holding comedian interplay lemmon course pitchperfect indeed film rightly belongs actor never failed light cinema screen let alone togethercalling mind billy wilder screenplay apartment neil simon comedy build around around rather morbid premise compulsive housecleaner felix unger lemmon evicted wife twelve year attempt commit suicide fruitlessly abandon idea wreck back trying open hotel window dejected arrives house good friend oscar matthau divorced slob life alone diet potato crisp green sandwich might contain either new cheese old meat oscar kindly offer felix place stay soon overwhelmed friend finicky personality constant insistence absolute cleanliness pair form unusual sort marital arrangement felix assuming role effeminate constantlynagging wife oscar sloppy unappreciative husband always come home later he supposed marriage barely last three week end completely sympathise felixs exwife remains unseenthe odd couple terrific comedy lot heart arguing obvious two roommate plenty affection movingly seen felix try launch furious tirade instead  perhaps inadvertently  ending informing oscar top pair four poker buddy john fiedler herb edelman david sheiner larry haines also constantly badgering obscure annoyance cant deny theyve got best intention decision treat felix though nothing happened may sounded fine theory maybe ignored wasnt quite correct solution felixs gloomy feeling inadequacy inconsequentiality unlike comedy based popular stage play recently disappointed wilder seven year itch film doesnt simply strike chord throughout relationship two lead progressively developed tear laughter much disagreement,neutral
bad movie follows new convention modern horror movie within movie well known actress running life first scene movie take old convention psycho killer loose manage something new interesting also always nice see molly ringwald back attackso might example genre become cut hit mark actually scary part liked gave eight,biased
film stereotype dance move pickup line really film vulnerability people heart hard believe kevin james could play convincing role smith could satisfy without action hackneyed genre film could succeed way dont intend sound overly endeared film wasnt groundbreaking sort way film worth seeing believable new york couldnt simple human history mankind hutzpah hitch sure barstuds one get chick time excluding raking seven figure course thing worked best film true focus dramatic side thing comedy funny two hour doubt also two hour made sit seat become immersed character smile,neutral
tim burton essence expressionist filmmaker disinterested dimension character obsessed gothic scope opting style substance incessantly throughout career however style poignantly endearing like many moviegoer forgive countless flaw found many movie become engrossed essentially one hundred million dollar art filmsits almost embarrassing see poetic emotionally involving spirit within second installment mediocre franchise especially franchise target audience halfwitted year old boy batman return every bit commercial predecessor ensuring box office draw cheap actual fact expensive thrill entertaining without ever truly involving audience result tim burton would surely required direct third installment instead burton delivers something truly defined phrase therefrom melancholy opening high society couple throw prisonlike bassinette containing newly born deformed baby river clear batman return aint picnic buckingham palace cut thirty three year later political speech made bad guy business tycoon max shreck sinisterly portrayed christopher walken red triangle circus gang attack gotham city batman michael keaton returning role make first appearance sporting new logo eventually saving day shreck soon kidnapped circus gang blackmailed endorsing political return baby fully grown penguin man danny devito hideously perfect makeup whose motif return suspicious batmanmeanwhile shreck attempt nosey awkward assistant selina kyle played perfectly michelle pfeiffer quite frankly deserved recognition performance transforms deliciously sexy psychotic catwoman revenge harbour unexplained reason deadly vendetta dark knightbatman return bleak production design breathtaking delivering cold haunting gotham city even apocalyptic feel predecessor danny elfmans score support film brilliantly ranging invigorating tragic tone direction whole film intensely brooding shot like sad nightmare burton direction overshadows fairness diabolical screenplay almost totally irrelevant plot yet time perfect burton visual style filmmaking whilst burton action sequence struggle exhilaration real excitement lie directional choice displaying fall main character penguin demise catwomans mental state bruce wayne lonely destinywarner brother hated whilst critical audience reaction mixed wanted batman sequel weird somewhat ghastly horror movie deformed psychopathic orphan attempt kidnap drown batch baby allthewhile vomiting described green mucus production company wanted audience friendly feature something mcdonalds clan promote happy meal movie dire irredeemable character including sexually repressed secretary pushed skyscraper revived gang cat awakening unconsciousness chewing bloodied ice cold fingersits easy understand mass disappointment followed release batman return film never felt like batman blockbuster questionable burton really knew batman actually even cared character much cared film fitting usual theme beautifully haunting art direction misinterpreted lonely character rarely conform society standard expectation burton failed create great batman film however create nostalgic stunning ballsy piece cinema remains personal nostalgic favourite minethis may great batman movie great tim burton film,neutral
full disclosure im cynic like ending sad hanky dry didnt cry bambis mother shot smith new film happiness look like desperate plea oscar basically born without artistic soul earth like item less maybe double espresso downed show likely maybe even hardboiled movie fan could use occasional shot sweetness sweet moment meet scarlet event far nora ephron meet cute view taken intimate journey two stranger learning care life headed aided beautifully phedon papamichaels cinema verity style camera workthe main argument film far fetched film far fetched dont know tell ive yet meet adrian brody market however lack trying enjoy considering adventure might occur momentous event take place darn straight thats review item less fall short fail take account even cynic fantasy heck sometimes worth price admission vicariously live minute time,biased
philip k dickian movie decent one matter better paycheck woo abomination called minority report spielberg let face twisting cheesing ending bit much half way movie already started fear kind ending regrettably right mean film worth time first half already many commented awesome part start doubt whether director intended convey message showmanship highly important thing future kind corny sf thing simply combining paranoia feeling joint also good one,neutral
whats canadian produced zombie flick never heard mortician work body recently deceased young man allows extended flashback show guy got basically friend went cemetery friday th raised dead thanks silly chanting cut back morgue dead body come back life kill mortician owner get eye popped final wtf shot funeral home owner straight jacket screaming im crazy amazingly eyeball backrunning scant minute certainly one oddity zombie cinema feel lot longer put kind trance couldnt stop watching film also one see image turn away screen gag image old man getting sick theater prophetic pop twice blood begin flow scene pretty damn gory time period great gaffe zombie chop girl right hand shovel pull fake hand frame chomp left hand,biased
entertaining jim belushi vehicle modern cockeyed version wonderful life michael caine play sortof angel let belush see life would like made big jim best good story supporting cast seems like real chemistry hamilton oscar contender good warmhearted fun,neutral
bunch medical student yuppie get together spare time hook electrical cable die stand around counting time brain death start cpr heartmassage bring back life fact julia robert movie say flatliners like group ghost everyone want see dead relative visit old dead buddy better way bunch medical student kill five minute bring back life rest movie predictable relationship issue plus predictable gee maybe keep killing one day one u stay dead doh movie called brain dead fact character depicted medical student made wonder gone foreign correspondence school get degree thing kept film total laugh stick finger electrical outlet order die film would great three stooge comedy movie,biased
amazing pass entertainment today maybe dinosaur fifty touch today movie going generation apparently case regard movie since many people loved found foul vulgar havent said many movie life one fit bill humor sophomoric crude politically correct person even found gay joke funny downright offensive im gay main character movie even likable person pathetic movie finally heard number people comment disappointed pay good money see,biased
ive strangely attracted film since saw showtime sometime early say strangely rather ludicrous bit softcore fluff genre im particularly interested dialogue pompously nonsensically philosophical making sense doubt francoitalian producersand plot completely extraneous achieve wonderfully hypnotic thoroughly pleasant mood scenery beautiful philippine softfocus nudity wonderful score contribute strange extremely watchable exercise sort film making seldom seen today truly one great guilty pleasure fortunate enough find old laserdisc watched time think healthy worthwhile moodpiece,neutral
mixed emotion film especially compare forerunneran american werewolf london film funny moment still horror tale anything else updated version set paris edge simply isnt classbut good thing going first film overall still fun watch werewolf purist aside think film pure garbage compared london version ill still give decent mark since dont care others think liked even though agree london better prefer version first minute movie strictly played laugh including hysterical scene balloon restaurant also introduces lead female character played julie delpy dont see enough actress doesnt seem make many film least one hear america french actress face classic beauty film got point look greatwhen horror start get scary special effect good also liked lack profanity film unlike first one fwords lord name vain amazinghowever plenty sexual remark one scene guy running bar tied cross blasphemous soundtrack heavy metal isnt appealing middleaged guy like either film geared lot toward somethings help anyoneits entertainingjust dont expect live first film,neutral
absolutely like film lot entertaining feast bizarre stunning image there dialog background sound noise something completely different original enjoy obscure bizarrethen might like work art ik look like film made first camera ever made time strange humanlike being live perform bizarre habit god killed razor gave birth mother earth mother earth impregnated god semen act fellatio give birth son flesh bone follows inhuman act ritualistic torture rape murder purpose knowor,biased
dudei liked buffy angel much next scifi freakbut much worst lead actress ever even david hot pant boreanaz able save crap wonder never watch fox  blow totally gave chance continued suck watched four five painful agonizing episode want kill exec network bad money spent drivel dont get dont support never waste time watching showunless like eye bleed socket crap crap crap,biased
priyadarshanparesh rawal combo golden like hera pheri hungama went movie indian multiplex high hope especially slick promos unfortunately like hulchul movie huge disappointmentlike others commented premise movie already stale begin get stretched without development additional layering want movie end go home watching home would much easier cut loss akshay kumars performance average best john abraham try comedy comedy aspect movie overall pretty week remember giggling like twice entire movie definitely sidesplitting belly laugh consumed hera pheri even lesser extent awara paagal deewana paresh rawal expected classic moment overall role character wasnt given much room grow didnt make much impact filmneha dhupia make appearance movie fun look screen song fun especially opening closing song ada kiss baby respectively otherwise youre better passing movie,biased
evidently many people seen movie one posting comment movie missed george peabody award well humanitas award paul winfield award awesome performance movie eugene logan cowriter made tv movie also part another movie humanity loss technical adviser truman capote movie glass house movie available dvd anyone interested post another letter telling eugene logan came technical adviser movie amazing person truman capote thanks reading hope find way view two movie,biased
film follows bunch student nyc high school performing art there coco irene cara black singer make top despite everything shes helped bruno lee curren white musician there doris maureen teefy want actressbut shes shy scared becomes friend motgomery paul mccranepurportedly gay student school romanced raul barry miller there leroy gene anthony raywho sadly died who homeless great dancerbut cant read there various teacher albert hague anne meara stand trying teach kidsthe song great title tune nominated best songfame dance energetic young cast show plenty ambition talent film miss boat drama department many plot line brought completely left openended end movie coco porno doris raul remain together afterwords either make montgomerywhat happened leroy ever graduateand many long speech raul two moment lead nothing im assuming cut scripti cant believe movie left open still worth seeing acting music there basically one bad song dance go full force one point stop trafficliterally favorite fame sing body electric great closing song recommend give script really needed tie loose endsand didnttrivia wanted shot film actual school performing art couldnt get permission dean school read script said way much swearing film truethere lot foul language thats high school kid talk avoid tv version abysmally overdubs,neutral
really big fan star trek past year thanks advent netflix post video technology distribution able embark past great star trek episode dont really watch every single episode know heart tng d voyager etc general popular consensus say like next generation best thats captain picard crew fresh first appeared decade star trek starvation quiet honest appreciate creativity voyager episode tng voyager episode also progress time unlike tng granted data tng great eventually get old voyager doctor thats creativity instead making artificial intelligence awkward jerky give freedom express beyond anything imagined picardo great actor premise setting expansive self growth doctor self realization science fiction best endgame portray husband married organic inventing neuroimplant transceiver humanmachine interface even episode endgame disobey captain order make human mistake unlike d blessed beautiful woman right st episode voyager survive season without jeri ryan believe picardo carried personality course rest voyager cast chemistry flow effortless harry kim tom paris natural love tuvoc occasional humor despite vulcan finally im glad got rid original female captain oh get watch rare footage thank god kate developed year extremely confident believable respectable female captain great job thank star trek making voyager enjoy every episode creative exploration possibility moral cosmic expanse,neutral
movie good first clue gonna strong movie harrison ford name appears first also bigger title music nominated oscar heck music probably annoying thing movie acting sub par best except amish boy decent job young story weak little place adapted music horrid know already said something really bad premise real good remade well thats really thatyour average movie guytrever,neutral
one film probably never would picked shelf came ifc one day said eric stolz william forsythewhy id changed channel would really missed treasure subject depressing young author paralyzed climbing accident convalesces lowerclass rehabilitation center would easy tempting make manipulative tearjerker doesnt happen written neal jimenez accidently paralyzed hollywood happiness patient ward come wildly different background share feeling helplessness mercy others stolz good lone wolf type forced embarrassing dependence girlfriend helen hunt wesley snipe fine former lady man whose family falling apart william forsythe take cake tough guy determined make someone pay taking away independencesee film,biased
liked quiet noir first part acting pacino cusak especially scene together moodiness setting juxtaposition old pol idealistic youth effecting wish bridget fonda scene movie earnest appealing character film went rail assistant mayor starting snooping around mafioso get bottom something bos clearly didnt want meddling nobody right mind would meet mafioso abandoned dock junkyard story became implausible something dont understand cop vito shootout latter delivering info could bring corrupt judge,neutral
getting melange theme well covered many previous film good bad son story courtesy east eden american marine hero story doesnt consider one due know grieving wife potentially falling love another man storythe mere fact story ubiquitous isnt much problem though theoretically could still better presented dealt time around luck time though three thread ultimately fall flat sameas bad son never really get talk father conflict never resolved properly apart father kind starting appreciate bad son thanks latter renovating kitchen grieving wife satisfying thatnext surprisingly homecoming marine suspecting wife unfaithfulness conflict never get resolved never really talk man suspicion namely brother handed loose end hereand finally american military heroism hypocrisy theme marine publicly considered hero due dirtiness war went shouldnt really called one standard third theme fall flat movie end right first time he able talk wife went real story would actually begin point namely process recovery would look like would finally face family hed major guilt admit really interesting bit passed getting ignoredso story wise film serious mean serious disappointment id still give point impressive cast although film use maguire voice belongs spiderman especially grown gyllenhaal seems fulfill expectation aroused young aspiring actor much id fact love see entrusted really deep demanding lead role proper profileso cast really seems consider film totally forgettable otherwise shallow ultimately pretentious utterly unsatisfying tear squeezer indeed message du jour writer know wound already see host vietnam film want earn credit show u believable healing,neutral
dvd release movie hope buy movie name face sandra bullock picture year film basically cover art back cover art inside cover art picture name prominently shown front cover edge disk first name list star biography printed inside case film must revolve around character right wrong first movie play minor role watching movie every role seems like minor role character dog actually display personality less hour watching dont even remember name many charactersmaybe watched several time could actually figure plot dont think would worth effortoh wait remembered funny bit shootemup video game fan get kick doomcam look like firstperson shooter game hand gun pointing front camerai generally person critical movie may worst movie ever seen kept expecting silhouette walk across screen sit start making fun itim glad money spent used went charity,neutral
movie offer bonnie hunt sarah silverman amy sedaris supporting cast well worth watching comic actor jeff garlin take advantage terrific talent recruited directorial debut sadsack comedy overweight man feel step world around familiar larry david manager jeff curb enthusiasm garlin play james stillstruggling year old chicago actor still life widowed mother selfesteem low cant meet woman comical way view single status make dilemma involving storyline sound bit familiar thats film partially tribute ernest borgnine classic marty lonely bronx butcher living meddlesome mother fact garlin us marty play james desperate since empathetic character situationnaturally love story sort new millennium version silverman play beth offkilter sexually voracious ice cream parlor server take underwear shopping spree best scene together favorite convenience store improvise different character different aisle hunt play lonely elementary school teacher share passion james jazz musician ben webster meet accidentally record store career day school hilariously expose sexual neurosis front classroom firstgraders including best friend lucas pert daughter penelope played dakota fannings lookalike baby sister elle wedgedin cameo looking quite bit like jerri blank sedaris play school counselor speaks james inappropriate monologue david pasquesi play luca retirement home manager scene garlin easy rapport make friendship easy believe almost stealing movie character actress mina kolb play james pixilated mother pluck heartthere also unexpected cameo teen idol aaron carter gina gershon dont ask setup funny well sharply played bit director paul mazursky snaky director candidcameratype show smear job tim kazurinsky unsuspecting victim show dan castellaneta toughlove convenience store owner rueful bout insecurity selfloathing garlins comic sensibility resemble albert brook casual dialogue best reminds modern romance defending life one persistent problem film pacing scene dragged longer necessary problem evident first half garlin trying establish right tempo lack real conflict add sluggishness regardless well capture gnawing sense desperation one feel upon revelation life supposed significant may reach steady diet junk food eaten car hood sure thing come gratification,neutral
salena incident far director dustin rikerts best film isnt saying much past film use term film loosely director take idea hollywood blockbuster severely marginalizes salena incident different movie basically con air meet alien done semblance average film school production film riddled outoffocus shot plagued special effect would trouble rivaling high school computer animation class example almost every onscreen explosion fire effect matted screenthe weak effect production value compromised flawed plot rocky dialogue sentence story string together like exposition overused hollywood clichés movie begin worst cgi alien ship ever made crashing worst cgi earth ever made team army somethings going investigate next bus prison transport carrying worst worst across state overthrown prisoner help blonde girlfriend armed silicon implant prisoner escape run town salena encounter alien shock escaped alien prison transport carrying worst worst across galaxy prisoner captive police armed gun sad pun fight alien escape town international space alliance roll eye bomb city oblivionthe real enjoyable part movie actor clearly undermined script given freedom improvise also fight smaller alien creature flurry gun fire movie really isnt worth anyones time let alone plastic dvd made awful let say secretary defense year old work room high tech real estate office wearing looney tune tie yes wasnt clear enough man charge pentagon wearing tie bug bunny road runner movie basically culminates hahahahhaaa say culminates last remaining soldier running group prisoner guard new formed team fighting way away vicious alien strange reason lead straight back alien ship yeahthe movie heart riddled horrible direction even worse camera work someone seriously needed slap dp tell cinematography repetitive stagnant chestlevel shot movie really isnt worth renting ever make far horribly bad last film made director reduces laughability nowhere near watchable cinema,neutral
last command silent film directed josef von sternbergit show u czarist general grand duke sergius alexander emil jannings day gloryin power revolution collapse imperial russia nothinghe also love woman natalie dabrova evelyn brentabout ten year later applies small part film revolutionhis old enemy lev andreyev william powell director get choose whether hire film extra notthe last command good silent dramaemil jannings memorable role work leadevelyn brent wonderful playing woman leadwilliam powell great alwaysthere plenty scene remember movielike many scene jannings brentand ending powell janningsthis movie touch many part,neutral
long list big name flick including ubiquitous john mill didnt bowl extent couldnt judge film actual merit full stereotype caricature standard set scene humble airace hero loudmouthed yank flyer music track one point hour end thought film loud rising crescendo grand flourish finish silence movie continued found real storyline haphazard writing smartlypressed uniform pretty jean simmons prenose job rousing little ditty cannot say picture ingredient make film great found maudlin mawkish minor,neutral
weird inversed oscar academy award festival flick would win god excellent plot extreme special effect coupled extremely good acting skill course every role celebrity superstar well could scenario world inversed instead worst horror flick ever made bad actor seem read script teleprinter bad dyslexia also extremely low special effect example devil costume way mustsee something hilarious ive ever seen whenever saw redblack called monster screen couldnt hold laugh back top thing looked like funny creature transported conveyorbeltdo mistake checking imdb seeing movie released less five vote thinking well worth shot cant badyes couldim even going waste word movie,neutral
love wonder showzen pick cult audience canceled dvd sale go though roof funny show way parody childrens show namely sesame street puppet character consist chauncy yellow furry monster hat whose host clarence blue lizard like thing segment go street weird dog like thing refers third person wordsworth smart one whose brain always show there newscaster pink puppet funny show really nasty youd expect situation take year old street tell say make mean joke dont understand favorite segment clarence video especially somebody doesnt want filmed prefer tv funhouse similar show still funny show hope last year comemy rating min tv,neutral
frank capra wonder life filmkeeping blood pumping vein responsibility hardworking hemo magnificentin mids att bell science teamed famed hollywood director frank capra produce series cbs television science film educate public universe around far cry dreary black white fodder often foisted young scholar capra film would instruct entertain lively script eyecatching visuals shown technicolor four film mr sun strange case cosmic ray hemo magnificent unchained goddess quickly became schoolhouse favorite endlessly shown mm formatthe star series dr frank c baxter affable english professor university southern california avuncular pedagogue proved perfect film instructor genially imparting audience sometimes complex fact manner never made seem dull boring dr baxter peabody award achievement continued making high quality instructional film capra quartet concludedhemo magnificent produced written directed capra relates story human heart blood circulation system using animation gentle humor film star richard carlson appears fiction writer energetically helping dr baxter tell hemos talemovie maven recognize sterling holloway part tv production crew voice marvin miller mel blanc june foray pinto colvig various cartoon character uncreditedthe devotional scripture begin film completely tune tenor tone production,neutral
ben stryker exgreen beret stop little town called agua dolee visit old friend tick rand soon riding town suzuki settling motorcycle gang known savage who led tyrant pigiron invade finally take place stryker doesnt want get involved change friend become actual targetsis anything good say scuzzy item tough call fundamental reason watch lowbudget car wreck tremendous bcast crew managed get hold project dont think complete botch job terribly good either cast lance henriksen main character strangely doesnt top billing final one karen black george kennedy richard lynch bill forsythe mickey jones leo gordon went wrong scummy lowbudget bungle shallowness material onedimensional heavily borrows idea better movie namely mad max come complete mess idea dont gel could better thought clichés used manipulated good viewing despite predictable savage dawn seems let skimpily rush without letting viewer soak cast mostly wasted nothing role bleachedblonde henriksen capably solid even commending presence provides enigmatic glow character doesnt get hell lot sometimes go missing action much sideline action kick bikers as good time flowed karen black hissing performance odd one screaming cursing although get one memorable catfight claudia udys flirtatious vixen character katie wheelchair bound george kennedy roams around aimlessly final assault richard lynch look embarrassed wayward priest town mayor redundant role edge bill forsythe simply chew head honcho notorious biker packthe junky story written william milling max bloom cheesy comic book getup much influenced western genre look villain came name mystery maybe drew hat pretty second rate material often move onto one lacklustre scene another unfunny comical element chucked well bit sleaze tacky exploitation doesnt get gritty enough death quite laughable clumsy script filled convoluted detail unbearable trite simon nuchterns spotty direction number tepidly laid one two intense scene cant makeup tortoiselike pacing many cackhanded stunt cardboard set n dirty look lack organic sense gravellike cinematography gerald feil better handled main focus wasnt town desolate backdrop like beginning ending climax film neat camera touch pino donaggios clunky music choice drowned incompetencesavage dawn forgettable quickie midnight movie thats definite misfire part better convincing exercise ilk,neutral
one imponderable lowbudget independent filmmaking many little way real talent fancy frightmeisters paucity talent evinced wonky wannabee world see case point flight living dead quickly came know shite living dead there nothing wrong paying homage one hero ive done many time year many different way fact xlibris book night rider cowritten kelley dedicate part six writer whose work inspires still richard matheson harlan ellison shirley jackson edgar allen poe hp lovecraft robert e howard motion picture wouldve dedicated director whose film inspired year high list wouldve george romero nothing less cry shame maker film werent truly inspired romero title suggests,neutral
spoiler spoiler well seeing major hlots fan maybe liked movie normal people would however movie still excellent ton surprise gave closure series sad bayliss turned murderer overall feeling felt satisfied,biased
saw film last night cable extraordinary love understated lowkey deeply heartfelt henry thomas played child et performance masterfully inarticulate supposed man word david straithern wonderful crazy villain miraculously given talking hollywood product baby serf main character one doesnt act line rather luminous interesting note thomas mysterious relationship w et core film bond w baby serf core good babythen musicah music gillian welchs tune wonderful entire score gorgeous hill country musicthis film wonderfully atmospheric recommend highly,biased
story idea behind lost missile isnt bad unfortunately story get bit dull towards middle overuse stock footage well poor special effect sink film subpar levelthe film begin missile heading towards earth panic strike earth soviet manage deflect object isnt necessarily good however seemingly unmanned craft vapor trail destroys everything path ship low orbit planet word pas make swath death followsone could potentially kill u good scientist u led young hardly recognizable robert loggia formulate plan save usand especially save new york immediate flight path unfortunately arent able save ottawa ive never cant say whether big loss thanks good old american knowhow able eventually destroy harbinger destruction see story idea isnt bad rather original many old clip fighter plane guy manning radar scope get bit old seemed like padding overall decent hardly inspired film extreme fan genre may likeall others see risk,neutral
woeful unnecessary sequel bonafide classic american werewolf london indisputably gem movie humorous demented dash romance british made want stand sing god save queen every time movie ended came abomination know real trouble lead utterly unlikeable glad slaughtered actually start cheering lycanthrope tell truth folk got half way cgied travesty losing live turning absolutely pitiful putrid waste anyones time,biased
duo abbott costello life version storytime classic jack beanstalk there everything see music magic comedy rolled one costello play play jack listens story told young boy one time know jack poor boy sell cow dolly magic bean well plant bean indeed magic climb sky see big castle would sing song unknown would encounter giantbuddy baer would dance woman also giant would clobber jack elbow dance funny got playing harp know put giant ease goose lay golden egg favorite way jack get rid giant get ax started chopping beanstalk another funny ax got stuck chop final celebration happens people dance around imprint giant fell lot fun fun whole family well recommended star,neutral
rating premise film acting fine wasnt anyone stood amazing appalling disturbingly true intelligent people less less child choose none allwhereas dumb as w supporter procreating like rabbit though dont believe earth actually exist year see mike judge parodied prophet coming life imitating art world run idiot get worse intelligent freethinking people become minority git er done fan outnumber proof farce electionbut digress fortunate enough playing city go see paid plus popcorn see far worse rubbish date movie napoleon dynamite anyone laugh cringes overall entertaining half brain think movie though funny spot accurate tiny bit uncanny im surprised movie almost completely unknown fox one distributing wouldnt want sheep see think maybe read book watch next cheater ow ball society doesnt stop dumbing everythingand bastardisation english language ahem mr bush really going,biased
first would like point film absolutely nothing see dutch folklore story ghost ship also called flying dutchman film see single sailing boat see sailor ghost anything remotely exciting story ghost ship wish notified main credit wouldnt watched really thought film legend seems many people think film legend ghost ship since film listed wikipedia page flying dutchman legend dont understand maybe based resembling legend called wandering jew maybe adapt worst part legend film begin fight sequence would let anyone hope film battle scene unfortunately battle scene film see daniel emilfork krank city lost child two second would let anyone hope film good acting unfortunately bad film thing said italian actor nino manfredi one italia best actor ever condemned embody crazy bird wrangler back story whose purpose seem wise man film boy film need wiseness every character story seems enjoy swimming excrement yelling torturing others excrement fornicating excrement laying excrement fun seems fun character story get turn dumped feces point another coming dutch director might think extreme dirtiness shockingly real filth necessary element period piece element contributed make dutch filmmaker paul verhoevens film flesh blood great film thought flesh blood would let anyone hope film similarly filthy visually straightforward would good unfortunately unlike flesh blood dramatic progression fight good acting put simply flesh blood photography opening sequence unfolds welldone enticing stop early film music nicola piovani la vità e bella fame repetitive annoying irrelevant sometimes implies grandeur sequence screen actor splashing liquid dung throughout first act film last nothing less hour film take place within perimeter around farm main character live character play excrement lot drown play long period time elapses numerous ellipsis allows main character young boy love play excrement become older play excrement birdman talk lot say foolish thing italian spanish conquistador speak french nothing make sense everything confused take hour happen second act called ship see might ship long time ago remains ship covered excrement mention main character walking bit away farm happens run decides really cool let live hunchback lived trying kill doesnt really mind mention he bright think ship navigate hope sail conquistador show least seemed conquistador quixote style hat ive said really confused who make dutchman prisoner along retarded hunchback burn ship ground last part film really hard bear spectator consists even excrement even retarded middleage peasant fighting take place mad asylum yet torture drowning feces yet loitering director seems definitely given job passed onto second crew camera assistant rest job end lot mentallychallenged new friend dutchman made die woman sex brother wife begin try meet son dutchman son talk film end two hour dungy image calamitous acting technical performance credit roll spectator fell immensely free watch atrocious film plot pretend something exciting like fantasy film based legend nothing mere catalog full excrement film get dont enough financing power put battle instead even horse,neutral
one little christmas movie everyone scrooge ben affleck decides money enough rent family life thought family ok great little high school soap pg small sex reference comedy kid cant handle cant live real world eithernow affleck hunk usual walk fun omg remember ensemble piece end stage neuroinfectious disease thats ok even old oracle keep hoping ben well proportioned well there hope u lady yet luckily rest ensemblecatharine ohara james gandolfini christina applegate udo kier josh zuckermanfill keep shadowsideozzieandharriet christmas alternately hilarious comfortable warmthis movie kind jump get popcorn get back everyone want back show missedthis happy film leaf feeling good life love family christmas chanel really something everyone,biased
ww timing falling love easy eye kira reatonement relationship story focused main character working balance first fast love home front ww poet dylan thomas philanders way wife ex dark smoky blitz london later windy wale veras ex next spark poet soldier become sideline girl bond share easy watch work well era bouncing along dip pace would work well french subtitle may many art house movie lately,neutral
govind nihalanis directorial venture vijay tendulkars novel brilliant om puri play inspector velankar forced protect underworld rama shetty played brilliantly sadahiv amrapurkar govind nihlans talked movie good classic film smita patil play female lead opposite om puri naseeruddin shah brilliant cameo role although sadashiv amrapurkar scene movie dominates movie sadashiv amrapurkars acting debutom puri national award film best actor filmfare award winner best filmstorysupporting actorsadashiv amrapurkar,neutral
staten island filmmaker andy milligan well known horror community even worse director ed wood dim example output im apt agree ghastly one basically three bickering couple traveling childhood home located conveniently secluded island collect inheritance killed one one event unfold murdermystery fashion scarred retard hunchback butler added throw loop film bad shape look like someone ran dishwasher sound terrible dialog otherworldly bad there primitive mannequin gore plus dismemberment gut technically inept every possible way inept enjoyable bad movie kind way sort excruciating watch oddly entertaining train wreck fashion approach caution youre fan horrible movie better deep six one,neutral
title movie doesnt make lot sense see operation sound retarded young man make he operating imaginary trolley day one many odd character surreal time tragic tale group slumdwellers japanthere two drunk trade wife there man aspiration architect young son sends beg food there wise old man seems pillar sanity within go around there businessman severe nervous tic wife treat everyone else like dirttheres particular plot really bunch story drift back forth sometimes funny sometimes tragic thought worked pretty well dying see long time based description least disappointed id definitely recommend,neutral
back power ranger become huge franchise tv executive usa network hoping get action came tattooed teenage alien fighter beverly hill evil emporer gorganus look like he wearing home made darth vader costume talking bird look like rubber dog chew toy come earth invade using giant monster look like reject godzilla film fortunately nimbar alien look like giant piece clear jello recruit four teenager defend earth nimbar give tattoo different star constellation allows transform buffed superheros look like dancer eighty tech music video could also combined giant knight forty episode made usa network clearly money try adapt show japan like power ranger made show using budget scifi film fight scene generic special effect poor set look like could fall actor pretty much realized ridiculous show pretty much ham overact imagine shock show cancel led,biased
went film full hope many capable humorous actor headed sir ben thought going little treatoh felt like gouging eye credit rolled wasted min life film clearly doa real problem film probably easier list joke particularly hard please comedically high low brow really one laugh film sir ben mumble every single line whether supposed drunk effort begin let alone develop relationship love interest people bumping randomly street would instantly rapport acting talent assembled completely wasted dont fooled watching name cold as hitman rubbed people gandhi flaccid waste time way dyed beard look really creepy hoping slow burner end thing could inject life justice frank pulling offing whole cast starting tea ending sorry bad,neutral
big fan karishma kapoor govinda watched film seen fiza absolutley brilliantthere film bad film crp film take biscuitwe annoyed conned paying money expecting decent filmavoid cost dont even rent,biased
hit time better categorised australian cult film humour broad unsubtle final scene bbc studio fire extinguished urinating crude contains every cliche traditional australian pilgrimage old country every cliche rapacious stuck whinging tory brit would acceptable british strong cast well known actor australian generation get humour american forget language joke australian dialect english unintelligible,neutral
surprised fascinating movie performance extremely good especially rea compassionate nononsense detectivedespite low budget big fx flashy camerawork citizen x somehow manages surpass majority similar big hollywood film telling storytrue story tend end whimper rather bang thats case apart highly recommended detective yarn,neutral
movie onwhat bore attempt humor really pulling well good idea cast actor makeup wardrobe oki expected lot unfortunately couldnt sit switched halfway video ejected tape went rental store get money back,neutral
finished watching movie wanted give opinionand justice moviefirst get thing straight movie pretending anything solid action comedy movie doesnt aim revolutionize movie industry garner critical acclaim want regarded one really want enjoy movie fullest suggest discard criticalmindedness longing good plot wont find established let u moviei low expectation movie simply didnt strong plotyes moviegoer underrated movie well never expected enjoy movie much even enjoyed stephen chow flickswhich find kung fu hustle best effort wouldve rated well action tight epic comedy choke right placesspoilers alert think action might unreal would want watch serious basketball movie anyways lot sport moviesdrama already well create another spoiler endim even sure youre reading go ahead watch remember thinking watch enjoy smile laugh every theythe movie industry creates masterpiece pulp fiction godfather movie sometimes create movie better pile dump im saying kung fu dunk deserves recognition previous example talking stephen chowish comedy one top tenhighly recommended love brainer movie really good action kung fu death trance kung fu comedy heck watch youll great time cast kung fu dunk,neutral
movie sort similar better dead star one though isnt quite good granted rather funny enjoyable something betterthat like well better one guy going nantucket spend summer vacation meet girl who trying save house guy want turn lobster restaurant guy really doesnt seem like lobster cause one scene stick boiling water put stethoscope hear scream main character torn girl girl son guy want make restaurant somehow another lead big boat race showdown kind like summer rental though work bit better fit plot little better though deal boat race time weird fascination part movie delivers laugh good clip better dead still better cause first joke worked better,neutral
astoundingthis may poor attempt remaking already recreated omen movie sure enjoyed itthat last man commented fool movie one kind music dark jerry goldsmith would applaud moviegreat recommendation watch buy filmi collect horror movie soundtrack listen say idiotthere one thing fascinate endingsaccording prophecy inaccurate including final conflict left behindbut conclusion great moviesand seen great depression fall upon u democrat take presidency tooso signedjacob edera farmer mastermind,biased
liked movie much although movie doesnt boast big even known name charming one feel good type know everythings gonna fine end favorite scene baby elephant part rate movie,biased
ran across yvette mcclendon film los angeles film festival thought doll writing review film wanted see found movie pretty bad fault first minute obviously person pull watch bad movie bad directing scene looped actress amber smith bad breast job yet actress looked pretty good really like yvette obviously bad choice cant believe rented trash look hope find movie,biased
first background english lived london life many game den london club ground familiar type person get hooliganism know act speak say bad bad movie tell green street one unrealistic movie ever seen spent movie cringing embarrassment felt write mini review felt needed point thingsa people dont talk like london real life filmmaker took whole slang thing far made sound stupid unfortunately hooligan type exist see green street like parody b actor play pete dunham charlie hunnam unfortunately sounded english cockney osama bin laden he north newcastle im amazed actor could keep straight face acting alongside supposed take seriously didnt get someone east london play part beyond could done bang job hehe c mr frodo mean expected take seriously elijah wood kicking as people twice size genuinely nasty hooligan hed dead simple honestly brit hard watch film im pretty sure film bomb uk may little better state american wont know care inaccurate please american foreign friend dont believe word nonsense yes firm exist extremely underground hush hush vastly smaller scale movie get actually filmed london usually try film thing cardiff wale something expect u notice,neutral
sick really stand incredibly crappy killed absolutely acting speak best part whole production art work cover boxthe budgeting movie sufficient filming sub sesame street production look like underground filming mob hit prop used movie stolen clothing store ending predictable fast forward last minute laugh book movie im sure better would avoid cost enjoy intimate scene made whole movie worth kidding,biased
film deeply disappointing wenders display limited musical spectrum blue subjective personal interest part music brings film make watching listening absolutely boring highlight movie interview swedish couple befriended jb lenoir show private video footage well tell story wenderss introduction filmic topic start quite interestingly alluding world culture actually american culture traveling space limited look theme well neither funny utterly fascinating reproduction story render movie mere sleeping aid yawn expected,biased
fellow writer covered movie plot element stick cuff remark entertaining reason youd think cheesy somehow still watchable tamra daniel love interest thirty christian girl dan ignores way cuter muriel stole shirt mr spock also guardian angel look like muriel im going apply transfer okay apparently dan responsible parent divorce kind horrible guilt trip muriel say dans prayer kept parent together thought absolutely ridiculous listen pray parent much want way theyll stay together decide theyre going ill echo atheist comment movie portrays nonchristians apparently theyre slovenly bully something positive david white decent actor give movie little bit credibility even one pretty much hold film together,neutral
costume outrageous australian outback scenery fun view edge story mean edge drag queen particularly noticed terrence stamp character ralph bernadette bassenger perhaps appropriate since nothing goodguy like ralphbernadette group queen get strong liberal slant say anything go youre case prohomosexual homophobe gaspwhats really disturbing ending young boy go alternativelifestyle father embrace gay lifestyle fit story fit agenda people wrote script pitiful,neutral
movie absolutely sillybut expecting highbrow intellectual film based comic called slam dunk really jay chou acting isnt exactly moving thing ive ever seen certainly enjoyed movie somewhere near level awesome someone like jet li stephen chow produce really thoroughly entertaining youre taking surface value absolutely movie chinese eyecandy idol musician play basketball unreal level expertise there evil triadstyle dude wacky scheming guy get jay chou involved love interest formulaic really suspend disbelief come called kung fu dunk really think signed favor watch found copy engrish subtitle made movie nigh unintelligible conversation wise got great laugh would appear extremely fixated jerusalem number laughed cried hurled id watch againespecially fight scene bar well choreographed well shot especially enjoy plexiglas lit pool table id love play one thoseslick enough dig trash cinema,neutral
fantastic show unrealized classic league gentleman remains one greatest modern comedy recent timeswith dark bizarre style humor tower tired formulaic approach inferior yet unfortunately far acknowledged successor little britain league gentleman truly something special rather quiet era british comedyup arrival scene never really anything like league gentleman surface seemingly simplistic sketch show show soon unfolds vivid sinister incredibly hilarious universe populated manner brilliant comedic creation really set show apart rival approach telling u story rather serve u rehashed sketch barely distinguishable next see individual group character go various journey story line visit time offer u surprisegradually three series christmas special fictional town royston vasey heaving grotesque yet hilarious populace thats probably main reason show joy watch also reason show would easily merit series unlike current show like catherine tate show importantly little britain league know character run course opportunity deal several fan favorite could easily kept entertain bowed series came close giving room fellow character grow allow introduction newer resident royston vasey make markanother thing set show others writing team approach script process care intelligence mentioned four member league sound mind come judging longevity creation time call quits respect certain character awareness also meant league gentleman undergoes bold evolution usually seen show nature narrative driven far darker third series brave step away sketch based first two series bold move league really pay third series there less urgency please audience like christmas special pursue individual story clear narrative unlike sketchbased previous series succesfully binded together various set sketch series long story arcthe third series refreshing change pace style well real treat fan whove already seen first two despite polarized opinion third series real fan league appreciate third series offer well really enjoy character based episode delve deeper fan favorite pair interwine character might crossed path previouslyit might take little trying get change style definitely worth opinion third series best also provides firm conclusion seriesthe show without drawback occasionally certain character set piece appear somewhat place part genius writing dark nature show host brilliant character often close real life make real treat prove comedy put much recent catch phrase driven often desperate attempt comedy shame,neutral
thing remember film used air local ktla tv ch every christmas season mid late mainly due fact true story took place near christmas eve always bit disturbing see hell girl go lone survivor plane crash peruvian jungle graphic scene young girl pulling leech infected leg made quite impression young viewer quite kind christmas cheer used seeing time definitely rankinbass production,neutral
bookbased movie truly awful big disappointment weve waiting move month many film reviewer hopeful also newspaper tv made big sense th april come many people regretfully noticed movie really awful first story monotone many indefinite scene sometimes hard realize whats going actress hulya avsar werent harmonized role especially vildan atasever act better comedy film movie kind drama couldnt disposed previous role finally movie short minute,neutral
information contained movie somewhat familiar many paying attention news lately walter reed scandal show small part fact good job taking care injured hero returnwhat movie show truth common war psychological trauma soldier suffer engaging war difficulty returning civilian life changed affected different people know deal know themselvesfinally film show military young men woman getting ready war policy practice follow prosecuting war lead psychological traumawe dead soldier four year invasion many ten thousand suffer lifelong physical psychological trauma war doesnt matter side behooves know cost war decide business film illustrates cost men woman perfectly,biased
give movie deserves two best actor timewalter matthau george burn collaborate neil simon actor film director herbert ross make stage adaption come true sunshine boy one best film love type humor film make laugh hardi got movie vhs day ago yes vhs cheaperonly watched soon got home watch kept missing part first time second time watched felt lot better laughed lot harder im definitely going reget dvd see special featuresits funny happens two people work together entertainersactorsperformers get along well stage really argue stage cant survive another minute year later want reunite tv special find film matthau burn terrific film damn shame died george burn deserved oscar gave strong comic performance also movie filmed far he oldest actor receive academy award old age jessica tandy break record oldest actress richard benjamin also fantastic golden globe best supporting actor deserved golden globe although many people might disagree say everybody film gave strong performance comedy instant classic highly recommend one thing whoever hate film putz,neutral
john boormans general hailed major comeback though hard see evidence film one three film made year famed northern irish criminal martin cahill alongside ordinary decent criminal vicious circle abundance incident style film shot colour released bw scope territory make absolutely impact go forever main character threatens witness car bomb doctor cause hundred people lose job try buy sexually abused daughter one gang keep jail nail one snooker table yet still remains popular local legend attractive enough personality wife approve actually suggest ménage trio sister need charismatic central performance sell character film doesnt get instead lumbered may well brendan gleesons worst disinterested performance delivers line stand right place there nothing suggest either local hero inner working complex character plus side help overglamorize character nothing egotistical thug odds script seems expecting u love anticstheres minor section pick interest ira whip local hate campaign general men painting antisocial drug dealer purely cahill wont share loot robbery temporary resolution vaguely shot something cahill donning balaclava joining protester expected find lovably cheeky thrown away thing successful last third pressure mount army fall apart late really care adrian dunbar maria doyle kennedy gorgeous angeline ball good work adoring supporting role jon voights hammy garda beat cop seems american sale moral balance overcompensating gleesons comatose noninvolvement feel like total misfire come back zardoz forgiven,neutral
love documentary among favorite genre film seeing film hadnt seen one hadnt likedthe premise film great one execution well done time early laughed smiled yet film went tedious irritating became could something special subject inarticulate childish inept putz appreciate passion film quit whining youre short fund maybe shouldnt many kid spend much money alcohol maybe gone film school least graduated high school maybe lived life gotten perspective experience could add vision many people story interesting funny poignant see guy chosen nothing less crass want documentary film maker one someone china iran film maker real problem two final questionswho take little kid see apocalypse nowhow many time guy say man,biased
halloween one best example independent film well made psychological element might realize first glance simple movie told well music perfect one haunting score havent seen movie yet must check cast terrific wish never made sequel sequel first one far best ended like without sequel fun see jamie lee curtis movie hasnt seemed age shes gorgeous today without hairdo seventy clothes scene mask one scariest thing ever,neutral
interesting exploration tourette react people life wellfilmed view bleak northern winter landscape there nothing pretty film stay viewer,biased
never seen theater second viewing tonight big screen dvd opposed old vhs tape rental storesaucey time im sure hayes code pushed limitshitchs pallet game play two combatant yes guy call cop bruno right away movie min shorter hello people always make best logical choice many time either person shoe made right choice love god called poetic licensehowever guy see situation found take upon rectify solicit help lie would new wife defense set final show bruno feeling one card playfor cop shotting innocent person precam corder day rule engagement type thing happen post rodney king world presidential candidate backed police sending bullet unarmed man havent seen witnessed outrageous police behavior blind application pending academenyback moviego watch try wear post wwii filter pretend seeing great suspense movie like many first time back sure copied since looking one source inspiration many followed,biased
without doubt funniest comedy year everybody brilliant acting superb see actor enjoyed making film it´s shame spoil film give aways rent laugh as,biased
catogoricaly unequivocally say year planet worse supposibly childrens film ever seen lifei took three grand child see even struggling raise smile tortuous min sexual indendoes leave another day tasteless film pay watch pay truly truly awful way describe people made film brought task taking money false pretencesaplogise spelling mistake upset spoilt time grandchild regard stephen,biased
speechless matty simmons managed something thought impossible made harlem globetrotter gilligans island look like citizen kane painful cannot even begin describe piece dont know mind premise sounded funny ive seen funny way dropping anvil scrotum funnyi wont bother describe premise title say say dont think literally one funny thing film one even monkey bite could one funniest character vacation franchise sleazy white trash eddie randy quaid made horrifically unfunny never felt much sympathy actor life equally pitied actor participating comedic atrocity miriam flynn catherine eddy long suffering sunnydispositioned wife dana barron original audrey griswold fred willard stunning sung hi lee perhaps reason watch film sound save old commie ed asner uncle nick coming ala audience didnt say thank heaven chevy chase slump year steered clear diarrhea splatter smartest career move ever madei dont know folk religious like know ill praying lord tonight add hour year life make time spent front television ill never get back otherwisehot water burn baby say zero star take hit bong drink water maybe th star,biased
quick glance premise film would seem indicate another dumb inbredbackwood slashfest type sex equal death actor annoying stereotype actually want die however jbd delivers considerably morerather focus bare flesh gore though little sex however flick focus delivering impending dreadmounting tension amidst lovely scenic backdrop feeling heightened cast realistically likable character antagonist amoral cardboard definition evil oh yeah george kennedy good thing liked wrong turn watch see much methodology came,neutral
god movie awful cant complain much went see grossed suffice sort funny disgusting part movie beginning woman extremely vividly forced give birth horribly mutated babyi also think funny notable actor movie hispanic soldier supporting actor next friday everyone movie horrible acting job worst acting ive ever paid see also expected would much gruesome first one wasnt expected gruesome sequel horror movie sequel usually much less successful predecessor expected gruesome since gore violence usually sell horror movie day grudge saw jeepers creeper dead silence actually wasnt nearly gruesome first one yet another disappointment mutant first one kind disturbing filmmaker trying hard one make creepy absolutely hilariousi also hated entire concept showing clip female soldier son cameraphone saying love mommy four time stupid show first place trying make u feel worse vulnerable mother rest soldier even stupid keep trying make u feel even worse showing three time reason movie joke,biased
dont think ive ever bowled sheer absurdity movie entire life walked piece crap nothing make sense none clever well thought lack truly suspenseful moment repeatedly use total copout trick build music character something like open door push aside curtain nothing thats ok maybe counted three time thing thrown apparent reason character halfformed story line character werent well developed ending bad bad bad bad everything every component film terrible im warn,neutral
let say first spent total two minute life skateboard realized totally uncoordinated ive always thought cool watching cat know get extreme em stuff ive never skateboarder never really followed sport said thought informative interesting documentary reviewer said dude sort waving flag bit hell look guy probably deserve much credit anyone giving skateboarding world jolt theyve provided good footage innovation back great way viewer allowed see guy footage shot teen growing california provides interesting nostalgia go bit beyond sport skating never would realized extreme skating came film sort tie piece together give u informative documentary im sure least tad biased arent documentary worth watching anyone interested sport case anyone grew,biased
early version tale student prague made germany starring paul wegener also golem year later film play dual role technically impressive year old film see shot meeting mysterious old man make pact gold gold need woo countess he previously saved drowningmoving fast pace film run hour fairly well written characterised student prague echo faust legend well dr jekyll mr hyde starting pact mysterious figure potential evil developing good evil side person,biased
never really watched program although came highly recommended member family funnily enough girlfriend life hadfield filming location pointed landmark first visitedthis got interest going bought st series video sat watch besides recognising location found least bit surprised bbc responsible producing another example finest comedy world tlog easily rank red dwarf fawlty tower monty python probably bestsuffice say hooked program character superb show unusual depth retaining scarily realistic edge look feel program perfect reflects sometimes bleak feeling north disrespect hadfield found welcoming warm placei hope continues originality throughout run based upon nd series concluded rerun uk last night certainly iswell done bbc,biased
jeanmarc barr light big blue dogville directed interpreted strange movie second installment kind trilogy might wrong dont think movie part dogma manifesto though really look like im really sure think film actor good deliver pretty good performance especially rosanna arquette jeanmarc barr story somehow interesting dont know there something movie dont like sex scene way long go interesting work art erotic piece crap dont know exactly stand sure bad movie wont suggest people see neither ill tell watch want feel curious youre openminded give try might like,neutral
there one line make worth rent angel fan everyone else bad horror flick female character typical horror movie female wooden annoying dumb glad killed long live strong female character horror movie,biased
good sequel murder small town one cash police lt buddy unravel sticky plot involving nazi criminal philanthropic witch family screwup wierdo helper original viewer treated nice little mystery distinctive sight sound prewar america go see,neutral
first thing first though believe joel schumacher best mediocre director often downright bad lion share blame ugly travesty film must go john grisham whose novel based onset undetermined point time film open rape murder child redneck caricatured purpose seems reassure racist least bad cut bad guy arriving courthouse girl father samuel l jackson fearful get technicality gun cold blood trial setting deep south probably never existed black character live shack seem pick cotton dyedinthewool racist kiefer sutherland cartoon version klansman laughable villainy setpiece trial defence good guy milquetoast lawyer played matthew mcconaughey though coma assistant played sandra bullock breast doesnt seem serve narrative purpose donald sutherland requisite drunklawyerwhosobersuptofightthegoodfight prosecution kevin spacey go motion demon spawn town large cross burned witness intimidated local citizen dont seem care review claim film immoral since surely samuel jackson killer trust force law rather get feeble hearttugging piece oratory matthew mcconaughey honest objectionable though underlying message vigilante justice good might everything movie stink characterization pitiful acting leaden direction plodding screenplay dialogue almost verging parody peter menzies lush technicolor cinematography pretty derivative go nearly two half hour whats left say waste minute anyones life tedious vacuous hammy almost afterthought morally repugnant,neutral
ship ahoy probably made order showcase mgm talent film fun trip ocean liner way san juan puerto rico time country involved wwii typical fare studio gave movie going public light weight entertainment distraction difficult time country livingthe beautiful eleanor powell seen best musical number clearly show u dancer reckoned red skelton also seen straight part much clowning pursues beautiful m powell ship bringing puerto rico irresistible bert lahr good opportunity film show funny man also virginia grey seen fun girl fooled anyonethere good musical number featuring tommy dorsey orchestra one see among others amazing buddy rich solo mr dorsey m powell young frank sinatra appears also lead singer band backed pied pipersthis nostalgic trip savored fan genre mgm totally controlled,biased
exploding zeppelin crashing upon sky captain jude law base present adequate metaphor describe truly terrible movie first let state right bat sincerely doubt paramount ever recover money film cult hit might become remarkable failed achieve see studio pitch let combine german expressionism globetrotting adventure modern action flick use computer animation dominate every scene wow wont success skycaptain bludgeon viewer sheer excess many fake explosion many unconvincing dogfight scene real moment character anything painfully twodimensional shock awe one floating airship three five one hundred moreover could groundbreaking film seamlessly combining computer generated imagery human actor stylized intriguing setting instead become flop small part fails meet important requirement flick using cgi quite simply graphic amazingly poor movement car physic aircraft dogfight everything seems little im nitpicky way infant could notice car doesnt glide along road like maglev train unless mercedes raising voice protest cry stylized film supposed like reality let say lord ring set standard integrating reallife actor cgi starship trooper set standard ironic science fiction film rocketeer solid job reintroducing decade back hollywood film portfolio tim burton batman created unique picture new york citygotham yet repeated sky captain fall short film hard mention sentence plus acting poor make positively ill spent see film get review hope might dissuade making mistake,biased
wow loved movie film filled plot twist good acting great story surprising ending completely honest movie wasnt overly gory contain gore though psychological side read internet film cost dollar shoot day amazing someone want think love great film making start terrorizing thriller slowly transforms something bit twisted even bit sinister much say without giving away plot point movie went beyond expectation,neutral
movie amazing tribute whoever gone type pain suffering acting wasnt greatest ill admit passionate message sending people prison without much attorney type trial cruel unusual even damn trial saddam doesnt every suspected terrorist type fair justified trial hearing tagged first place im getting movie think worthy note sick twisted idea government movie way telling story backstory great mystery whole movie trying connect daughter plot made obvious end there doubt directing incredible one thing didnt care wasnt much emphasis reese witherspoon character interest fight ideal held lot skipping otherwise actually quite entertaining kept attention interest two hour played,neutral
one worst theatrical movie year time anthony hopkins belittles even appearing joke cant believe david mamet ridley scott name appear travesty best career move jody foster ever made turning one julianne moore emotionless throughout female keanu reef gary oldman course brilliant self crippled victim hannibal makeup good didnt know gary final credit eaten trained boar give break rumor didnt want name even mentioned credit frying feeding brain ray liottai laughing absurdity make stupidity flick point havent seen many people walk movie since who girlpay someone else go must miss one cost,biased
far repulsive atrocious version scarlet pimpernel ever devised pimpernel fan sincerely offended charactersbut atrocity worth watching even arent familiar storypercy blakeney example would never stab people back get hallway chauvelin would never string woman bed marguerite never affair chauvelin armand minette whoever heck chauvelin would randomly shoot tony head chauvelins name ever paul completely eradicated reference pimpernel disguise replacing instead james bondesque gadget gizmosas film makeup horrifying woman look like clown elizabeth mcgoverns beauty mark wanders around face random poor pitiable actor script work really fault character thin wet tissue paper dialogue oh dialogue dialogue unbearable whoever responsible little caption bottom screen forced watch movie penance counted location caption first halfhour gave cant figure body water england france english channelthe filmif bring call since really videotape filteris absolutely without redeeming value waste time brain cell rancid drivelinstead go watch anthony andrewsjane seymour version leslie howard film indeed anything one,neutral
remember flipping channel hbo saw friend one worst tv movie ive ever seen excitement filmthe story start drew summerscandice cameron bure driving small town trance stay couple coincidentally daughter named laura fairgate looked exactly like played actress even townsfolk agree looked alike thing laura killed year ago boyfriend went missing around time murdered making look like killed herwhile settling town drew start vision nightmare vision nightmare might prove boyfriend laura isnt killer throughout film find ray ordwell srdenis arndt one raped frequently period time killed herthe movie long boring film drag amazingly saw another tv movie called cloned good ill review one lateri give movie star avoid tv movie worth time worst tv movie,neutral
friend zac rented movie free charge since mom work rental store still feel ripped since wont ever able get minute life back watched first dark harvest night prior viewing expected least see crappy remake first film wrongthere isnt single scarecrow movie unless count one cover box real death scene movie got r rating year old girl screaming god dn fatherthere amount tequila could make movie bearable believe tried,biased
reba suck suck hard awful country singer attempting comedy might well call show generic thats dumb generic reba youre funny im glad retarded show cancelled suck brock barbra jean redheaded teenager jockey guy year old got knocked suck none funny oh heard rumor reba actually gay devilworshipper idolizes hitler torture animal put subliminal message show music hope make child kill parent kill rumor anyway worst show ever reba gay like think office better show show suck,biased
youre mood dopey light entertainment pas time expect one jot plausibility dont bother dance scene looked like exaggerated comic effect didnt look especially hot skilled,biased
movie masterly directed clive barker really know establish rapport audience character think sequel missing one barker dedicated sequel movie instead boring lord illusion one think real garbage also think lack sequel nbreed become dark cult classic horror film,biased
film gain rating beyond belief deserves nothing better clearly rank among imdbs worst film time national treasure affront national intelligence yet another assault made american audience hollywood critic told plot hole could drive wheeler throughi love justification movie good nicholas cage cute come people wonder people around world think american stupid stupid insulting movie ever seen wanted see actually decent film season consider kinsey woodsman million dollar baby sideways national treasure unfortunately got lot publicity terrific film bet reading havent even heard since havent widely released yetnicholas cage terrific actor right movie time time ive seen cage waste terrific talent awful mindnumbing film like con air rock faceoff talent put good use like charlie kaufman adaptation incredible actorbottom line id rather feed hand wood chipper subjected visual atrocity,neutral
one hope many time someone powerful morgan freeman take time assist someone need helpit come loving people rogers said never met man didnt like course meet paz vega whats like smile melt diamond fantastic watch anything go freeman magic screenthe two gave u film funny start finish mexican supermarket lorraine bobby packy tender charming plain funnyyou check,biased
dont know asked bad movie seen often think air know technically lot movie horrible compared seen worse acting bland predictable word mediocre,biased
ok would normally watch farrelly brother movie cant recall ever watching one also dont recall watching jimmy fallon movie alright watch taxi said penance forgiven mistake movie drew barrymore think cutest thing dont know smile whole time watch captivates way mean even watched adam sandler see first date sad wasnt greatest baseball movie wasnt supposed love story sad puppy hung thing never let found something worth giving predictable ending much way made worthwhile,neutral
barbie movie good im embarrassed say im hooked movie hated barbie younger movie love shiver cute ive fallen love he cute polar bear totally love aiden oh man im love shiver love annika determination give hope eventfully work love movie hopefully good one barbie swan lake brilliant movie would recommend movie child age even boy movie good im hard please barbie magic pegasus movie enchanting exciting,biased
long time ago galaxy far far away sound familiar water become precious commodity got sound familiar small minority control distribution surprise heart attack die surprise group ice pirate water renegade wet banditsoh wait last one used try discover route fabled unlimited supply water lovely spoiled druish princess en tow group idiot er despicable villain pursuitthis movie potential really great comedic parody star war david lynchs dune handled correctly go believe term low brow humor doesnt really succeed funny shame since angelica houston ron perlman robert urich hence three star arent exactly slacker acting departmentdefinitely rental definitely drink straight,biased
browsing movie demand saw underdog free minute long decided watch wasnt expecting much exceeded expectation awful everything movie cringe worthy dialogue atrocious including many terrible pun joke also terrible found yelling flipping television screen suffering trash hit target audience well dont see anyone else could enjoy film made angry nearly cry everything terrible film going itthe enjoyable thing movie able give viewing beg avoid cost understand fact made kid nothing likable,biased
begin one frustrating movie ive seen make lot sense term point come seriously stupid movie ghost inhabited bed first minute movie show black white flashback weird looking fat dude going dominatrix fabienne pulp fiction lookalike contest winner strangles tie supposed set bed factor story still though wanted opening keep people interested send away early strangulation way fast forward present day married couple move apartment friendly landlord begin unpacking thing far everythings normal one night hippity dippity single mattress realize need bed frame thing get fishy didnt bring buy gd damn bed frame got learn door leading attic first minute took place doesnt open couple realizes need bed frame door magically open go attic discover old bed frame decide bring downstairs lovemaking day savedor thought rest movie center around haunted bedframe female artist start drawing ghoulish image dream male photographer start model act theyre bring tortured tied upone gray hair appears year old yuck female grows increasingly scared discovers house life serial killing murder bring end movie find friendly landlord murdered make sense since ghost need take human form kill decide get hell dodge packing husband moronically go attic possessed crazy fat dude female bash skull cop show take mental ward kill dude trying hit herwell youve read far thinking one thingwhy hell didnt throw bedframe window seriously never said anything actual house haunted bedso get rid damn thing move thats movie frustrating actually good plot actor follow suit accordingly hole sonny corleone toll booth couple try leave town upposed every movie ol oh let give place chance honey scheme going prop still though buddy watched movie kept saying every minuteswhy didnt throw bed especially learned haunted would good time set fire somethingall nearwatchable movie plenty porno like bed scene believable plot extent solution simple youre scratching head end movie wondering stupid married couple highlight movie husband tell year old model spread leg assistant tell cant shoot like low budget porno man show would love,neutral
love show clever well acted david morse andre braugher great chemistry writing clever subplots generally give great comic relief every new episode im always amazed thought provoking time entertaining show complaint would donna murphy absence point second season david morse exwife heather added character showi think show credit crimedrama genre said life understand show low rating would someone please gave show rating back critique,neutral
although first glance movie look like story parent high school life many people try tell movie way outdated admit first impression honestlythe lesson learned heroesheroines def outdated doesnt want famous doesnt want accepted peer homosexual guyisnt whole controversy today gay marriage blah blah movie though released still address biggest issue today world movie little much profanity nudity taste though thus rating,neutral
ok film well acted good direction simple fact undermines gay lesbian people fighting year straight man deciding gay gay man deciding straight enjoy last minute got really offended usually happens film straight actor play main part gay actor play secondary straight role lead played handsome men dont let distract fact film leaf feeling unfulfilled romance relationship hope would happen unless priest case god bless straight woman cure homo,biased
ok wanted see good review movie awful plain awful character dimensional nothing actor could could ever breathe life story abysmal wind stopped becoming plot device halfway completely becomes forgotten visuals cool sooooo drawn minute guy crawling ground minute girl putting makeup dont know guy trying pull like plot dialog movie needed run long let edit scene foreign film great creating story without using lot dialog movie make think way american cinema ever want give watching movie altogether bad bad movie,neutral
normally finish every movie book start even theyre poor cause hate giving poorly made disbeliefim looking spielberg magic rent foreign film rent really old scifis recently soylent green worth rent like hollywood action slower moving character development different film need approached differently appreciated could find redeeming element one action wooden wasnt least bit edge character development virtually absent youre left feeling sorry anyone even identifying finally many piece didnt add updont waste time better watch paint dry,biased
david webb people meet paul andersonif already sound weird right ispeoples known script moral implication right wrong value life etc covered issue bladerunner unforgiven pretty much screenplay something along linespaul anderson first successful movie violent thriller surprisingly movie violent thriller moral implicationspeoples script quite apparent first half movie soldier trained birth taught kill never normal life replaced better genetically engineered soldier todd one original soldier left planet left dead must cope group refugee want stay others hate interesting drama thenthe bullet start fly new soldier move onto planet military exercise try kill people big violent loud action ensues people script turn anderson actionfest hard believe script originally written way end product better expected entertaining somewhat though admittedly thoughtprovoking exciting action start rated r lot violence,neutral
fever pitch isnt bad film terrible filmis possible american movie audience critic numbed lobotomized excrement hollywood churn theyll praise sky even mediocre film barely laugh thats reason think horrible romantic comedy use term loosely there nothing funny film getting good reviewsi sat film stunned screenwriter lowell ganz babaloo mandel would even instant think script funnythe brilliant nick hornby usually translates well film adapted fever pitch british film starring colin firth ruth gemmell peter hedge found hornbys voice boy high fidelity americanized movie writer dv devincentis steve pink john cusack scott rosenberg didnt go wrong kept essence hornbys wit humor made one best film yearso american version fever pitch go painfully awry british version wasnt masterpiece charming funny unexpected gave u two character could like respect understandbut ganz mandel excised everything funny hornbys work americanizing story theyve butchered removing good unique hornbys work replacing conventional driveltheyve transformed funny story formulaic romantic comedy never veering wretched formula lindsey drew barrymore three girlfriend distinct function one overweight second cynical ambitious third romantic want guess many male friend ben jimmy fallon haswhat made high fidelity fun good leading man lady engaging supporting character fever pitch six supporting friend say nothing especially funny theyre insignificant theyre even decorative reason theyre film formula demand poor ione skye wind one lindseys pal thankless role lovely skye must wishing lloyd dobler would swoop take away come think cusack wouldve made excellent ben course cusack smart attach utterly tedious scriptthere isnt single solitary moment film seems original unforced every plot turn predictable every lame joke telegraphed ganz mandel labor laugh first minute excruciatingly slow wonder chap realized writing comedy mark plot turn film watch almost ganz mandel penned screen writing guru formula pasted wall got certain page looked formula said ok guru say happen prestodirectors bobby peter farrelly dont help film concept introduce story character hand vo narration protagonist another guy sits behind ben fenway park thanks extremely clunky writing watch barrymore fallon stumble unfunny initial meetingsbarrymore cute adorable better shes good goldie hawn heyday even cuteness cant save extraordinarily awful film try hard wring energy humor story minute film lindsey tell ben youre funny explanation remark script fallons ben never say anything even remotely funny fallon neither witty funny comedy overactsfallon never good saturday night live quite possibly least funny person show remember lame sketch radio dj voice reason weekend update worked occasionally fallons cohort tina fey know thing two comedyactors think theyre funny behave way rarely ever actually funny thats true fallon think he hysterically funny barely raise chuckle stuttering unsureofhimself shtick didnt work small screen lousier big screenunfortunately fallon role picture also requires dramatic moment thought comedy bad wait till get load dramatic stuff two scene particular first park second front ben school painful watch scene require actor smidgen dramatic ability fallon neither knowledge ability make work range emotion doesnt even run gamut bben personality depth often come across oaf lovable one boggles mind lindsey would find attractive compare fallons performance firth british version youll understand terribly flat unfunny forced fallons ben wrong role watching fallon fever pitch make one long dramatic depth comedic nuance ashton kutcherjust high fidelity americanized fever pitch couldve worked brilliantly needed better writer competent director definitely stronger funnier smarter leading man huge favor avoid rotten film rent british version read hornbys book instead,neutral
thought movie pretty good really enjoyed viewed however last scene johnny birthday party cut way short extra scene upset result weird casting movie superb,neutral
sure movie sappy sweet full clichés entertaining thats watch movie entertained natasha henstridge stunning even short hair smile radiant beauty cant disguised michael vartan im sure woman love two seemed really like eacb film dont understand comment chemistry guess see want seeolivia dabo michael rigoli fun watch even dabos british accent creep supposed bronx speech tell truth hadnt really noticed read comment went back dvd dialogue sound british american ideal role one exception story two nice people getting married significant others find soul mate one another may unlikely story say movie supposed play like documentary unrealistic drama screened every hour tube thats watch escape humdrum daily living short time enter world character screen thought actor good job hey im sentimental guy tear easily dont get wrong though sentimental scene movie plenty thosei give im saving yet unseen super magnificent movie know come along day see advertised coming movie channel lifetime movie whatever make note watch think youll like,neutral
hodgepodge adapted gore vidal novel actually one great american writer make magic christian valley doll look like fellini artwork raquel welch incredible body shes actually tall lead role except kansa city bomber quite good playing rex reed bad movie reviewer critic alterego surrounded drag queen great chick mae west horny john huston young naive farrah fawcett prelee major shame various creepazoids pretend spoof way may thing nothing going except interspliced old film clip ie widmark kiss death lena hornejust continue bleed life everyonea best performance bad worth seeing,biased
jane austen would definitely approve onegwyneth paltrow awesome job capturing attitude emma funny without excessively silly yet elegant put convincing british accent british maybe im best judge fooled meshe also excellent sliding doorsi sometimes forget shes american also brilliant jeremy northam sophie thompson phyllida law emma thompson sister mother bates woman nearly steal showand m law doesnt even lineshighly recommended,biased
great movie sound track awesome relaxing sound elton ahead time even back lewis gilbert magnificent job producing directing film movie romantic breath fresh air sound track written sir elton complimented movie rex morris great job tenor sax song honey roll poem meant work today richard le gallienne incredible kudos everyone involved fantastic film surprise lot people involved movie went become best field,biased
admit laughed time trivial holiday movie already moving shortterm memory career sliding rather swiftly toward tabloid obscurity ben affleck promising comic character actor became enmeshed hollywood publicity machine recreate romantic leading man judging film transformation doesnt seem taking continues lack gravitas would make credible part buddy matt damon take smart role film like syriana affleck appears type commercial pap least superficial character successful lonely advertising executive drew latham suit affleck better role trieddirected mike mitchell whose famous film deuce bigelow male gigolo scripted less four screenwriter always bad sign flimsy plot revolves around character need rent family living childhood home order live fantasy oldfashioned christmas never concept actually intriguing something said cathartic release sentimentality directed feel amid frenzied commercialism around holiday real problem however movie feel like extended sketch lacking logic authentic emotional resonance affleck seems overdrive attempting desperately lovable net result exhausting turn actor increasingly annoying habit playing stupid people illconceived film fortunately like james gandofini catherine ohara playing valcos couple decide accept drew monetary offer pretend parentsgandolfini play tom like gruff nonviolent relative tony soprano role classic sctv day christopher guest mockumentaries ohara always comic gem matter vehicle unsurprisingly earns best laugh tom wife christine whether dryly delivering oneliner posing inch makeup dominatrix photo shoot becoming standard screen role christina applegate play mistrusting daughter alicia course becomes drew love interest despite good moment enjoying deceit playing drew sister front girlfriend family character seems change lightningflash stroke making hard see drew would see story spin completely control last third one contrived situation piled top another plot strand tied together short order rumored much movie improvised since finished shooting script show also admit stuck bitter end,neutral
first big named actor must need money surgical scene laughable surely must know people little knowledge medicine would find utterly absurdanesthesiologists leave room heart transplantnor surgery tiny room devoid instrument heart lung equipment sterile technique joke couldnt concentrate story line stupid surgery scene blood personnel hero doc coming taking film thinking adultsalso budget must limited street scene ok technical adviserseems like directed total idiot save money wait come dvd dont rent,neutral
one worst film ever seen extremely funny purpose though every scene contains anything aircraft romance script acting badly messed upi recommend film pilot it´s bad burst laughter point film also see airport concorde reasonanyone else avoid film like plague except fan bmovies courseenjoy,biased
classify worst movie timeif ever movie would wish upon enemy would plot ridiculous character coincidence character completely strain beliefthese factor combined make extremely boring moviemy wife mother walked movie minute figured movie boring slow must cool interesting plot twist quite disappointed nothing exciting materializedi briefly considered sending filmmaker bill hour lost life,neutral
even one didnt realize seller poor health time filming passed away film release fiendish plot dr fu manchu would painful viewing supposedly lampoon sax rohmers famous oriental villain lack focus potential satirical commentary antioriental overtone rohmers concept ignored indeed movie employ racist insult hardly actual joke gag mostly actor behaving idiotically spouting dreary line especially distressing see sid caesar forced spout curse racial slur attempted laugh actor embarrass welland there peter seller play dual role sinister fu manchu trying concoct formula regain youth stalwart british foe nayland smith seller isnt one hundred per cent bad conveys quirky warmth smith discusses fetishistic attachment lawn mower he oddly moving manchu express love english music hall entertainment time play role weary grimness thus sabotaging comical possibility seller routine revitalizes fading strength electric shock particularly excruciating seems convincingly agonized funny genuinely witty line apt slapstick bit burt kwouk cato pink panther film one manchu minion helen mirrens amusing musical number cannot salvage mess anyone want understand peter seller considered comedic genius wont learn anything fiendish plot dr fu manchu,neutral
make orbreak love story whether like character also click matt pretty unlikeable aloof braggart seemingly lazy misogynist he hurt badly dysfunctional mom make little easier take guess liked detail dysfunctionhe believable overcompensates bragging hel nail amy act cool around amy strike twice talk cant show really empathizes stonewalls right moment seems mature strong trait come later didnt seem fit found incredibly sexy pretty girl next door pretty call going like movie unless really screwed upfunny thing happen coach matt relationship coach inspiring football scene end perplexing matt doesnt carry ball seems blocking back folk isnt right size he fifty pound light position thought acting skilled measure way wanted wring neck couple time scene meredith monroe film right meredith better right,neutral
toss around term superstar way lightly day here one guy truly deserves iti glued set entire show song selection perfect contained song actually wanted hear cut documentary footage weaker new song loved band five guy stage minimalist environment song strength dont need circus entertainedthe shot crowd amazing many performer affect original beatles fan beyond get young kid jump opening line cant buy love impact everyone watching also realized wake john lennon tragic death paul mccartney instantly became afterthought paul lost john george matter final relation must hard lose someone changed world also lost wife linda never really seemed garner acknowledgment lennon murder received agree lennon murder horrible realize paul sort forgotten aftermath happy he found love heatheras complaining audiovideo quality complaint whatsoever crystal clear set think people complain quality dvd next format come theyll never satisfiedmy regret buying ticket show chance thanks video able enjoy itwhen people remember john lennon first remember murder music new appreciation paul mccartney nothing else remembered music first let hope another lunatic wont change mccartney catalog pretty good,biased
well disagree leonard maltin animated short love claimed hilarious enjoyed didnt see humor doesnt even like hockey know anything still loved story living right across border canada watched hockey year buffalobut didnt think much cartoon oh interesting know would happen wore toronto jersey quebec area disaster especially hold true glory year le canadian however doesnt make story funny back everyone quebec province idolized montreal canadian star player maurice richard everyone wanted like mother order new sweater toronto maple leaf emblem kid doesnt want caught dead wearing finally head local rink get ostracized rest hockey buddy whats funny could see thing happening kid boston red sox diehard mom get yankee shirt horror couldnt wear viceversamaybe someone doesnt follow sport like maltin situation seems odd humorous himbut fact life bittime sport fan favorite team interesting story totally believable nothing made laughthe art fun look throughout almost like looking long series crayon painting done talented school kid french canadian accent good movie part dvd leonard maltins animation favorite national film board canada,neutral
saw mommywell wasnt exactly kissing santa clause hand thigh wicked thought mindthis enough emotionally scar young boy wanted believe grew bitter man upset quality toy made lack christmas spiritexpecting real slasher flick disappointed less handful people dy nudity bummeri wanted like flick slow really didnt good script didnt expect great acting sure wanted action wasnt,biased
give porn movie point watched found hilarious alien weird spaceship weird helmet god sight desperate alien woman need semen earthand look upper bavaria germany main fun come europe germanspeaking country bavaria seen traditional backward region actor helpless alien woman well film people unable deal woman like american pie seriesbut film achieved true funny weirdness constantly wonder came crackpot idea looking back year fill one kind nostalgia youve never seen film like thatand dont mind seeing casual pubic hair breast watch comedy essentially porn flick,biased
dont get wrong love tv series league gentleman funny twisted completely inspired looking forward movie premise interesting looked forward see done character bizarre storyline would take themit total disappointment starter three weakest character series lead contained bit part character pick mickey pauline papa lazaro tub edward main part unfunny throughout half baked gag poor slapstick humourthe real clincher plain ridiculous period drama comedy use word comedy loosely distracted main storyline felt awkward mention painfully unfunny direction movie appalling often feel line delivered character within one take rushedthen three headed plasticineesquire monster hell plain ridiculous felt like league gentleman tagged endall found looking watch sighing disappointment throughout experience film amazing television series tainted terribly unfunny film could give would waste money seeing,neutral
story hope highlighted tragic reality youth face favela rising draw one scary unsafe unfair world show beautiful color moving music one man dedicated friend choose accept world change action art entertaining interesting emotional aesthetically beautiful film showed film numerous high school student well live neighborhood poverty gun violence enamored anderson protagonist recommend film age due subtitle image death background,neutral
please note havent seen film since discovered town smaller doesnt carry however really want say something im actually research university title character richard maurice bucke would like point person based main character reality completely different hollywood idea people artistic license granted real dr bucke totally endorsed hysterectomy cure insanity woman would never practiced anything liberal represented film think laughable see various film critic write legitimate newspaper say film historical basis actual fact see friendship dr bucke walt whitman please dont waste time film disregard horror real woman experienced hand doctor glorified film industry,biased
without peter ustinov maggie smith could easily turkey brilliant ustinov best fan maggie great see early day matching ustinov every step way timing englishman fifty bracket always entertaining see glimpse hear sound swinging sixty although film spends lot time office plenty sixty nostalgia including red bus carnaby street song lulu delicious shot microskirt waitress like england never seen since public place engineer know computer hacking trick laughable meant taken seriously wonderful stereotype italian french german,biased
mobile suit gundam wing fourth series continuing gundam chronicle unlike previous entry focused massive war one little different instead armyvsarmy situation one led five teenage boy due ability blend readily normal adult machine called gundams metal alloy used construction lead problem since gundams supposed destroyed replaced mobile suit piloted lessdestructive weapon platform doll ran ai used grunt infantrythe whole point series metaphysical question give gundam wing edge greater portion anime make way especially since anime adapted popular magazine naruto dragonball one piece dragonball z inuyasha shonen jump available americamobile suit gundam wing set apart anime fact instead overthetop battle mortal resemble god gundam humanistic seems revel fact dramatic instead melodramatic event seem unfold across series gracefully normally anime series think best way go small battle take halfhour something would never happen real life gundam top making sure everyone know character die machine destroyed rebuilt battle lost never seems though make action satiricalbut magic gundam wing detail series anime would grateful emotion instead mythic prophecy magic overblown martial art gundam wing hardline science fiction country hate hardline science fiction note author would like state neon genesis evangelion hardlineplausibleinreallife science fiction due religious subject matter core series love star war hate ai movie henceforth gundam wing gundam seed production japanese u release time two voice team american audience wait two three week end japanese season catch dubbed subtitled version even edited seed episode air cartoon networkthe emotion two side fighting war technically backwards hero defend right wealthy aristocratic citizen earth band terrorist bent victory cost make protagonist mobile suit gundam wing war total war every person every building every street target attack earth offmy complaint reason didnt get score ten threefourths way kind go dead episode one really seems change kind like presenttime flashback fine due reveals character time drag brewing project meteor oz final two episode overplayedoncartoonnetwork back mobile suit gundam wing endless waltz movie make slack,biased
boring uninteresting action film without chuck norris would unbearable plus low budget show big time fight good story laughable menacing villain allthe dialog laughable trouble finishing film chuck norris made somewhat bearable really nothing say since paying half attentionbecause incredibly boring however pick tiny bit towards end direction terrible hulette terrible job lousy photography awful pace overall film looked dull gore acting terrible chuck norris good kick as made film almost bearablechuck rule george murdock terrible main villain unconvincing terry oconnor decent okay chemistry chuck michael augenstein decent chuck brother overall quite simple avoid chuck save bomb rating,neutral
thank filmzone showing sleazy soft core sex flick truly enjoyed honest expected lot sexy cast mckayla dru berrymore course talented chloe nicholle rebecca carterthe production value truly bad mainly low budget little effort wouldnt harm example cinematography make look like hard core porno movie there absolutely effort lightning let ignore fact let honest watched pleasure sin high amount sexthe sex factor pretty good offer steamy explicit scene chole nicholle delivers best performance female castso advice watch movie mood good explicit sex watch fan mr nichollerecommended sex scene dont expect anything else,neutral
film made really need viewed sense time placein lumierefamily men father antoine son auguste louis owned managed factory manufactured photographic plate paper small enterprise factory employee received pension social security benefit innovative time located montplaisir suburb lyon france caused louis lumiere become interested building cinematagraph remains open speculation suggestion appearance edison organization kinetoscope peepshow machine paris fall provided catalystwkl dickson edison staff invented motionpicture camera size upright piano patented february electrically operated using power heavy storage battery massive machine pumped celluloid film strip newly developed eastman company past lens framespersecond fps ensconced almost immovable object black maria essentially first movie studio kinetescope machine showed staged presentation less oneminute longthat filmed studioduring louis lumiere applied task inventing movingpicture camera determined even fps celluloid film persistenceofvision human eyebrain would allow normal motion perceived camera dubbed cinematograph size large shoe box provided detachable film magazine provided storage enough film make shoot last one minute cranked past lens fpsthe size light weight camera could converted printer projector addition light source made portable enough could taken location record event provided enough sunlight available spring louis filmed trickriding cavalry men house fire fireman arriving dousing engulfed building water number scene around lyon using molteni bulb turned camera projector presented film scientist assembled reception room revue generales de science image projected screen fivemeters distant lens screen stretched doorway two room meeting professional photographer year louis photographed arriving delegate evening showed motion picture arrivalwith accolade scientific photographic community louis decided public exhibition invention end year since film would oneminute long would need least dozen film make good presentation one film set camera entrance factory photographing egress employee quittingtimethe public venue chosen antoine offered fairground barker cinematograph salon indien grand cafe boulevard de capucines paris wintry saturday night december first audience sat presented projected view exterior lumiere factory closed gate chagrined going see routine slide show lumiere photograph crank cameraprojector turned movement began louis innate sense motion picture taking film beginning middle end beginning door opened people begin leave workplace middle people stream many trying ignore camera cameraman seem happy leave day labor behind end gate factory closedand first film projected entertainment general public,biased
actually great fun really enjoyed even though wasnt original robert de niro eddie murphy great together character cool story pretty good plus robert de niro eddie murphy simply amazing rene russo excellent role plenty laugh throughout especially deniro spoof clint eastwood danny glovers line plus finale great yes another run mil buddy buddy cop film work due fantastic chemistry de niro murphy plus great car chase scene well nothing great really however found great fun perfect way pas timehowever main villain weak wasnt good far best buddy buddy cop film however still entertaining one thought pretty well made written well plus ending quite funny actually great fun really enjoyed even though wasnt original robrt de niro eddie murphy great together highly recommend one direction good tom dey good job great camera work cool angle keeping film fast pace acting lot fun robert deniro amazing always amazing hilarious likable fantastic chemistry eddie murhpy usual awesome stuff pulled really funny face seemed enjoying himselfhad funny line really cool character de niro rule eddie murphy also amazing hilarious like de niro usual funny stuff obviously loved front camera stuff sleep still lot fun watch murphy rule rene russo fantastic cool character didnt much added lot screen presence made character interesting always great russo rule william shatner funny surprisingly didnt overdo brought good laugh film main villain ok kind weak rather bland still adequately rest cast fine overall highly recommend one,neutral
sunday would sunday without action movie want intense combat turn tom berenger platoonhere play sniper jungle going rebel drug lord life bitch get green office type billy zane help missionthe film hand luis llosa stunk anaconda doesnt much better berenger make movie worthwhilesure may little long want see lot walking jungle good tense action time right,biased
first saw ice age subiaco cinema came back time even liked sort warmthweve video number year matter many time watch never get boring one element make different animation made time character particular home leave nomad thats really refreshing uplifting watchalso individual character surface appear putting theyre really good friend well character charm even bad guy sid sloth charming annoying overaffectionate naive sort way manny adorable depressed reclusive character forthanother great point movie beauty animation environment character modeled originally clay giving film artistic edgeanother aspect add feel movie gender mean little hardly female character dont really realize watch time even little effect way view film due there also mention nuclear family would really pathetic setting like ice ageall ice age great movie proof much effort put animation shrek incredibles came,biased
enjoy seeing must started hour movie unconnected burst unwatchability youll love film otherwise youll wonder could made film something simple translate big screen inspector gadgetin preview film many scene shown film within film scene dont make sense movie slightly less hour half think one truly memorable moment credit,biased
james gandolfini good actor ever take role piece unfunny rubbish affleck lightweight cant cut rest cast truly unforgettable saw usa empty theatre soon knew place empty minute walked end bad imagine surprise back england saw movie glowing report yoyo paul ross one market sunday always rely ross save money cinema ticket say movie good get straight website check movie gone straight £ dvd supermarket near,neutral
apparently recut episode gangbusters tv show big screen frequently done people didnt tv color tv producer wanted increased return investment big screen ticket sale went small screen resale series isnt syndication result usually less sum part time ive ever seen work multipart story put together ala rocky jones man uncle case horror anthology veil demon street effect story american criminal dillinger pretty boy floyd bonnie clyde etcintercut narrator talk fbi hunted weird concoction doesnt quite work clear thing dont belong together looked tv oddly thing didnt seem right fairness wont describe cheapness production since early tv series like bad good either perfectly honest episode series ive seen work better single episode expecting much given choice id rent dvd show instead movie,biased
watched dvd program proper may minute good information otherwise snotty putdowns religious people director brian flemming recently discovered atheism sarcasm feel tool easily bludgeon oppositionalso flemming wanders extensively personal issue take movie never get back topicreligious people prone discount skeptic objection religion obviously rooted abusive upbringing argument victimized people seem irrational therefore unconvincingantireligious people want data dont need told religious people nutty american jew need told annoying christmas music get middecemberin best scene superintendent fleming childhood christian school rather insightfully confronts director motivation seems like honest part movie shortif fleming bit selfaware might good story past current relationship christianity abusive institution indoctrinated youthand perhaps could lend christ never walked earth material serious documentarian im studying writing saulpaul find airtight quick browse wikipedia suggests argument discreditedthe bonus interview pretty good tho dont bolster fleming thesis much sam harris good spokesperson antireligious pov doesnt go light nonchristian religion harris also good easily googled interview saloncom amazoncom samharrisorg,neutral
woman terrible comedian cant crack joke real character another example typical american rubbish people laugh idea react say well comedy show ill laugh guessi cannot stand miserable woman pi poor excuse comedy deserve anything booingwhy cant america dump kind turdish delight go something actually contains humourshe funny oh even one person like idiot,biased
hello movie iswellokay kidding awesome block buster smash hit meant big hit world sister rockin roller go ramones great movie,biased
boyfriend friend watched movie thats u wanna call agree last person stupid bought damn thing thought really diablo bought itwe hate really suxz beware buy thing call moviewe would return dont anybody would want stupid movieoh another thing shouldnt call legend diablo called legend azarand movie rated r even ratedwe think diablo would cry eye laughing stupid moviethis movie would done churchtheses actor never gonna become nothing movie,biased
actually first watched one dark night theater wrote review film high school newspaper loved still love storyline revolves around two people first one woman learns father telekenisis death feeling strange power father even death mauseleum he buried play host main person high school girl anything get group girl want torment dare stay mauseleum night join group go back night scare find scare cast led meg tilly supporting role adam west one personal favorite elizabeth daily aka eg daily check one love movie cheesy horror movie wont disatisfied,neutral
watching movie waste time tempted leave middle movie resisted dont know ridley scott intended learned army woman get stupid men learn spit insult fight combat thats also waste time opinion anyway hell final scene lybia still fighting gadafi easy everyone believe islamic people always danger,biased
dinner party could quite possibly opinion greatest adult cinema production time produced exquisite manner actor portray role excellently kitchen scene starring yvonne juli ashton magnificent use butter milk really make scene additionally doctor office scene well done campfire scene filled enjoyable action though choice actor scene questionable asia carreras performance junkyard scene incredible would expect anything less closing scene somewhat used adult film classic none less would highly recommend film fan adult film casual viewer run video store pick today,biased
premise bottom crossed fawlty tower sound great however ade edmonson rik mayall managed create film raise barely titter ten year ago rik mayalls mad stare ade idiocy funny annoyingthe film promise though horrendous hotel britain new idea failed deliver saving grace competent performance simon spaced big train pegg helene mathieu film minute long sorry guy really hit bottom,biased
anybody good cgi film besides pixar mean really animation looked antiquated standard even toy story standard maybe spent budget hugh jackman whatever reasoning story truly sucksomehow hugh jackman rat rat flushed toilet yeah know seems stereotypical sewer mimicked way london extent throw promise jewel evil frog get pathetic attempt entertainmenti would like say something entertained maybe hookup movie maybe happilyeverafter rat relationship nothing talent blew,neutral
must seen dozen time year fifteen first saw b w local pb stationi bought dvd set child see making watch dont teach history school explains critical event th century expands critical thinkingimpartially participant side explaining word detail lead war actual warbuy child along alistair cooke america watch make understand youll glad,neutral
nothing praise movie cast especially ann margaret importantly praise inlaws adoptive parent warren frank real life met child warren wedding amazing story even incredible knowing family everyone went also enjoyable see inlaws portrayed movie pretty accurate wife even enjoys seeing little detail toaster remembered childhood yes hard movie watch amazing heartfeltthe beauty story many child passed inlaws life result marrying daughterand warren brotherinlaw many met mine past year story part life motherinlaw shared knowing warren worth warren life california family married high school sweetheart reconnected year high school reunionthere show called thats incredible reunion family also got meet cast showfor anyones interest dvd available great britain australia tough video come united state able find dvd yet,neutral
seventh sign borrows lot rosemary baby omen actually blend two storieseven title recall bergman seventh seal neverthelessit begin well enoughwith omen scattered whole earthand parallel seemingly distinct plot moore husband trying save poor boy killed parent brother sisterfrom death penaltythis timeboth christian jewish religion called rescue even wandering jew involvedwhich make line sometimes unintentionally funny ever sunday school taught god lovethe best scene imho short dialog priest john heard seem take thing seriously bad given important part laidback acting pricelessand young jewdemi moore probably registered desire exhusband bruce willis saving worldshe save movie,neutral
ed wood movie angora love stan laurel oliver hardy last silent movie end era laurel hardy left real mark silent movie genre movie still popular watched aired regularly present dayits shame movie however among bestthe premise movie sound good good boy team goat time course lead trouble u hilarious situation watch however time extremely silly totally unbelievable watch boy comedy stuff goat joke movie still work good movie however never get truly hilarious memorable comedy story really feel lacking time mostly simple predictableof course still good fun enough watch fan still slightly disappointing last silent laurel hardy entry,neutral
unlikely case aspiring director reading comment id like offer advice free charge viewer perspective want make serious exotic adventure film want make spoof exotic adventure film go ahead try make time doesnt work example goofy comic relief character killed beheaded following monkey shaking tree dropping coconut cannibal head make look like idea kind movie wanted make one boring meandering cheap racistyou get picture couple smart moment glimpse nudity kathy shower way prissy hardly worth trouble reason everyone forgotten film existence,neutral
im serious well mean dont get wrong havent got bent type z grade creaky creature feature would watching first thought rating top special kind nonsense take back nice time childhood know kind memory never leave eagerly taking youthful wonderment doug mcclure peter cushing tunnel beneath mantle battle host creature subhuman specie guy grown admire seriously wonder caroline munro heaving cleavage wonder older brother keen take cinema see oneyes effect bad men suit string pinging parrot monster around exploding rubber frog like thingies amuse u greatly yes cushing surprisingly pudgy mcclure act truly mesmerised evil meyhas core film matter zany clunky awash glorious colour earth core throwback special preilm time kid like queued around block see joyous nonsense,biased
east palace west palace reminded somewhat detective frank sinatra role cop william windom boy progressive film china guess also perpetuates myth femininity gay men much made chinese myth men take female role movie focus effeminate man want desperately dominated hurt macho guy cruise park without fearhe hope taken stationhouse officer fact happens tell officer entire life story subjected mild torture made squat period time handcuffed slapped gay man want implicitly gay man challenging cop selfimage manly man story gay man life include flashback tolerable start describing old chinese myth dramatic work movie becomes unbearable becomes cry pity china gay want fulfill traditional role chinese society sorry cant relate,neutral
strange film directoranimator richard williams know williams work know bit offkilter ingenious one take cakeit feature two hapless ragdolls save owner new french doll lustful pirate toy find mercy several bizarre character along way strength movie lie primarily aesthetic quality strange character design powerful animation stark contrast sweet scary williams brilliant animation portrayed raggedy ann andy real rag doll floppy darned rather simple cartoon version doll made believable least visual sense animation shine bring u camelwiththewrinkledknees whose body walk two different personality controlling end silentmovie chase sir leonard looney course greedythe greedy animation possibly exquisite psychedelic animation ive ever seen there something animation make jaw dropand every second something new living deemed taffy pit greedy massive blob man life mercilessly eats sweet sings song cant help feel hold sexual undertone try kill raggedy ann candy heartthe complaint film many song continuously bog movie pace sixteen six good song one including look see girl toy blue though didnt need make sing twice never get enough love maybe im home others seem unnecessary frankly arent amazing listen tothis weird film strange undertone thats youre looking wont find better,neutral
never saw john leguizamos standup watched freak seeing hbo comedy recently better enlivening thing age couldnt understand quite spike lee wonderful job directing keeping visual angle par leguizamos theatrics style personal storytelling substance style merging together unobtrusively get leguizamos rant race sex bit sex classic lot family stick still fresh mind father even thing get dark story there something fresh crazy random leguizamo pull get laugh work often something fall flat rate might personality tic overall kind fun material isnt heady true sting find,neutral
ronald colman play prodigal son bad guy bit flighty hasnt done lot life travel world jolly good time latest venture africa failed he way home england rich upper class father plan tossing ear though thanks ronalds winning style reluctantly welcomed back open armsat point two woman lifeshowgirl myrna loy rich girl loretta young already engaged work ronald wise act like responsible adultthese main theme pleasant little filmthis isnt great movie certainly wont change life certainly entertaining fun due always genial acting ronald colman heck heyday career could played reefer madness dreck still made entertaining likable due charming persona seemingly effortless style movie make easy like easy see loretta young myrna loy love film plus writing witty make nice romanticcomedy,biased
key scene rodrigo garcias nine life come sissy spacek hidden away hotel room carrying affair aiden quinn find nature documentary television point quinn note contrivance thingsdisparate footage edited one scene predator prey thrown together order capture momentall force connection none actually exist character nine short make film occasionally spill others story none ever seem really connect woman preparing violent confrontation abusive father later seen working hospital room another woman preparing mastectomy man run old girlfriend supermarket see life later host current wife dinner party unhappy couple garcia arranges character front none subsequent story ever really build came beforegarcias first film wonderful overlooked thing tell looking also shortstory structure overlapping character fewer lot room breathe grow gimmicky premise nine life nine story told single unbroken take real time never allows film build real dramatic tension momentum also fairly visually ugly movie interior shot often murky hard watch scenesparticularly one girl walk back forth room talk uncommunicative parentsare rendered annoying camerawork given garcias third film respectable history directing television direction film rather surprisingly amateurish like fellow filmmakerchildofagreatwriter rebecca miller garcia son gabriel garcia marquez focused writing character aspect film often detriment filmmaking onesindividual scene touching even affecting like jason issacs kissing robin wright penn pregnant belly joe mantegna whispering lovingly wife slip presurgery sedation sissy spacek stealing happy moment away life aiden quinn brought back phone call daughter film unlike thing tell looking feel like exercise actual drama watching people act,neutral
unlike commenters commented movie ability transcend race contrarily think powerful film provides complex deep story address institutional racism effect thereof washington directs fisher story careful hand critical eye relinquishing cinematic endeavor neither dismemberment womens body perpetuating unthoughtful stereotype satisfying expectation white gaze think film might bit happy end however deeply entrenched afroamerican culture discourse point white spectator may get feeling looking life afroamericanantwone fisher problem naval aspect film look america many choice opportunity black men arewere fisher situation similar situation viewer may go movie expecting black movie black moviedo stereotype pimp whore drug dealer single parent home forth constitute black movie think washington director recognized afroamericans people color deal human problem like abuse displaced aggression name problem havehistorically presentlyonly given light validity via good hunting white movie high time given recognition validity white counterpart mediasad say though racist country denzel washington derek luke probably wait another ten year receive oscar anything else wait direct star movie perpetuates usual racist sexist stereotype get oscar say denzel deserved award malcolm x hurricane others jive training day oscar negate push aside great actress actor color denied due praise ingenious work yet hollywood would rather send message racism sexism heterosexism acceptable perpetuating even rewarding stereotype appear countless film american beauty midnight garden good evil american pie even gone windderek luke helluva actor wish best actress actor gave superb performance hand although take issue denzels selection yet another straighthaired lightskinned sistuh said everyone watch film however may everyone much luv,neutral
favourite minethis movie tell two feuding new york character steve brodieraft chuck connorsbeerywho strive main guy bowery late nineteenth centurybrodie connorswere real peoplethough heavily fictionalized account anticsbased playbrodies legendarydid still cause argumentjump brooklyn bridgefor became famousis shown happening around time spanishamerican wardirector walsh clearly great affection periodso beautifully recreated hereand includes wild rumbustious ragtime number saloon singer trixie odbraya young pert keltonraft slickest brodieand beery show clever actor wasas tough big hearted time quite touching connorspretty fay wray love interest boy pursuingfull life energythe bowery move fast paceunlike many early talkiesit easy movie findbut well worth looking,neutral
saw vancouver international film festival funny hell bit surreal take place toronto two loser live rundown house middle freeway system david hewlett pin cube cypher andrew miller cube great two loser wish world would go away acting dialogue writing good whole film look great lowbudget flick directorwriter vincenzo natali attendance screening seemed intelligent downtoearth guy inventive great story work well within small budget put big budget hollywood crap shame,neutral
dont usually comment thing need said startthe acting jeremy london part horrible didnt think could bad plot could good well directed along good solid performance lead actor unfortunately one movie read think great potential entertaining get disappointed start well least got good laugh wouldnt waste time,neutral
typical goth chick rainbow harvest looking like cross winona ryder beetlejuice boy george get even people feel wronged help old haunted mirror find new house mom horror mainstay karen black remotely good thing travesty buy acting pretty laughably bad especially rainbow interacts aforementioned mirror scare suspense film inexplicably spawned thus sequel slightly atrocious last people looking similarly themed far superior cinematic endeavor would well advised search episode friday th series geeky girl find old cursed compact mirror pack chill scant minute whole franchise provided across filmsmy grade eye candy charlie spradling provides obligatory ta,biased
ruthless assassin hired eliminate someone top u government constantly changing identity location known jackal everything hit man secret aware jackal presence uncertain purpose fbi deputy director face biggest challenge career order track coldblooded killer bythebook russian intelligence officer enlist aid imprisoned irish terrorist unlikely ally enter global race clock stop mysterious mercenary complete assignment looking nonstop action movie like die hard jackal movie it´s slow spy thriller many cool gadget weapon richard gere good job playing impassioned terrorist helping fbi deeper cause freedom willis put forth good effort jackal ok film nothing,neutral
return charming gem movie absolutely star studded cast go wrong modern day fairy tale also includes many many joke written funny girl bonnie hunt wrote directed film david duchovny also good showing different approach everday alterego mulder favourite show xfiles great date movie,neutral
first came across tutor friend accidentally one two year ago tv surfing prior id never watched korean film whole life mtf really first korean film ive ever watched delightful surprise thoroughly amused beginning end great time laughing comic style quite different hong kong comic film ive used life hence tired well breathing fresh air humdrum film viewing experience thought therere quite scene trick mtf pretty hilarious witty original tooi watched mtf second time day ago watched already surprisecomic effect kind mitigated however mean affected negatively opinion film instead something else came time moved story two young seemingly enemy whore utterly incompatible get thrown together gradually resolve difference start caring without realizing feeling reminds long gone high school day su wan ji hoon actually compatible something pure genuine inside quality separate people like say ji hoons sassy girlfriendthe film divided two distinct part st part deal fight su wan ji hoon violent faster pace ji hoon get pas final examination su wan dance ji hoons opinion provocative dance thing start change pace slows ji hoon suddenly realizes care su wan could ever imagine nd part deal development mutual feeling leading course happy ending accompanied final showdown gang bossjust one last comment find bit unbelievable fact yearold selfproclaimed bad boy would feel embarrassed almost naked front girl bully loses cool little odd guess show ji hoon boy pure heart isnt really appearance seems btw kwong san woo ji hoon sexy body perfect figure mtf definitely list top favorite film time,neutral
group u watched film really disgusted willing forgive fact favorite character jo wasnt like writersproducers could anything writing poor script subpar really annoyed u two guy realized dating natalie didnt leave put stupid ultimately degrading contest macho competing guy really wanted natalie despite unable choose two guy reunion natalie suddenly decides really love one guy ready marry foreshadowing really better guy writer flipped coin spit convenient point film blair make point talking want child sudden husband say want child blissfully agrees,biased
bread sharply skewer convention horror movie general night living dead specific constantly inventive production value little rough time student film never loses sight goal entertain hey george romero liked enough include remastered dead video tape laserdisc dvd tell something,biased
get two liked kid became redundant started hate cant give descriptive review would restating one thing probably wouldnt say anything everyone else didnt say alreadythe thing show pretty nasty kid boil twisted babysitter stupidity run around cousin love show he strangest dumbest person met show pulled air always thing need put better show nick im getting really really tired stuff like,biased
cybil richards directs another full moonsurrender cinema masterpiece erotica time jacqualine lovell dressed rather fetching silver outfit tasked destroying evidence sexual activity however cant resist watching tape kinda like sex scene well filmed set superb soundtrack least sort film cast largely awful mainly average looking jacqueline lovell exceptionally attractive self viewing sex file manages expose chest fumble little also fit little lesbian activity honest lovell deserves much better kind fare look great naked actually much appealing silver attire narrating drama utterly rubbish movie lovell soundtrack real redeeming feature mediocre even surrender output clearly new budget low also,neutral
movie strike one successful attempt ever coming plausible answer nagging question cropped recent scholarship concerning passion suffering death christ account new testament motivated juda money issue could bring sanhedrin meet high holy day pilate waffle movie serious thinking christian fan passion christ doubt disappointed lack gory spectacle arch characterization find portrait painted hereof willingness ordinary people blithely sacrifice common decency selfinterest stakefar realistic deeply unsettling disinterested job look face man drive first nail christ wrist chilling moment film film make claim authenticity setting costuming invariably feel right many highly acclaimed effort slow film accept selfimposed limit deathnot lifeof christ ultimately rewarding one,biased
wonderful free flowing often lyrical film whisk along ever smiling even truly shocking incident along way one gasp way woman treated yet ultimately seem come well much credit concerned many potentially disastrous scene work well possibly depardieu best performance certainly natural jeanne moreau performs outstandingly must difficult role play including vigorous sex scene couple guy least half age mioumiou lovely throughout difficult scene play initially seems dirty misogynist rantromp tale character unfold much tender honest picture emerges end uncompromising daring film demand respect,biased
movie entertaining enough due excellent performance virginia madsen fact lindsey haun lovely however reason movie predictable weve seen ive havent read book mother gift hope britney lynne spear sake completely different movie unless consider ending movie essentially music video original idea entire movie brings mind word plagiarized,biased
nicely done movie stay memory better billed romance flying war altho flying part realistic almost error free flying buff like enjoy movie even attracted airplane unless sensitivity never lovefun watching early crowe good exudes charm reading high flight superbcheers boom,biased
alfred hitchcock made stranger train harbinger bulk film going public back top form film box office success contractual arrangement david selznick ended actually made really good film period notorious spellbound capricorn rope opinion stagestruck notorious spellbound liked audience turned hitch attempt experimentation use dream sequence salvator dali spellbound acceptable setting among psychiatrist experiment long take rope confused public making ignore merit film willingness hitch audience fooled lie told leading character flashback disliked far disliked deserved stagestruck matter bad timing capricorn released scandal star ingrid bergman roberto rosallini broke made seem failure wasnt paradine case another failure one really little favorwith stranger train hitchcock shied away special trick interested recent film instead concentrated favorite theme shared guilt mistaken identity based novel patricia highsmith story guy haines professional tennis player meet fan bruno anthony playboy traveling crosscountry train time athlete bruno talkative fawning guy view one typical fan metif little eccentric talk wanting first rocket outer space bruno know guy personal problem married promiscuous young woman named miriam love anne morton daughter senator bruno know miriam wont divorce successful celebrity husband bruno mention sympathize hate stepfather constantly criticizing bruno mention sort cuff idea two men technically stranger exchanging murder committing two perfect unsolvable crime instead fumbling guy listens idea agrees interesting idea train reach guy destination last comment like validation idea realize eccentric bruno sociopath belief guy agreed two killing others foeits wonderfully simple plot actually bruno course kill miriam fully expects guy live murder agreement kill stepfather guy horrified worse find police department number one suspect bruno encourage guy mention latter lighter pocketed train plant murder site guy find deeper problem avoid police control possible insane brunohitch always planned shot film carefully start see hero foot heading towards fateful meeting train constant crosscontacts used film show two men drawn others orbit like fate drawing together yet personality hitch typical twist make mad bruno actually attractive figure scheme may vicious kill two people successful guy live agreement matter zest life one suspect guy one marriage failure coupled dating socially prominent woman made circumspect dull wasthe cast good robert walker probably finest role film year death far cry homespun boynextdoor since went away clock lithe figure also looked quite elegant tale several scene guy farley granger act like cousin comurderer rope especially circumstance make increasingly suspicious authority earlier role made jittery behavior increasingly suspicion jimmy stewart lady kasie rogers properly sluttish miriam enabling audience prepared demise famous sequence shot reflection eyeglass actually cheering bruno act evil patricia hitchcock appears younger sister anne ruth roman bear close resemblance miriam accidentally set bruno social occasion play rare role well ruth roman properly supportive granger role limiting establishment background somewhat low keyed supporting performer leo g caroll senator marion lorne usually comedian bruno dotty mother norma varden unexpected recipient violence walker shown best advantage hand master,neutral
member canoeing club tell truth deliverance synonomous peacefulness tranquility experience put boat water banjo echo back conscious mind movie timeless wax philosophical human place nature technology effect upon man relationship nature see bow fishing see home made tent also city man disdain feeling superiority rural woodsman cracker fact banker atlanta ned beatty bad teeth meant put level woodsman also bad teeth ultimately struggle life death supersedes civilized man suppositives law canoe trip end soon viewer ala soon enough character,biased
id love see tiein nightbreed fury xmen series sort way second outer limit series would tiein particular story plotlines fact create story arc although one never intended id also like know information anecdotal otherwise exists anywhere relationship andor collaboration clive barker david cronenberg simply cant get mind around fact david cronenberg appeared mere actor clive barker film additional information subject actually exist finally year since film released hoped wouldve sequel anyone know plan making never came fruition fact plan even sequel,neutral
watching season two thing come mind one wondering kind girl want model two run nearest ice cream store low fat sundaei tried fan liked idea reality show competition famous model thought admirable tyra bank series go ive come conclusion sorry lot folk trying make mountain molehill woman shouldnt watch teen stay clear unless theyre book report subjectmany woman try slot compete america next top model live together cat fight together cry together get put pointless modeling shoot pointless modeling people fashionatas get eliminated almost claim see heck im trying see happened one win actuallythis dream girl good watching hope girl see run like hades way like collegei happened watch recent season ploy full figured model joining group even made think sorry lot folk full figured model average sized lady competing think thinnest group model ever chose course would make look even fatter ploy fashionatas use time bad bad tyra crewbut fair america next top model full figured model projecting imagined image beauty mass marketed sold ultimate beauty show looking next fresh piece meat add mix hence name show hence sorry lot judge photographer association hence tyra consistent plug every camera angle get one thing like show exmodel giving others wouldnt chance chance enter door thateverything else status quo industry surprise week week interest program,biased
star phillip seymour hoffman nothing else one else movie deserves even wee smidgen star well ok amy adam deserves wee smidgen smidgenometer doesnt seem working ill stick tom hanksnothing julia robertsnothing mike nicholsdo see trend yet aaron sorkinomg chance could rant several paragraph way charlie wilson war gloss history morality legitimacy dont think rant could outweigh gushing aaron sorkin fan rest bewarespend movie money elsewherestill youre looking pithy comment here mine put hot fudge sauce pile garbage change nothing garbage garbage charlie wilson war,neutral
female hot number show breathtaking also talk like there tomorrow otherwise show would go toilet quickly much money make people text hope called back win oo whatever boy thats scam buy stock money maker let face technology thousand people could calling every minute ten thousand channel nothing worth crap thousand people watch show oh know answer probably super common line among listener super hotties constantly saying lounge need caller think bunch b frequently someone get sound amazed theyre actually talking host many sound depressed worn probably waiting long trying many time get score pocket change wow producer must raking wonder commercial commercial give time primarily loser text wait hope dream fantasize winning enough money tank gas dinner mcsomething watch brother tv like watch he computer ill sit minute look mel one tastiest looking woman tv laugh scam thats front leave even dont people active life take show extreme moderation mel get movie tv sitcom something many u infatuated even super cuties im amazed show still,biased
even lesser hitch simply bad movie cinematic equivalent dirtyoldman ugly every way unimaginative script static point view putrid clothing ghastly hair unlikable actor one truly gratuitous rapeandstrangulation scene director perverse sense humor present applied consistently movie come alive cruelty woman fare especially badly frenzy could used proof director misogynist though better explanation perhaps beginning tv series psycho described exercise thrift experiment see television crew could shoot passable feature alfred hitchcock pretty much abandoned art settled commerce frenzy great master seems bowing convention trying go time give audience think want form unappealing nudity nudgenudge wink general nastiness dont begrudge old man rest dont want remember tired lazy pandering time watch vertigo,neutral
yet another pseudointellectual let make nazi look real bad movie nazi pretty bad doubt already know however necessarily make every movie theme good discovery channel presentation wannsee conference would much interesting conspiracy fall as two category documentary drama doesnt cut documentary movie staged presentation common doesnt cut drama character shallow conflict easily solvedanother thing tagline one greatest crime humanity perpetrated hour movie show wannsee conference meeting nothing reaching consensus final solution decision solution already taken s sole purpose meeting make significant stakeholder commit already established plan decision plan made wannsee conference threat coercion needed less othersfinally one thing movie show although exceptional manner man tendency turn culture aesthetic attempt hide fact committing appalling atrocity seen powermongering leader politician,biased
let value itentertainment trashy script typed unintelligent people front typewriter thousand time pathetic acting thwarted storyok production value including good setlocation gorgeous girl rating social message movie social message thought free pretend iq feel message isdont afraid love rating objectionable thing nothing special mild jewish hedonic arrogant attitude presented writerdirector generally speaking good nothing degenerate overall rating,neutral
cinema fan white noise utter disappointment filmmaker cinematography pretty good nicely lit good camera work reasonable direction film seamed predictable called horror movie market recently flooded although little bit chill factor whole concept evo electronic voice phenomenon didnot seem believable movie explain reasoning certain occurrence went ahead acting far mind blowing main character portrayed emotion like many recent thrillerhorror moviesdefinitely movie buying dvd would recommend anyone rush see,biased
maybe best part show fact creep right conan obrien late night fan sudden unsuspectingly watching carson show carson daly cant hold candle leno letterman obrien late night talk show host last call seems miss hit hit miss genre show redeeming quality short wouldnt call crap carson daly sincere doesnt hide fact show isnt greatthat honesty actually helpful last call skit material seem stolen still find mark sometimes actually carson montage quite entertaining skit occasionally moment decent comedyas interviewer carson okay even one guest exactly late night material still level attained high school av team however doesnt quick wit make conan hilarious like musical guest thats fan kind music im holding himon house band dont know joe firstmans band wouldnt compare cbs orchestra tonite show band kevin eubanks max weinberg even cleeto cleetones better firstmans band mate still show opinion especially alto sax player sometimes show long dark hair sunglass always playing upper register anything watch show doin summary show isnt even worth full bag kibble n bit audience appeal younger mtv generation dont cable really isnt much choose surprise surprise worse time frame youre waiting poker dark come minute last call wont kill wait,biased
movie quite fair adaptation prosper merimeés novel novel merimeé character josé navarra north spain historically basque country zone speak basque language seville andalusia south spain speak spanish andalusian accent way speak basque carmen explains josé living navarra believe anyway book version cant critical movie book note different novel merimeé opera bizet movie adaptation novel anyway opera josé still spanish navarra never he french many people keep thinking josé french dont know guess novel opera french although supposed spanishthe important difference movie novel movie josé also kill torero lover carmen novel doesnt neither opera guess wanted keep movie little gore think movie quite good anyway,biased
finished watching tv say worst film ever seen im embarrassed melbourne film made diabolical acting amateurish makeup effect really bad soundtrack plot well thats even stupid scene left stunned bad there reason put type film late night tv theyre utter rubbish avoid cost,neutral
like many tv show certain actoractresses thrust limelight case miranda cosgrove built reputation previous moviesseries especially nickelodeon dan schneider star show get sing soundtrack write thus get even fame wonderful creates much imbalance popularity v costars especially nathan kress continually thrust minor roll episode except idont want fight cosgroves music would never met chart without show singing main theme song written cover stay baby let forget lip syncsings song live create vocalist nowadaysback show cosgrove reveals physically acting scene bikini hawaiian hula type bra mentioned bra many time bra seen many case though actress wedgie mentioned panty mentioned og let u forget oh god come phrase scriptwritersactors christian granted show meant kid im surprised multitude mention female undergarment especially first episode phrase pointy boob mentioned im sure whether kid would thus refrain saying homein school afterwards im mentioning showing female undergarment girl wear show nickelodeon people charge realised kid would get exposure stuff doubt nickelodeon show content themas mentioned review laughter track extremely annoying unnecessary many partsfor example character sam cry earth time laugh distracts people getting joke used almost every sentenceas mentioned cosgrove made star show thus gain utmost fame support die hard fan even scolded hotel staff told keep noise level see httpwwwyoutubecomwatchvkkgtfuku jennette mccurdy second star show face competition cosgrove music industry compare popularity new single v cosgroves cover noted third costar nathan kress least noted lot portrayed atypical boy suffers brunt bullying girl boy somehow wizard technology height early episode make cute actor unusual given character crush carlycosgrove beyond kress isnt breaking music industry cosgroves fame grows episode kress fall behind would bet least paid three actorsthe content show course fictional also let one wonder fit comedy series certain time thus laughter track usedit also contains several continuity error father air force colonel submarine u special force branch air force doesnt use u submarinesthat seal unique feature allowing viewer submit video shown episode video somehow meet theme comedyonce show riddled mention female undergarment exposure skin used laughter track series thrust teen actress far crowd songsactions excessive supported fan leaving co star behind,biased
bare chested woman world couldnt keep hitting stop button third way awful rubbish derisory acting equally terrible script plus poor cgi fx match movie insult werewolf genre supposed serious would funny film could even make level bad jokethis one movie people behind camera obviously competent lazy make something even one quarter decent avoid cost watch one classic werewolf movie instead,biased
prime example low budget winning would good story line let bring back samaire armstrong seen work oc know better find better script budgetthe special effect bad mostly badly computer generated almost lost first time wolf seen onscreen samaire armstrong alertchanging werewolf done reducing first bad gcif figure even begin changefinal fantasy human well pixars made laughable think figure nude barbie dollthe story interesting though idea bloodline werewolf nothing new also got balance evil maybe evil possible end humankind two line mate subplot book werewolf linage effected character spelllike manner effective could expanded explaining happened past bring better script direction id come back,neutral
kubrick put display stunning ability craft perfect ambiance film mainly cinematography also using ingenious score creates chilling ominous tone resides entire film thoroughly get spine tingling start really flawless ambiance make shining masterpiece eye course doesnt hurt jack nicholson give one greatest performance ive ever seen frighteningly authentic portrayal mind gone mad duvall lloyd artificial nice easy look past two rest film brilliant plus feature actor greatest name time scatman crothers,biased
take get adjusted sound son pioneer thoroughly enjoy soundtrack would played orchestra like max steiner dmitri tiomkin would lose folkloric character music conduct film everything seems follow rhythm whole cast excellent ben johnson harry carey jr young men guiding caravan ward bond mormon leader joanne dru flirting actress ford able make would ordinary western something totally different original showing u music dance people,neutral
slightly uneven entry one standout sequence involving overthehill gang reminiscing diner thirty year previously hideout one hohum duologue two ageing rock musos noirish kidnap turned head opening sequence plus epilogue involving heist artist wannabe edward baer current hot property anna magloulis moment movie jean rochefort appears dismissed lightly shine one overthehill quintet indeed film worth seeing rochefort alone sequence something offer definitely worth look,biased
unusual movie start classic premise hooligan marries girl love order escape country twist soon turn tale upside film hit right button story develops smoothly acting solid sienna miller drawl priceless really act chemistry lead work rolling american rural scape quirky side character really make good time mood start light romantic soon move something darker downright eery timesat time though pace slows tad would like dont let stop watching unusual little cinematic treat alexandre montin paris,neutral
may need know order decide whether want see thisthe movie bad really really bad sometimes seems aware make fun bad aligns cliche cliche even manages grow worse go along moment bad enough hilariously funnyif laugh really poor quality script writing production value might enjoy otherwise prepare serious brain damage,biased
film dancing normal people found dancing unlike dancing film hollywood character film handsome hot young people someone may see everyday office depressed life finally find dream dancing touch deeply,biased
movie everything boring deal reality people think movie boring open eye real problem society child dying consequence alcohol drug abuse ignored work correctional facility chemical dependency counselorand deal problem every day people age walk life effected consequence alcohol drug abuse destroys family hurt people lead serious brain damageall kind health problem death preventable movie shown every highschool world anyone owns movie want sell sell copy please email ottenbreitnetzeronet thank,biased
jerome crabbe lead role movie saw movie time still tired movie similar flesh blood way gerald soetman great writer wrote paul verhoevens dutch film paul verhoeven one greatest director seen movie except showgirl mom like much disagree think film ride watch especially total recall basic instinct jerry goldsmith movie include total recall basic instinct hollow man wish jerry goldsmith never died dutch film different still enjoyable,neutral
never understood macdonaldeddy swan song always panned mercilesslynot detractor virtually everyone married angel lively imaginative duo celebrated outing set costume lavish found mgm musical script reliable anita loo san francisco woman gentleman prefer blonde etc rodgers hart tune albeit altered bit macdonaldeddy regular bob wright chet forrest given celestial treatment herbert stothart oscarwinner scoring wizard oz best singing sweetheart look great contemporary clothes seem fun bizarre proceeding try show rose marie sweetheart uninitiated today may well hard time sitting still offbeat fastpaced fantasy bound entertain,biased
burlinson thornton give outstanding performance movie along dennehy although first thought love really go deeper beauty nature capture movie placing among one best ever seen horse scene absolutely fantastic horselovers love movie,biased
